chassis,variant,mul_id,mul_bv,calc_bv,tonnage,tech,file
Archer,ARC-2K,73,1356,1356,70,IS,3039u\Archer ARC-2K.mtf
Archer,ARC-2R,74,1477,1477,70,IS,3039u\Archer ARC-2R.mtf
Archer,ARC-2S,76,1393,1393,70,IS,3039u\Archer ARC-2S.mtf
Archer,ARC-2W,77,1338,1338,70,IS,3039u\Archer ARC-2W.mtf
Assassin,ASN-101,126,757,757,40,IS,3039u\Assassin ASN-101.mtf
Assassin,ASN-21,127,749,749,40,IS,3039u\Assassin ASN-21.mtf
Atlas,AS7-D-DC,142,1858,1858,100,IS,3039u\Atlas AS7-D-DC.mtf
Atlas,AS7-D,140,1897,1897,100,IS,3039u\Atlas AS7-D.mtf
Atlas,AS7-RS,147,1849,1849,100,IS,3039u\Atlas AS7-RS.mtf
Awesome,AWS-8Q,174,1605,1605,80,IS,3039u\Awesome AWS-8Q.mtf
Awesome,AWS-8R,175,1470,1470,80,IS,3039u\Awesome AWS-8R.mtf
Awesome,AWS-8T,176,1593,1593,80,IS,3039u\Awesome AWS-8T.mtf
Awesome,AWS-8V,177,1510,1510,80,IS,3039u\Awesome AWS-8V.mtf
Banshee,BNC-3E,240,1422,1422,95,IS,3039u\Banshee BNC-3E.mtf
Banshee,BNC-3M,241,1595,1595,95,IS,3039u\Banshee BNC-3M.mtf
Banshee,BNC-3MC,242,1487,1487,95,IS,3039u\Banshee BNC-3MC.mtf
Banshee,BNC-3Q,244,1394,1394,95,IS,3039u\Banshee BNC-3Q.mtf
Banshee,BNC-3S (Reinesblatt),246,1678,1649,95,IS,3039u\Banshee BNC-3S Reinesblatt.mtf
Banshee,BNC-3S,245,1751,1751,95,IS,3039u\Banshee BNC-3S.mtf
BattleMaster,BLR-1D,282,1522,1522,85,IS,3039u\BattleMaster BLR-1D.mtf
BattleMaster,BLR-1G-DC,288,1494,1494,85,IS,3039u\BattleMaster BLR-1G-DC.mtf
BattleMaster,BLR-1G,283,1519,1519,85,IS,3039u\BattleMaster BLR-1G.mtf
BattleMaster,BLR-1S,289,1507,1507,85,IS,3039u\BattleMaster BLR-1S.mtf
Black Knight,BL-7-KNT-L,361,1409,1409,75,IS,3039u\Black Knight BL-7-KNT-L.mtf
Black Knight,BL-7-KNT,360,1443,1443,75,IS,3039u\Black Knight BL-7-KNT.mtf
Blackjack,BJ-1,373,949,949,45,IS,3039u\Blackjack BJ-1.mtf
Blackjack,BJ-1DB,374,1015,1015,45,IS,3039u\Blackjack BJ-1DB.mtf
Blackjack,BJ-1DC,375,917,917,45,IS,3039u\Blackjack BJ-1DC.mtf
Blackjack,BJ-1X,376,964,964,45,IS,3039u\Blackjack BJ-1X.mtf
Bombardier,BMB-10D,422,1340,1340,65,IS,3039u\Bombardier BMB-10D.mtf
Cataphract,CTF-1X,466,1316,1316,70,IS,3039u\Cataphract CTF-1X.mtf
Cataphract,CTF-2X,467,1344,1344,70,IS,3039u\Cataphract CTF-2X.mtf
Catapult,CPLT-A1,477,1285,1285,65,IS,3039u\Catapult CPLT-A1.mtf
Catapult,CPLT-C1 (Jenny) 'Butterbee',479,1242,1242,65,IS,3039u\Catapult CPLT-C1 Jenny.mtf
Catapult,CPLT-C1,478,1399,1399,65,IS,3039u\Catapult CPLT-C1.mtf
Catapult,CPLT-C1b,480,1570,1534,65,IS,3039u\Catapult CPLT-C1b.mtf
Catapult,CPLT-C4,482,1358,1358,65,IS,3039u\Catapult CPLT-C4.mtf
Catapult,CPLT-K2,487,1319,1319,65,IS,3039u\Catapult CPLT-K2.mtf
Centurion,CN9-A,516,945,945,50,IS,3039u\Centurion CN9-A.mtf
Centurion,CN9-AH,517,945,945,50,IS,3039u\Centurion CN9-AH.mtf
Centurion,CN9-AL,518,1057,1057,50,IS,3039u\Centurion CN9-AL.mtf
Centurion,CN9-YLW 'Yen Lo Wang',525,957,940,50,IS,3039u\Centurion CN9-YLW Yen Lo Wang.mtf
Champion,CHP-1N2,549,1233,1233,60,IS,3039u\Champion CHP-1N2.mtf
Champion,CHP-2N,551,1116,1116,60,IS,3039u\Champion CHP-2N.mtf
Charger,CGR-1A1,559,981,981,80,IS,3039u\Charger CGR-1A1.mtf
Charger,CGR-1A5,560,1468,1468,80,IS,3039u\Charger CGR-1A5.mtf
Charger,CGR-1A9,561,1397,1397,80,IS,3039u\Charger CGR-1A9.mtf
Charger,CGR-1L,562,980,980,80,IS,3039u\Charger CGR-1L.mtf
Charger,CGR-SB 'Challenger',570,1604,1604,80,IS,3039u\Charger CGR-SB.mtf
Cicada,CDA-2A,591,659,659,40,IS,3039u\Cicada CDA-2A.mtf
Cicada,CDA-2B,592,626,626,40,IS,3039u\Cicada CDA-2B.mtf
Cicada,CDA-3C,593,771,771,40,IS,3039u\Cicada CDA-3C.mtf
Clint,CLNT-1-2R,643,707,707,40,IS,3039u\Clint CLNT-1-2R.mtf
Clint,CLNT-2-3T (Denton),645,873,873,40,IS,3039u\Clint CLNT-2-3T Denton.mtf
Clint,CLNT-2-3T,644,770,770,40,IS,3039u\Clint CLNT-2-3T.mtf
Clint,CLNT-2-4T,648,619,619,40,IS,3039u\Clint CLNT-2-4T.mtf
Commando,COM-1D,669,558,558,25,IS,3039u\Commando COM-1D.mtf
Commando,COM-2D,670,541,541,25,IS,3039u\Commando COM-2D.mtf
Commando,COM-3A,672,540,540,25,IS,3039u\Commando COM-3A.mtf
Crab,CRB-20,715,1143,1143,50,IS,3039u\Crab CRB-20.mtf
Crockett,CRK-5003-0,724,1704,1704,85,IS,3039u\Crockett CRK-5003-0.mtf
Crusader,CRD-3D,749,1338,1338,65,IS,3039u\Crusader CRD-3D.mtf
Crusader,CRD-3K,750,1290,1290,65,IS,3039u\Crusader CRD-3K.mtf
Crusader,CRD-3L,751,1297,1297,65,IS,3039u\Crusader CRD-3L.mtf
Crusader,CRD-3R,752,1317,1317,65,IS,3039u\Crusader CRD-3R.mtf
Cyclops,CP-10-HQ,770,1113,1113,90,IS,3039u\Cyclops CP-10-HQ.mtf
Cyclops,CP-10-Q,771,1584,1584,90,IS,3039u\Cyclops CP-10-Q.mtf
Cyclops,CP-10-Z,772,1317,1317,90,IS,3039u\Cyclops CP-10-Z.mtf
Daboku,DCMS-MX90-D,788,1290,1254,90,IS,3039u\Daboku DCMS-MX90-D.mtf
Dervish,DV-6M,878,1146,1146,55,IS,3039u\Dervish DV-6M.mtf
Dragon,DRG-1C,908,1215,1215,60,IS,3039u\Dragon DRG-1C.mtf
Dragon,DRG-1N,909,1125,1125,60,IS,3039u\Dragon DRG-1N.mtf
Enforcer,ENF-4R,976,1032,1032,50,IS,3039u\Enforcer ENF-4R.mtf
Falcon,FLC-4N,1022,610,600,30,IS,3039u\Falcon FLC-4N.mtf
Firestarter,FS9-A,1093,773,773,35,IS,3039u\Firestarter FS9-A.mtf
Firestarter,FS9-H,1096,694,694,35,IS,3039u\Firestarter FS9-H.mtf
Firestarter,FS9-K,1097,763,763,35,IS,3039u\Firestarter FS9-K.mtf
Firestarter,FS9-M 'Mirage',1098,798,798,35,IS,3039u\Firestarter FS9-M Mirage.mtf
Flashman,FLS-7K,1123,1480,1480,75,IS,3039u\Flashman FLS-7K.mtf
Flea,FLE-15,1136,430,421,20,IS,3039u\Flea FLE-15.mtf
Flea,FLE-4,1140,432,427,20,IS,3039u\Flea FLE-4.mtf
Goliath,GOL-1H,1229,1449,1435,80,IS,3039u\Goliath GOL-1H.mtf
Grand Dragon,DRG-1G,1256,1300,1300,60,IS,3039u\Grand Dragon DRG-1G.mtf
Grasshopper,GHR-5H,1267,1427,1427,70,IS,3039u\Grasshopper GHR-5H.mtf
Griffin,GRF-1E 'Sparky',1295,1449,1449,55,IS,3039u\Griffin GRF-1E Sparky.mtf
Griffin,GRF-1N,1297,1272,1272,55,IS,3039u\Griffin GRF-1N.mtf
Griffin,GRF-1S,1298,1253,1253,55,IS,3039u\Griffin GRF-1S.mtf
Guillotine,GLT-4L,1339,1400,1400,70,IS,3039u\Guillotine GLT-4L.mtf
Guillotine,GLT-4P,1340,1376,1376,70,IS,3039u\Guillotine GLT-4P.mtf
Hatamoto-Chi,HTM-26T,1397,1536,1536,80,IS,3039u\Hatamoto-Chi HTM-26T.mtf
Hatchetman,HCT-3F,1410,854,835,45,IS,3039u\Hatchetman HCT-3F.mtf
Hermes,HER-1A,1485,601,601,30,IS,3039u\Hermes HER-1A.mtf
Hermes,HER-1B,1486,687,687,30,IS,3039u\Hermes HER-1B.mtf
Hermes II,HER-2M 'Mercury',1496,910,911,40,IS,3039u\Hermes II HER-2M Mercury.mtf
Hermes II,HER-2S,1497,784,784,40,IS,3039u\Hermes II HER-2S.mtf
Hermes II,HER-4K 'Hermes III',1498,976,976,40,IS,3039u\Hermes II HER-4K Hermes III.mtf
Highlander,HGN-733,1517,1801,1801,90,IS,3039u\Highlander HGN-733.mtf
Highlander,HGN-733C,1518,1857,1857,90,IS,3039u\Highlander HGN-733C.mtf
Highlander,HGN-733P,1519,1865,1865,90,IS,3039u\Highlander HGN-733P.mtf
Hornet,HNT-151,1545,488,488,20,IS,3039u\Hornet HNT-151.mtf
Hornet,HNT-152,1546,475,475,20,IS,3039u\Hornet HNT-152.mtf
Hunchback,HBK-4G,1552,1041,1041,50,IS,3039u\Hunchback HBK-4G.mtf
Hunchback,HBK-4H,1555,1067,1067,50,IS,3039u\Hunchback HBK-4H.mtf
Hunchback,HBK-4J,1556,1143,1143,50,IS,3039u\Hunchback HBK-4J.mtf
Hunchback,HBK-4N,1557,1087,1087,50,IS,3039u\Hunchback HBK-4N.mtf
Hunchback,HBK-4P,1558,1138,1138,50,IS,3039u\Hunchback HBK-4P.mtf
Hunchback,HBK-4SP,1559,1043,1043,50,IS,3039u\Hunchback HBK-4SP.mtf
Hussar,HSR-300-D,1587,543,543,30,IS,3039u\Hussar HSR-300-D.mtf
Hussar,HSR-350-D,1588,731,731,30,IS,3039u\Hussar HSR-350-D.mtf
JagerMech,JM6-A,1665,1122,1122,65,IS,3039u\JagerMech JM6-A.mtf
JagerMech,JM6-S,1670,901,901,65,IS,3039u\JagerMech JM6-S.mtf
Javelin,JVN-10F 'Fire Javelin',1674,835,835,30,IS,3039u\Javelin JVN-10F Fire Javelin.mtf
Javelin,JVN-10N,1675,594,594,30,IS,3039u\Javelin JVN-10N.mtf
Jenner,JR7-A,1687,712,712,35,IS,3039u\Jenner JR7-A.mtf
Jenner,JR7-D,1692,875,875,35,IS,3039u\Jenner JR7-D.mtf
Jenner,JR7-F,1693,1011,1011,35,IS,3039u\Jenner JR7-F.mtf
King Crab,KGC-0000,1771,1810,1920,100,IS,3039u\King Crab KGC-0000.mtf
King Crab,KGC-010,1778,2181,2109,100,IS,3039u\King Crab KGC-010.mtf
Kintaro,KTO-18,1790,1187,1187,55,IS,3039u\Kintaro KTO-18.mtf
Lancelot,LNC25-01X,1854,1659,1659,60,IS,3039u\Lancelot LNC25-01X.mtf
Lancelot,LNC25-02,1855,1236,1236,60,IS,3039u\Lancelot LNC25-02.mtf
Locust,LCT-1E,1897,553,553,20,IS,3039u\Locust LCT-1E.mtf
Locust,LCT-1L,1898,474,451,20,IS,3039u\Locust LCT-1L.mtf
Locust,LCT-1M,1899,424,424,20,IS,3039u\Locust LCT-1M.mtf
Locust,LCT-1S,1900,440,440,20,IS,3039u\Locust LCT-1S.mtf
Locust,LCT-1V,1901,432,432,20,IS,3039u\Locust LCT-1V.mtf
Locust,LCT-3V,1907,490,491,20,IS,3039u\Locust LCT-3V.mtf
Longbow,LGB-0W,1930,1337,1337,85,IS,3039u\Longbow LGB-0W.mtf
Marauder II,MAD-4A,2055,2073,2073,100,IS,3039u\Marauder II MAD-4A.mtf
Marauder,MAD-3D,2035,1470,1470,75,IS,3039u\Marauder MAD-3D.mtf
Marauder,MAD-3L,2036,1369,1369,75,IS,3039u\Marauder MAD-3L.mtf
Marauder,MAD-3M,2037,1335,1335,75,IS,3039u\Marauder MAD-3M.mtf
Marauder,MAD-3R,2038,1363,1363,75,IS,3039u\Marauder MAD-3R.mtf
Mercury,MCY-98,4624,553,553,20,IS,3039u\Mercury MCY-98.mtf
Mongoose,MON-67,2210,741,741,25,IS,3039u\Mongoose MON-67.mtf
Mongoose,MON-68,4655,676,676,25,IS,3039u\Mongoose MON-68.mtf
Orion,ON1-K,2332,1429,1429,75,IS,3039u\Orion ON1-K.mtf
Orion,ON1-V-DC,2337,1310,1310,75,IS,3039u\Orion ON1-V-DC.mtf
Orion,ON1-V,2335,1298,1298,75,IS,3039u\Orion ON1-V.mtf
Orion,ON1-VA,2336,1328,1328,75,IS,3039u\Orion ON1-VA.mtf
Ostroc,OSR-2C,2348,1228,1228,60,IS,3039u\Ostroc OSR-2C.mtf
Ostroc,OSR-2L,2352,1233,1233,60,IS,3039u\Ostroc OSR-2L.mtf
Ostroc,OSR-2M,2353,1239,1239,60,IS,3039u\Ostroc OSR-2M.mtf
Ostroc,OSR-3C,2354,1288,1288,60,IS,3039u\Ostroc OSR-3C.mtf
Ostscout,OTT-7J,2366,596,596,35,IS,3039u\Ostscout OTT-7J.mtf
Ostsol,OTL-4D,2371,1277,1277,60,IS,3039u\Ostsol OTL-4D.mtf
Ostsol,OTL-4F,2372,1264,1264,60,IS,3039u\Ostsol OTL-4F.mtf
Panther,PNT-8Z,2424,741,741,35,IS,3039u\Panther PNT-8Z.mtf
Panther,PNT-9R,2425,769,769,35,IS,3039u\Panther PNT-9R.mtf
Phoenix Hawk,PXH-1,2491,1041,1041,45,IS,3039u\Phoenix Hawk PXH-1.mtf
Phoenix Hawk,PXH-1D,2494,1083,1083,45,IS,3039u\Phoenix Hawk PXH-1D.mtf
Phoenix Hawk,PXH-1K,2495,1073,1073,45,IS,3039u\Phoenix Hawk PXH-1K.mtf
Quickdraw,QKD-4G,2610,1192,1192,60,IS,3039u\Quickdraw QKD-4G.mtf
Quickdraw,QKD-4H,2611,1242,1242,60,IS,3039u\Quickdraw QKD-4H.mtf
Quickdraw,QKD-5A,2612,1196,1196,60,IS,3039u\Quickdraw QKD-5A.mtf
Raven,RVN-1X,2662,639,589,35,IS,3039u\Raven RVN-1X.mtf
Raven,RVN-2X,2663,887,887,35,IS,3039u\Raven RVN-2X.mtf
Raven,RVN-3X,2665,691,613,35,IS,3039u\Raven RVN-3X.mtf
Raven,RVN-4X,2669,820,820,35,IS,3039u\Raven RVN-4X.mtf
Rifleman,RFL-3C,2695,1066,1066,60,IS,3039u\Rifleman RFL-3C.mtf
Rifleman,RFL-3N,2697,1039,1039,60,IS,3039u\Rifleman RFL-3N.mtf
Rifleman,RFL-4D,2698,1173,1173,60,IS,3039u\Rifleman RFL-4D.mtf
Scorpion,SCP-1N (Wendall),2838,1043,1028,55,IS,3039u\Scorpion SCP-1N (Wednall).mtf
Scorpion,SCP-1N,2837,1019,1003,55,IS,3039u\Scorpion SCP-1N.mtf
Sentinel,STN-1S,2856,632,632,40,IS,3039u\Sentinel STN-1S.mtf
Sentinel,STN-3K,2857,652,652,40,IS,3039u\Sentinel STN-3K.mtf
Sentinel,STN-3KA,2858,847,847,40,IS,3039u\Sentinel STN-3KA.mtf
Sentinel,STN-3KB,2859,823,823,40,IS,3039u\Sentinel STN-3KB.mtf
Shadow Hawk,SHD-2D,2899,899,899,55,IS,3039u\Shadow Hawk SHD-2D.mtf
Shadow Hawk,SHD-2H,2901,1064,1064,55,IS,3039u\Shadow Hawk SHD-2H.mtf
Shadow Hawk,SHD-2K,2903,1147,1147,55,IS,3039u\Shadow Hawk SHD-2K.mtf
Spider,SDR-5D,3008,524,524,30,IS,3039u\Spider SDR-5D.mtf
Spider,SDR-5K,3009,503,503,30,IS,3039u\Spider SDR-5K.mtf
Spider,SDR-5V,3010,622,622,30,IS,3039u\Spider SDR-5V.mtf
Stalker,STK-3F,3035,1559,1559,85,IS,3039u\Stalker STK-3F.mtf
Stalker,STK-3H,3038,1624,1624,85,IS,3039u\Stalker STK-3H.mtf
Stalker,STK-4N,3039,1558,1558,85,IS,3039u\Stalker STK-4N.mtf
Stalker,STK-4P,5120,1461,1461,75,IS,3039u\Stalker STK-4P.mtf
Stinger,STG-3G,3058,497,497,20,IS,3039u\Stinger STG-3G.mtf
Stinger,STG-3R,3061,359,359,20,IS,3039u\Stinger STG-3R.mtf
Thorn,THE-F,3190,510,510,20,IS,3039u\Thorn THE-F.mtf
Thorn,THE-S,3195,510,510,20,IS,3039u\Thorn THE-S.mtf
Thorn,THE-T,3196,500,500,20,IS,3039u\Thorn THE-T.mtf
Thug,THG-10E,3204,1501,1501,80,IS,3039u\Thug THG-10E.mtf
Thunderbolt,TDR-5S,3238,1335,1335,65,IS,3039u\Thunderbolt TDR-5S.mtf
Thunderbolt,TDR-5SE,3240,1414,1414,65,IS,3039u\Thunderbolt TDR-5SE.mtf
Thunderbolt,TDR-5SS,3241,1337,1337,65,IS,3039u\Thunderbolt TDR-5SS.mtf
Trebuchet,TBT-5J,3296,1191,1191,50,IS,3039u\Trebuchet TBT-5J.mtf
Trebuchet,TBT-5N,3297,1191,1191,50,IS,3039u\Trebuchet TBT-5N.mtf
Trebuchet,TBT-5S,3298,984,984,50,IS,3039u\Trebuchet TBT-5S.mtf
Trebuchet,TBT-7K,3299,996,996,50,IS,3039u\Trebuchet TBT-7K.mtf
UrbanMech,UM-R60,3354,504,504,30,IS,3039u\UrbanMech UM-R60.mtf
UrbanMech,UM-R60L,3355,470,470,30,IS,3039u\UrbanMech UM-R60L.mtf
Valkyrie,VLK-QA,3372,723,723,30,IS,3039u\Valkyrie VLK-QA.mtf
Valkyrie,VLK-QF,3378,653,653,30,IS,3039u\Valkyrie VLK-QF.mtf
Victor,VTR-9A,3407,1236,1236,80,IS,3039u\Victor VTR-9A.mtf
Victor,VTR-9A1,3408,1302,1303,80,IS,3039u\Victor VTR-9A1.mtf
Victor,VTR-9B,3409,1378,1378,80,IS,3039u\Victor VTR-9B.mtf
Victor,VTR-9S,3414,1360,1360,80,IS,3039u\Victor VTR-9S.mtf
Vindicator,VND-1AA 'Avenging Angel',3421,966,966,45,IS,3039u\Vindicator VND-1AA Avenging Angel.mtf
Vindicator,VND-1R (Vong),3423,1024,1024,45,IS,3039u\Vindicator VND-1R Vong.mtf
Vindicator,VND-1R,3422,1024,1024,45,IS,3039u\Vindicator VND-1R.mtf
Vindicator,VND-1SIC,3424,1020,1020,45,IS,3039u\Vindicator VND-1SIC.mtf
Vindicator,VND-1X,3425,1008,1009,45,IS,3039u\Vindicator VND-1X.mtf
Vulcan,VL-2T,3458,642,642,40,IS,3039u\Vulcan VL-2T.mtf
Vulcan,VL-5T,3459,942,942,40,IS,3039u\Vulcan VL-5T.mtf
Warhammer,WHM-6D,3485,1471,1471,70,IS,3039u\Warhammer WHM-6D.mtf
Warhammer,WHM-6K,3486,1305,1305,70,IS,3039u\Warhammer WHM-6K.mtf
Warhammer,WHM-6L,3487,1311,1311,70,IS,3039u\Warhammer WHM-6L.mtf
Warhammer,WHM-6R,3488,1299,1299,70,IS,3039u\Warhammer WHM-6R.mtf
Wasp,WSP-1A,3520,384,384,20,IS,3039u\Wasp WSP-1A.mtf
Wasp,WSP-1D,3521,403,403,20,IS,3039u\Wasp WSP-1D.mtf
Wasp,WSP-1K,3522,376,376,20,IS,3039u\Wasp WSP-1K.mtf
Wasp,WSP-1L,3523,335,335,20,IS,3039u\Wasp WSP-1L.mtf
Wasp,WSP-1W,3525,373,373,20,IS,3039u\Wasp WSP-1W.mtf
Whitworth,WTH-0,3537,863,862,40,IS,3039u\Whitworth WTH-0.mtf
Whitworth,WTH-1,3538,982,982,40,IS,3039u\Whitworth WTH-1.mtf
Whitworth,WTH-1S,3540,917,917,40,IS,3039u\Whitworth WTH-1S.mtf
Wolfhound,WLF-1,3560,949,949,35,IS,3039u\Wolfhound WLF-1.mtf
Wolfhound,WLF-1A,3561,967,967,35,IS,3039u\Wolfhound WLF-1A.mtf
Wolfhound,WLF-1B,3562,967,967,35,IS,3039u\Wolfhound WLF-1B.mtf
Wolverine,WVR-6K,3571,1248,1248,55,IS,3039u\Wolverine WVR-6K.mtf
Wolverine,WVR-6M,3572,1291,1291,55,IS,3039u\Wolverine WVR-6M.mtf
Wolverine,WVR-6R,3573,1101,1101,55,IS,3039u\Wolverine WVR-6R.mtf
Wyvern,WVE-6N,3599,1005,1005,45,IS,3039u\Wyvern WVE-6N.mtf
Zeus,ZEU-5S,3640,1474,1474,80,IS,3039u\Zeus ZEU-5S.mtf
Zeus,ZEU-5T,3641,1729,1729,80,IS,3039u\Zeus ZEU-5T.mtf
Zeus,ZEU-6S,3642,1348,1348,80,IS,3039u\Zeus ZEU-6S.mtf
Zeus,ZEU-6T,3643,1436,1436,80,IS,3039u\Zeus ZEU-6T.mtf
Annihilator,ANH-1A,3700,1434,1434,100,IS,3050U\Annihilator ANH-1A.mtf
Annihilator,ANH-2A,39,1595,1562,100,IS,3050U\Annihilator ANH-2A.mtf
Annihilator,ANH-3A,41,1712,1675,100,IS,3050U\Annihilator ANH-3A.mtf
Annihilator,ANH-4A,42,1726,1727,100,IS,3050U\Annihilator ANH-4A.mtf
Annihilator,C,43,2520,2312,100,Clan,3050U\Annihilator C.mtf
Assassin,ASN-23,128,740,740,40,IS,3050U\Assassin ASN-23.mtf
Assassin,ASN-30,129,925,925,40,IS,3050U\Assassin ASN-30.mtf
Assassin,ASN-99,130,1116,1176,40,IS,3050U\Assassin ASN-99.mtf
Assassin,'Servitor',3737,1019,1001,40,IS,3050U\Assassin Servitor.mtf
Atlas,AS7-C,138,2163,2185,100,IS,3050U\Atlas AS7-C.mtf
Atlas,AS7-CM,139,2036,2058,100,IS,3050U\Atlas AS7-CM.mtf
Atlas,AS7-K,144,2175,2221,100,IS,3050U\Atlas AS7-K.mtf
Atlas,AS7-S,148,1929,1975,100,IS,3050U\Atlas AS7-S.mtf
Atlas,AS7-S2,149,2378,2202,100,IS,3050U\Atlas AS7-S2.mtf
Awesome,AWS-10KM,172,1961,1961,80,IS,3050U\Awesome AWS-10KM.mtf
Awesome,AWS-9M,178,1812,1812,80,IS,3050U\Awesome AWS-9M.mtf
Awesome,AWS-9Ma,5594,1836,1836,80,IS,3050U\Awesome AWS-9Ma.mtf
Awesome,AWS-9Q (Klatt),3770,1805,1805,80,IS,3050U\Awesome AWS-9Q (Klatt).mtf
Awesome,AWS-9Q,179,1875,1875,80,IS,3050U\Awesome AWS-9Q.mtf
Axman,AXM-1N,184,1374,1365,65,IS,3050U\Axman AXM-1N.mtf
Axman,AXM-2N,185,1458,1449,65,IS,3050U\Axman AXM-2N.mtf
Axman,AXM-4D,188,1222,1221,65,IS,3050U\Axman AXM-4D.mtf
Banshee,BNC-5S (Sawyer),3786,2094,2103,95,IS,3050U\Banshee BNC-5S (Sawyer).mtf
Banshee,BNC-5S (Vandergriff),3787,1853,1853,95,IS,3050U\Banshee BNC-5S (Vandergriff).mtf
Banshee,BNC-5S,247,2065,2099,95,IS,3050U\Banshee BNC-5S.mtf
Banshee,BNC-6S,248,1889,1643,95,IS,3050U\Banshee BNC-6S.mtf
Banshee,BNC-7S,249,2126,2117,95,IS,3050U\Banshee BNC-7S.mtf
Banshee,BNC-8S,250,2408,2047,95,IS,3050U\Banshee BNC-8S.mtf
Black Hawk,A,335,2422,2351,50,Clan,3050U\Black Hawk (Nova) A.mtf
Black Hawk,B,336,1543,1542,50,Clan,3050U\Black Hawk (Nova) B.mtf
Black Hawk,C,337,1515,1515,50,Clan,3050U\Black Hawk (Nova) C.mtf
Black Hawk,D,338,1450,1313,50,Clan,3050U\Black Hawk (Nova) D.mtf
Black Hawk,E,339,2078,2078,50,Clan,3050U\Black Hawk (Nova) E.mtf
Black Hawk,F,340,1976,1976,50,Clan,3050U\Black Hawk (Nova) F.mtf
Black Hawk,H,341,1832,1832,50,Clan,3050U\Black Hawk (Nova) H.mtf
Black Hawk,Prime,342,2663,2663,50,Clan,3050U\Black Hawk (Nova) Prime.mtf
Black Hawk,S,343,2056,2026,50,Clan,3050U\Black Hawk (Nova) S.mtf
Black Knight,BL-12-KNT,356,1840,1840,75,IS,3050U\Black Knight BL-12-KNT.mtf
Black Knight,BL-6-KNT,358,1551,1551,75,IS,3050U\Black Knight BL-6-KNT.mtf
Black Knight,BL-6-RR,3826,1954,1954,75,Mixed,3050U\Black Knight BL-6-RR.mtf
Black Knight,BL-6b-KNT,357,1627,1627,75,IS,3050U\Black Knight BL6b-KNT.mtf
Blackjack,BJ-2,377,1148,1148,45,IS,3050U\Blackjack BJ-2.mtf
Blackjack,BJ-3,388,1271,1271,45,IS,3050U\Blackjack BJ-3.mtf
Blackjack,BJ-4,389,1063,1033,45,IS,3050U\Blackjack BJ-4.mtf
Bombardier,BMB-05A,421,1440,1766,65,IS,3050U\Bombardier BMB-05A.mtf
Bombardier,BMB-12D,423,1480,1505,65,IS,3050U\Bombardier BMB-12D.mtf
Bombardier,BMB-14C,424,1549,1539,65,IS,3050U\Bombardier BMB-14C.mtf
Bombardier,BMB-14K,425,1249,1267,65,IS,3050U\Bombardier BMB-14K.mtf
Caesar,CES-3R 'Archangel',3883,2098,2105,70,Mixed,3050U\Caesar CES-3R Archangel.mtf
Caesar,CES-3R (Gertrude),3884,1833,1842,70,IS,3050U\Caesar CES-3R Gertrude.mtf
Caesar,CES-3R,455,1578,1586,70,IS,3050U\Caesar CES-3R.mtf
Caesar,CES-3S,456,1909,1909,70,IS,3050U\Caesar CES-3S.mtf
Caesar,CES-4R,457,2024,2033,70,IS,3050U\Caesar CES-4R.mtf
Caesar,CES-4S,458,1739,1608,70,IS,3050U\Caesar CES-4S.mtf
Cataphract,CTF-3D,469,1325,1364,70,IS,3050U\Cataphract CTF-3D.mtf
Cataphract,CTF-3L,470,1545,1594,70,IS,3050U\Cataphract CTF-3L.mtf
Cataphract,CTF-3LL,471,1664,1498,70,IS,3050U\Cataphract CTF-3LL.mtf
Cataphract,CTF-4L,473,2002,2002,70,IS,3050U\Cataphract CTF-4L.mtf
Cataphract,CTF-4X,474,1216,1216,70,IS,3050U\Cataphract CTF-4X.mtf
Cataphract,CTF-5D,475,1742,1573,70,IS,3050U\Cataphract CTF-5D.mtf
Catapult,CPLT-C2,5452,1346,1346,65,IS,3050U\Catapult CPLT-C2.mtf
Catapult,CPLT-C3,481,1368,1594,65,IS,3050U\Catapult CPLT-C3.mtf
Catapult,CPLT-C4C,5453,1449,1449,65,IS,3050U\Catapult CPLT-C4C.mtf
Catapult,CPLT-C5,483,1748,1923,65,IS,3050U\Catapult CPLT-C5.mtf
Catapult,CPLT-C6,485,1874,1661,65,IS,3050U\Catapult CPLT-C6.mtf
Catapult,CPLT-H2,486,1473,1473,65,IS,3050U\Catapult CPLT-H2.mtf
Catapult,CPLT-K2K,5454,1716,1716,65,IS,3050U\Catapult CPLT-K2K.mtf
Catapult,CPLT-K3,3903,1437,1437,65,IS,3050U\Catapult CPLT-K3.mtf
Catapult,CPLT-K4,488,1880,1880,65,IS,3050U\Catapult CPLT-K4.mtf
Catapult,CPLT-K5,489,1457,1471,65,IS,3050U\Catapult CPLT-K5.mtf
Centurion,CN10-B,3921,1243,1207,55,IS,3050U\Centurion CN10-B.mtf
Centurion,CN9-D,520,1130,1134,50,IS,3050U\Centurion CN9-D.mtf
Centurion,CN9-D3,521,1324,1172,50,IS,3050U\Centurion CN9-D3.mtf
Centurion,CN9-D3D,5448,1373,1380,50,IS,3050U\Centurion CN9-D3D.mtf
Centurion,CN9-D4D,5449,1369,1440,50,IS,3050U\Centurion CN9-D4D.mtf
Centurion,CN9-D5,522,1738,1869,50,IS,3050U\Centurion CN9-D5.mtf
Centurion,CN9-D9,523,1638,1559,50,IS,3050U\Centurion CN9-D9.mtf
Centurion,CN9-Da,524,1035,1074,50,IS,3050U\Centurion CN9-Da.mtf
Centurion,CN9-YLW2 'Yen Lo Wang',3923,1415,1206,50,IS,3050U\Centurion CN9-YLW2.mtf
Champion,C,547,2191,2097,60,Clan,3050U\Champion C.mtf
Champion,CHP-1N,548,1233,1233,60,IS,3050U\Champion CHP-1N.mtf
Champion,CHP-3N,552,1400,1400,60,IS,3050U\Champion CHP-3N.mtf
Champion,CHP-3P,553,1503,1465,60,IS,3050U\Champion CHP-3P.mtf
Charger,CGR-2A2,564,1109,1109,80,IS,3050U\Charger CGR-2A2.mtf
Charger,CGR-3K,565,1656,1675,80,IS,3050U\Charger CGR-3K.mtf
Charger,CGR-C,567,1592,1621,80,IS,3050U\Charger CGR-C.mtf
Charger,CGR-KMZ,568,1781,1719,80,IS,3050U\Charger CGR-KMZ.mtf
Charger,CGR-SA5,569,2105,2024,80,IS,3050U\Charger CGR-SA5.mtf
Cicada,CDA-3F,594,1329,1329,40,IS,3050U\Cicada CDA-3F.mtf
Cicada,CDA-3G,595,1270,1270,40,IS,3050U\Cicada CDA-3G.mtf
Cicada,CDA-3M,596,812,796,40,IS,3050U\Cicada CDA-3M.mtf
Cicada,CDA-3MA,597,1158,1158,40,IS,3050U\Cicada CDA-3MA.mtf
Cicada,CDA-3P,598,1502,1502,40,IS,3050U\Cicada CDA-3P.mtf
Clint,CLNT-2-3U,646,1081,1080,40,IS,3050U\Clint CLNT-2-3U.mtf
Clint,CLNT-2-3UL,647,1245,1098,40,IS,3050U\Clint CLNT-2-3UL.mtf
Clint,CLNT-3-3T,649,901,886,40,IS,3050U\Clint CLNT-3-3T.mtf
Clint,CLNT-5U,650,1275,1275,40,IS,3050U\Clint CLNT-5U.mtf
Clint,CLNT-6S,651,1334,1334,40,IS,3050U\Clint CLNT-6S.mtf
Commando,COM-1B,667,616,616,25,IS,3050U\Commando COM-1B.mtf
Commando,COM-1C,668,458,458,25,IS,3050U\Commando COM-1C.mtf
Commando,COM-4H,673,691,691,25,IS,3050U\Commando COM-4H.mtf
Commando,COM-5S,674,557,528,25,IS,3050U\Commando COM-5S.mtf
Commando,COM-7B,675,602,593,25,IS,3050U\Commando COM-7B.mtf
Commando,COM-7S,676,658,639,25,IS,3050U\Commando COM-7S.mtf
Crab,CRB-27,716,1198,1198,50,IS,3050U\Crab CRB-27.mtf
Crab,CRB-30,718,1509,1509,50,IS,3050U\Crab CRB-30.mtf
Crab,CRB-45,719,1342,1342,50,IS,3050U\Crab CRB-45.mtf
Crab,CRB-C,720,1135,1135,50,IS,3050U\Crab CRB-C.mtf
Crockett,CRK-5003-1,725,1923,1923,85,IS,3050U\Crockett CRK-5003-1.mtf
Crockett,CRK-5003-3,727,1989,1944,85,IS,3050U\Crockett CRK-5003-3.mtf
Crockett,CRK-5004-1,728,1955,1919,85,IS,3050U\Crockett CRK-5004-1.mtf
Crockett,CRK-5005-1,729,1908,1794,85,IS,3050U\Crockett CRK-5005-1.mtf
Cyclops,CP-11-A-DC,4032,1507,1516,90,IS,3050U\Cyclops CP-11-A-DC.mtf
Cyclops,CP-11-A,773,1547,1555,90,IS,3050U\Cyclops CP-11-A.mtf
Cyclops,CP-11-C,775,1553,1562,90,IS,3050U\Cyclops CP-11-C.mtf
Cyclops,CP-11-G,778,1981,1963,90,IS,3050U\Cyclops CP-11-G.mtf
Cyclops,CP-11-H,779,1525,1525,90,IS,3050U\Cyclops CP-11-H.mtf
Cyclops,CP-12-K,780,1699,1663,90,IS,3050U\Cyclops CP-12-K.mtf
Daishi,A,813,2855,2809,100,Clan,3050U\Daishi (Dire Wolf) A.mtf
Daishi,B,814,2609,2607,100,Clan,3050U\Daishi (Dire Wolf) B.mtf
Daishi,C,815,3610,3649,100,Clan,3050U\Daishi (Dire Wolf) C.mtf
Daishi,D,816,3403,3399,100,Clan,3050U\Daishi (Dire Wolf) D.mtf
Daishi,H,817,2992,2992,100,Clan,3050U\Daishi (Dire Wolf) H.mtf
Daishi,(Hohiro),812,3048,3044,100,Clan,3050U\Daishi (Dire Wolf) Hohiro.mtf
Daishi,Prime,818,2712,2696,100,Clan,3050U\Daishi (Dire Wolf) Prime.mtf
Daishi,'Prometheus',810,2900,3010,100,Clan,3050U\Daishi (Dire Wolf) Prometheus.mtf
Daishi,S,819,2985,2831,100,Clan,3050U\Daishi (Dire Wolf) S.mtf
Daishi,W,821,2951,2883,100,Clan,3050U\Daishi (Dire Wolf) W.mtf
Daishi,'Widowmaker',811,3041,3160,100,Clan,3050U\Daishi (Dire Wolf) Widowmaker.mtf
Dasher,A,838,639,594,20,Clan,3050U\Dasher (Fire Moth) A.mtf
Dasher,B,839,1064,1065,20,Clan,3050U\Dasher (Fire Moth) B.mtf
Dasher,C,840,741,651,20,Clan,3050U\Dasher (Fire Moth) C.mtf
Dasher,D,841,2307,2307,20,Clan,3050U\Dasher (Fire Moth) D.mtf
Dasher,E,842,822,822,20,Clan,3050U\Dasher (Fire Moth) E.mtf
Dasher,F,843,1461,1458,20,Clan,3050U\Dasher (Fire Moth) F.mtf
Dasher,H,844,779,779,20,Clan,3050U\Dasher (Fire Moth) H.mtf
Dasher,K,845,884,885,20,Clan,3050U\Dasher (Fire Moth) K.mtf
Dasher,Prime,846,1251,1251,20,Clan,3050U\Dasher (Fire Moth) Prime.mtf
Dervish,DV-7D,880,1412,1373,55,IS,3050U\Dervish DV-7D.mtf
Dervish,DV-8D,881,1765,1845,55,IS,3050U\Dervish DV-8D.mtf
Dervish,DV-9D,883,1518,1567,55,IS,3050U\Dervish DV-9D.mtf
Dragon,DRG-5N,911,1223,1175,60,IS,3050U\Dragon DRG-5N.mtf
Dragon,DRG-7N,5450,1495,1524,60,IS,3050U\Dragon DRG-7N.mtf
Dragonfly,A,917,1989,1989,40,Clan,3050U\Dragonfly (Viper) A.mtf
Dragonfly,B,918,1830,1830,40,Clan,3050U\Dragonfly (Viper) B.mtf
Dragonfly,C,919,1344,1341,40,Clan,3050U\Dragonfly (Viper) C.mtf
Dragonfly,D,920,1779,1752,40,Clan,3050U\Dragonfly (Viper) D.mtf
Dragonfly,E,921,1561,1561,40,Clan,3050U\Dragonfly (Viper) E.mtf
Dragonfly,F,922,1689,1666,40,Clan,3050U\Dragonfly (Viper) F.mtf
Dragonfly,G,923,1574,1520,40,Clan,3050U\Dragonfly (Viper) G.mtf
Dragonfly,H,924,1732,1701,40,Clan,3050U\Dragonfly (Viper) H.mtf
Dragonfly,I,925,1580,1546,40,Clan,3050U\Dragonfly (Viper) I.mtf
Dragonfly,Prime,926,1450,1421,40,Clan,3050U\Dragonfly (Viper) Prime.mtf
Enforcer,ENF-5D,978,1308,1327,50,IS,3050U\Enforcer ENF-5D.mtf
Enforcer III,ENF-6G,980,1858,1867,50,IS,3050U\Enforcer III ENF-6G.mtf
Enforcer III,ENF-6H,981,1603,1751,50,IS,3050U\Enforcer III ENF-6H.mtf
Enforcer III,ENF-6T,985,1720,1729,50,IS,3050U\Enforcer III ENF-6T.mtf
Exterminator,EXT-4A,4147,1372,1372,65,IS,3050U\Exterminator EXT-4A.mtf
Exterminator,EXT-4C,4148,1420,1371,65,IS,3050U\Exterminator EXT-4C.mtf
Exterminator,EXT-4D,1004,1385,1371,65,IS,3050U\Exterminator EXT-4D.mtf
Exterminator,EXT-5E,1006,1532,1725,65,IS,3050U\Exterminator EXT-5E.mtf
Exterminator,EXT-5F,1007,1485,1485,65,IS,3050U\Exterminator EXT-5F.mtf
Falcon,FLC-4P,1027,649,634,30,IS,3050U\Falcon FLC-4P.mtf
Falcon,FLC-5P,1028,945,945,30,IS,3050U\Falcon FLC-5P.mtf
Falcon,FLC-6C,1029,1290,1262,30,Clan,3050U\Falcon FLC-6C.mtf
Fenris,A,1046,1323,1281,45,Clan,3050U\Fenris (Ice Ferret) A.mtf
Fenris,B,1047,1461,1461,45,Clan,3050U\Fenris (Ice Ferret) B.mtf
Fenris,C,1048,1211,1171,45,Clan,3050U\Fenris (Ice Ferret) C.mtf
Fenris,D,1049,1653,1623,45,Clan,3050U\Fenris (Ice Ferret) D.mtf
Fenris,E,1050,1483,1483,45,Clan,3050U\Fenris (Ice Ferret) E.mtf
Fenris,H,1051,1619,1619,45,Clan,3050U\Fenris (Ice Ferret) H.mtf
Fenris,L,1052,1380,1300,45,Clan,3050U\Fenris (Ice Ferret) L.mtf
Fenris,Prime,1053,1678,1673,45,Clan,3050U\Fenris (Ice Ferret) Prime.mtf
Firefly,C,1082,1290,1285,30,Clan,3050U\Firefly C.mtf
Firefly,FFL-4A,1087,831,831,30,IS,3050U\Firefly FFL-4A.mtf
Firefly,FFL-4B,1088,870,836,30,IS,3050U\Firefly FFL-4B.mtf
Firefly,FFL-4C,1089,806,811,30,IS,3050U\Firefly FFL-4C.mtf
Firefly,FFL-4D,1090,897,863,30,IS,3050U\Firefly FFL-4D.mtf
Firefly,FFL-4DA,1091,921,911,30,IS,3050U\Firefly FFL-4DA.mtf
Firestarter,FS9-B,1094,668,636,35,IS,3050U\Firestarter FS9-B.mtf
Firestarter,FS9-C,1111,940,940,35,IS,3050U\Firestarter FS9-C.mtf
Firestarter,FS9-P,1095,775,775,35,IS,3050U\Firestarter FS9-P.mtf
Firestarter,FS9-S,1112,754,742,35,IS,3050U\Firestarter FS9-S.mtf
Firestarter,FS9-S1,1113,820,806,35,IS,3050U\Firestarter FS9-S1.mtf
Firestarter,FS9-S2,5441,842,828,35,IS,3050U\Firestarter FS9-S2.mtf
Firestarter,FS9-S3,5442,908,894,35,IS,3050U\Firestarter FS9-S3.mtf
Flashman,FLS-8K,1124,1779,1764,75,IS,3050U\Flashman FLS-8K.mtf
Flashman,FLS-9B,1125,1600,1601,75,IS,3050U\Flashman FLS-9B.mtf
Flashman,FLS-9C,1126,1779,1794,75,IS,3050U\Flashman FLS-9C.mtf
Flashman,FLS-9M,1127,1895,1895,75,IS,3050U\Flashman FLS-9M.mtf
Flashman,FLS-C,1128,1774,1729,75,IS,3050U\Flashman FLS-C.mtf
Flea,FLE-17,1137,510,512,20,IS,3050U\Flea FLE-17.mtf
Flea,FLE-19,1138,381,389,20,IS,3050U\Flea FLE-19.mtf
Flea,FLE-20,1139,791,791,20,IS,3050U\Flea FLE-20.mtf
Flea,'Fire Ant',1135,332,352,20,IS,3050U\Flea Fire Ant.mtf
Gladiator,A,1203,3112,3112,95,Clan,3050U\Gladiator (Executioner) A.mtf
Gladiator,B,1204,2940,2877,95,Clan,3050U\Gladiator (Executioner) B.mtf
Gladiator,C,1205,2740,2618,95,Clan,3050U\Gladiator (Executioner) C.mtf
Gladiator,D,1206,2698,2698,95,Clan,3050U\Gladiator (Executioner) D.mtf
Gladiator,E,1207,2988,2988,95,Clan,3050U\Gladiator (Executioner) E.mtf
Gladiator,H,1208,3059,3123,95,Clan,3050U\Gladiator (Executioner) H.mtf
Gladiator,K,1209,3125,3122,95,Clan,3050U\Gladiator (Executioner) K.mtf
Gladiator,P,1210,3052,2995,95,Clan,3050U\Gladiator (Executioner) P.mtf
Gladiator,Prime,1211,2749,2749,95,Clan,3050U\Gladiator (Executioner) Prime.mtf
Grand Dragon,DRG-5K-DC,4230,1322,1341,60,IS,3050U\Grand Dragon DRG-5K-DC.mtf
Grand Dragon,DRG-5K,1258,1358,1376,60,IS,3050U\Grand Dragon DRG-5K.mtf
Grand Dragon,DRG-7K,1260,1702,1816,60,IS,3050U\Grand Dragon DRG-7K.mtf
Grand Dragon,DRG-9KC,1263,1147,1181,60,IS,3050U\Grand Dragon DRG-9KC.mtf
Grand Dragon,DRG-C,1264,1322,1376,60,IS,3050U\Grand Dragon DRG-C.mtf
Grasshopper,GHR-5J,1268,1354,1340,70,IS,3050U\Grasshopper GHR-5J.mtf
Grasshopper,GHR-5N,4232,1511,1511,70,IS,3050U\Grasshopper GHR-5N.mtf
Grasshopper,GHR-6K,1269,1597,1588,70,IS,3050U\Grasshopper GHR-6K.mtf
Grasshopper,GHR-7K 'Gravedigger',4233,2084,1835,70,IS,3050U\Grasshopper GHR-7K Gravedigger.mtf
Grasshopper,GHR-7K,1270,1806,1806,70,IS,3050U\Grasshopper GHR-7K.mtf
Grasshopper,GHR-C,1272,1366,1353,70,IS,3050U\Grasshopper GHR-C.mtf
Guillotine,GLT-3N,1338,1418,1409,70,IS,3050U\Guillotine GLT-3N.mtf
Guillotine,GLT-5M,1341,1472,1463,70,IS,3050U\Guillotine GLT-5M.mtf
Guillotine,GLT-6WB,1342,1672,1672,70,IS,3050U\Guillotine GLT-6WB.mtf
Guillotine,GLT-6WB2,1343,1635,1586,70,IS,3050U\Guillotine GLT-6WB2.mtf
Guillotine,GLT-6WB3,5492,1741,1741,70,IS,3050U\Guillotine GLT-6WB3.mtf
Guillotine,GLT-8D,1344,1891,1882,70,IS,3050U\Guillotine GLT-8D.mtf
Hatamoto-Chi,HTM-27T,1398,1607,1589,80,IS,3050U\Hatamoto-Chi HTM-27T.mtf
Hatamoto-Chi,HTM-28T (Shin),5457,2213,2060,80,IS,3050U\Hatamoto-Chi HTM-28T (Shin).mtf
Hatamoto-Chi,HTM-28T,1401,2039,2021,80,IS,3050U\Hatamoto-Chi HTM-28T.mtf
Hatamoto-Hi,HTM-27U,1403,1627,1627,80,IS,3050U\Hatamoto-Hi HTM-27U.mtf
Hatamoto-Hi,HTM-C,1404,1627,1627,80,IS,3050U\Hatamoto-Hi HTM-C.mtf
Hatamoto-Hi,HTM-CM,1405,1573,1573,80,IS,3050U\Hatamoto-Hi HTM-CM.mtf
Hatamoto-Kaze,HTM-27V,1407,1595,1559,80,IS,3050U\Hatamoto-Kaze HTM-27V.mtf
Hatamoto-Ku,HTM-27W,1408,1563,1563,80,IS,3050U\Hatamoto-Ku HTM-27W.mtf
Hatamoto-Mizo,HTM-27Y,1409,1675,1675,80,IS,3050U\Hatamoto-Mizo HTM-27Y.mtf
Hatchetman,HCT-5D,5445,1012,993,45,IS,3050U\Hatchetman HCT-5D.mtf
Hatchetman,HCT-5DD,5446,1112,1149,45,IS,3050U\Hatchetman HCT-5DD.mtf
Hatchetman,HCT-5K,1412,1070,1017,45,IS,3050U\Hatchetman HCT-5K.mtf
Hatchetman,HCT-5S,1413,1039,1029,45,IS,3050U\Hatchetman HCT-5S.mtf
Hatchetman,HCT-6D,1415,1611,1668,45,IS,3050U\Hatchetman HCT-6D.mtf
Hatchetman,HCT-6S,1417,1174,1138,45,IS,3050U\Hatchetman HCT-6S.mtf
Hermes,HER-1S,1487,716,716,30,IS,3050U\Hermes HER-1S.mtf
Hermes,HER-3S,1489,649,649,30,IS,3050U\Hermes HER-3S.mtf
Hermes,HER-3S1,1490,726,726,30,IS,3050U\Hermes HER-3S1.mtf
Hermes,HER-3S2,1491,600,600,30,IS,3050U\Hermes HER-3S2.mtf
Hermes,HER-4K,1492,1470,1470,30,IS,3050U\Hermes HER-4K.mtf
Hermes,HER-4M,1493,1362,1362,30,IS,3050U\Hermes HER-4M.mtf
Hermes,HER-4S,1494,1012,1012,30,IS,3050U\Hermes HER-4S.mtf
Hermes,HER-4WB,1495,1042,1042,30,IS,3050U\Hermes HER-4WB.mtf
Hermes II,HER-5C,1499,1119,1177,40,IS,3050U\Hermes II HER-5C.mtf
Hermes II,HER-5ME 'Mercury Elite',1500,847,853,40,IS,3050U\Hermes II HER-5ME.mtf
Hermes II,HER-5S,1501,857,836,40,IS,3050U\Hermes II HER-5S.mtf
Hermes II,HER-5SA,1502,924,903,40,IS,3050U\Hermes II HER-5SA.mtf
Hermes II,HER-6D,1504,1106,1144,40,IS,3050U\Hermes II HER-6D.mtf
Highlander,HGN-694,5493,2369,2199,90,IS,3050U\Highlander HGN-694.mtf
Highlander,HGN-732,1514,2227,2191,90,IS,3050U\Highlander HGN-732.mtf
Highlander,HGN-734,1520,2214,2422,90,IS,3050U\Highlander HGN-734.mtf
Highlander,HGN-736,1521,2255,2236,90,IS,3050U\Highlander HGN-736.mtf
Highlander,HGN-738,1522,2413,2248,90,IS,3050U\Highlander HGN-738.mtf
Hoplite,C,1540,1736,1602,55,Clan,3050U\Hoplite C.mtf
Hoplite,HOP-4A,4329,,986,55,IS,3050U\Hoplite HOP-4A.mtf
Hoplite,HOP-4B,4330,1162,1162,55,IS,3050U\Hoplite HOP-4B.mtf
Hoplite,HOP-4C,4331,986,986,55,IS,3050U\Hoplite HOP-4C.mtf
Hoplite,HOP-4D,1543,1022,1022,55,IS,3050U\Hoplite HOP-4D.mtf
Hornet,HNT-161,1547,511,492,20,IS,3050U\Hornet HNT-161.mtf
Hornet,HNT-171,1548,535,492,20,IS,3050U\Hornet HNT-171.mtf
Hunchback,HBK-5H,1560,1097,1079,50,IS,3050U\Hunchback HBK-5H.mtf
Hunchback,HBK-5M,1561,1056,1047,50,IS,3050U\Hunchback HBK-5M.mtf
Hunchback,HBK-5N,1562,1041,1041,50,IS,3050U\Hunchback HBK-5N.mtf
Hunchback,HBK-5P,1563,1340,1340,50,IS,3050U\Hunchback HBK-5P.mtf
Hunchback,HBK-5S,1564,1350,1232,50,IS,3050U\Hunchback HBK-5S.mtf
Hunchback,HBK-5SG,1565,1577,1587,50,IS,3050U\Hunchback HBK-5SG.mtf
Hunchback,HBK-5SS,1566,1342,1261,50,IS,3050U\Hunchback HBK-5SS.mtf
Hunchback,HBK-6N,4337,1130,1094,50,IS,3050U\Hunchback HBK-6N.mtf
Hunchback,HBK-6S,5447,1380,1380,50,IS,3050U\Hunchback HBK-6S.mtf
Hussar,HSR-200-D,1585,636,636,30,IS,3050U\Hussar HSR-200-D.mtf
Hussar,HSR-400-D,1589,611,611,30,IS,3050U\Hussar HSR-400-D.mtf
Hussar,HSR-500-D,1590,977,1031,30,IS,3050U\Hussar HSR-500-D.mtf
Hussar,HSR-900-D,1591,551,543,30,IS,3050U\Hussar HSR-900-D.mtf
Hussar,HSR-950-D,1592,1131,1131,30,IS,3050U\Hussar HSR-950-D.mtf
Imp,C,1606,3070,2989,100,Clan,3050U\Imp C.mtf
Imp,IMP-2E,4358,1969,1969,100,IS,3050U\Imp IMP-2E.mtf
Imp,IMP-3E,1610,1906,1924,100,IS,3050U\Imp IMP-3E.mtf
Imp,IMP-4E,1611,2263,2245,100,IS,3050U\Imp IMP-4E.mtf
JagerMech,JM6-DD,1666,965,922,65,IS,3050U\JagerMech JM6-DD.mtf
JagerMech,JM6-DDa,1667,911,959,65,IS,3050U\JagerMech JM6-DDa.mtf
JagerMech,JM6-DGr,4389,1661,1678,65,IS,3050U\JagerMech JM6-DGr.mtf
JagerMech,JM6-H,1669,1348,1348,65,IS,3050U\JagerMech JM6-H.mtf
JagerMech,JM7-D,4390,1500,1428,70,IS,3050U\JagerMech JM7-D.mtf
JagerMech,JM7-F,4391,1774,1900,70,IS,3050U\JagerMech JM7-F.mtf
JagerMech,JM7-G,4392,1275,1436,70,IS,3050U\JagerMech JM7-G.mtf
JagerMech,JM6-DG,1668,1625,1642,65,IS,3050U\Jagermech JM6-DG.mtf
Javelin,JVN-10P,1676,590,590,30,IS,3050U\Javelin JVN-10P.mtf
Javelin,JVN-11A 'Fire Javelin',1677,1073,1073,30,IS,3050U\Javelin JVN-11A Fire Javelin.mtf
Javelin,JVN-11B,1678,678,658,30,IS,3050U\Javelin JVN-11B.mtf
Javelin,JVN-11D,1679,1104,1104,30,IS,3050U\Javelin JVN-11D.mtf
Javelin,JVN-11F,1680,827,844,30,IS,3050U\Javelin JVN-11F.mtf
Jenner,JR7-C,1688,832,822,35,IS,3050U\Jenner JR7-C.mtf
Jenner,JR7-C2,1689,769,799,35,IS,3050U\Jenner JR7-C2.mtf
Jenner,JR7-C3,1690,1069,1069,35,IS,3050U\Jenner JR7-C3.mtf
Jenner,JR7-K (Grace),1696,702,765,35,IS,3050U\Jenner JR7-K Grace.mtf
Jenner,JR7-K,1694,889,879,35,IS,3050U\Jenner JR7-K.mtf
Katana (Crockett),CRK-5003-2,1760,1629,1629,85,IS,3050U\Katana (Crockett) CRK-5003-2.mtf
Katana (Crockett),CRK-5003-C,1761,1618,1618,85,IS,3050U\Katana (Crockett) CRK-5003-C.mtf
Katana (Crockett),CRK-5003-CJ,1762,1844,1776,85,IS,3050U\Katana (Crockett) CRK-5003-CJ.mtf
Katana (Crockett),CRK-5003-CM,1763,1554,1554,85,IS,3050U\Katana (Crockett) CRK-5003-CM.mtf
King Crab,KGC-000,1770,1906,2078,100,IS,3050U\King Crab KGC-000.mtf
King Crab,KGC-001,1773,2221,2265,100,IS,3050U\King Crab KGC-001.mtf
King Crab,KGC-005,1774,2264,2289,100,IS,3050U\King Crab KGC-005.mtf
King Crab,KGC-007,1776,2523,2516,100,IS,3050U\King Crab KGC-007.mtf
King Crab,KGC-008,1777,2369,2305,100,IS,3050U\King Crab KGC-008.mtf
King Crab,KGC-008B,5494,2374,2302,100,IS,3050U\King Crab KGC-008B.mtf
Kintaro,KTO-19,1791,1160,1199,55,IS,3050U\Kintaro KTO-19.mtf
Kintaro,KTO-20,1793,1357,1357,55,IS,3050U\Kintaro KTO-20.mtf
Kintaro,KTO-21,1794,1295,1275,55,IS,3050U\Kintaro KTO-21.mtf
Kintaro,KTO-C,1795,1294,1294,55,IS,3050U\Kintaro KTO-C.mtf
Kintaro,KTO-K,1796,1571,1552,55,IS,3050U\Kintaro KTO-K.mtf
Koshi,A,1827,608,472,25,Clan,3050U\Koshi (Mist Lynx) A.mtf
Koshi,B,1828,1209,1206,25,Clan,3050U\Koshi (Mist Lynx) B.mtf
Koshi,C,1829,1320,1287,25,Clan,3050U\Koshi (Mist Lynx) C.mtf
Koshi,D,1830,842,837,25,Clan,3050U\Koshi (Mist Lynx) D.mtf
Koshi,E,1831,997,995,25,Clan,3050U\Koshi (Mist Lynx) E.mtf
Koshi,F,1832,1173,1170,25,Clan,3050U\Koshi (Mist Lynx) F.mtf
Koshi,G,1833,834,811,25,Clan,3050U\Koshi (Mist Lynx) G.mtf
Koshi,H,1834,982,940,25,Clan,3050U\Koshi (Mist Lynx) H.mtf
Koshi,P,1835,1064,1062,25,Clan,3050U\Koshi (Mist Lynx) P.mtf
Koshi,Prime,1836,871,833,25,Clan,3050U\Koshi (Mist Lynx) Prime.mtf
Lancelot,LNC25-01,1853,1422,1422,60,IS,3050U\Lancelot LNC25-01.mtf
Lancelot,LNC25-03,1856,1360,1369,60,IS,3050U\Lancelot LNC25-03.mtf
Lancelot,LNC25-04,1857,1640,1640,60,IS,3050U\Lancelot LNC25-04.mtf
Lancelot,LNC25-05,1858,1365,1383,60,IS,3050U\Lancelot LNC25-05.mtf
Lancelot,LNC25-06,1859,1661,1662,60,IS,3050U\Lancelot LNC25-06.mtf
Lancelot,LNC25-08,1860,1162,1163,60,IS,3050U\Lancelot LNC25-08.mtf
Loki,A,1923,1948,1926,65,Clan,3050U\Loki (Hellbringer) A.mtf
Loki,B,1924,1592,1559,65,Clan,3050U\Loki (Hellbringer) B.mtf
Loki,C,1925,2076,1953,65,Clan,3050U\Loki (Hellbringer) C.mtf
Loki,D,1926,2140,2022,65,Clan,3050U\Loki (Hellbringer) D.mtf
Loki,E,1927,2304,2280,65,Clan,3050U\Loki (Hellbringer) E.mtf
Loki,F,5489,1839,1839,65,Clan,3050U\Loki (Hellbringer) F.mtf
Loki,H,1928,1952,1889,65,Clan,3050U\Loki (Hellbringer) H.mtf
Loki,Prime,1929,2654,2635,65,Clan,3050U\Loki (Hellbringer) Prime.mtf
Mad Cat,A,1978,2854,2849,75,Clan,3050U\Mad Cat (Timber Wolf) A.mtf
Mad Cat,B,1979,2224,2175,75,Clan,3050U\Mad Cat (Timber Wolf) B.mtf
Mad Cat,C,1980,2500,2413,75,Clan,3050U\Mad Cat (Timber Wolf) C.mtf
Mad Cat,D,1981,2682,2746,75,Clan,3050U\Mad Cat (Timber Wolf) D.mtf
Mad Cat,E,1982,2444,2444,75,Clan,3050U\Mad Cat (Timber Wolf) E.mtf
Mad Cat,F,1983,2764,2691,75,Clan,3050U\Mad Cat (Timber Wolf) F.mtf
Mad Cat,H,1984,2627,2268,75,Clan,3050U\Mad Cat (Timber Wolf) H.mtf
Mad Cat,Prime,1985,2737,2663,75,Clan,3050U\Mad Cat (Timber Wolf) Prime.mtf
Mad Cat,(Pryde),1977,2900,2812,75,Clan,3050U\Mad Cat (Timber Wolf) Pryde.mtf
Mad Cat,S,1986,2462,2463,75,Clan,3050U\Mad Cat (Timber Wolf) S.mtf
Man O' War,A,2002,2689,2689,80,Clan,3050U\Man O' War (Gargoyle) A.mtf
Man O' War,B,2003,1843,1794,80,Clan,3050U\Man O' War (Gargoyle) B.mtf
Man O' War,C,2004,2417,2471,80,Clan,3050U\Man O' War (Gargoyle) C.mtf
Man O' War,D,2005,2499,2499,80,Clan,3050U\Man O' War (Gargoyle) D.mtf
Man O' War,E,2006,2257,2251,80,Clan,3050U\Man O' War (Gargoyle) E.mtf
Man O' War,G,2007,2156,2033,80,Clan,3050U\Man O' War (Gargoyle) G.mtf
Man O' War,H,2008,2183,2164,80,Clan,3050U\Man O' War (Gargoyle) H.mtf
Man O' War,M,2009,2182,2182,80,Clan,3050U\Man O' War (Gargoyle) M.mtf
Man O' War,Prime,2010,1537,1504,80,Clan,3050U\Man O' War (Gargoyle) Prime.mtf
Masakari,A,2091,2399,2371,85,Clan,3050U\Masakari (Warhawk) A.mtf
Masakari,B,2092,2320,2338,85,Clan,3050U\Masakari (Warhawk) B.mtf
Masakari,C,2093,2998,2998,85,Clan,3050U\Masakari (Warhawk) C.mtf
Masakari,D,2094,2474,2474,85,Clan,3050U\Masakari (Warhawk) D.mtf
Masakari,E,2095,2895,2801,85,Clan,3050U\Masakari (Warhawk) E.mtf
Masakari,H,2096,2601,2585,85,Clan,3050U\Masakari (Warhawk) H.mtf
Masakari,Prime,2097,3194,3179,85,Clan,3050U\Masakari (Warhawk) Prime.mtf
Mauler,MAL-1K,2100,1622,1626,90,IS,3050U\Mauler MAL-1K.mtf
Mauler,MAL-1R,2101,1460,1514,90,IS,3050U\Mauler MAL-1R.mtf
Mauler,MAL-2R,5460,1586,1550,90,IS,3050U\Mauler MAL-2R.mtf
Mauler,MAL-3R,2102,1877,2001,90,IS,3050U\Mauler MAL-3R.mtf
Mauler,MAL-C,2103,1473,1518,90,IS,3050U\Mauler MAL-C.mtf
Mercury,MCY-102,2169,510,496,20,IS,3050U\Mercury MCY-102.mtf
Mercury,MCY-104,2170,683,660,20,IS,3050U\Mercury MCY-104.mtf
Mercury,MCY-97,2171,466,455,20,IS,3050U\Mercury MCY-97.mtf
Mercury,MCY-99,2172,586,568,20,IS,3050U\Mercury MCY-99.mtf
Mongoose,MON-66,2208,758,758,25,IS,3050U\Mongoose MON-66.mtf
Mongoose,MON-69,4656,737,737,25,IS,3050U\Mongoose MON-69.mtf
Mongoose,MON-70,2213,750,750,25,IS,3050U\Mongoose MON-70.mtf
Mongoose,MON-76,2214,894,869,25,IS,3050U\Mongoose MON-76.mtf
Orion,ON1-M-DC,4760,1444,1507,75,IS,3050U\Orion ON1-M-DC.mtf
Orion,ON1-M,2334,1414,1504,75,IS,3050U\Orion ON1-M.mtf
Orion,ON1-MA,4756,1501,1555,75,IS,3050U\Orion ON1-MA.mtf
Orion,ON1-MB,4757,1472,1550,75,IS,3050U\Orion ON1-MB.mtf
Orion,ON1-MC,4758,1501,1546,75,IS,3050U\Orion ON1-MC.mtf
Orion,ON1-MD,4759,1597,1786,75,IS,3050U\Orion ON1-MD.mtf
Orion,ON2-M,2338,1828,1818,75,IS,3050U\Orion ON2-M.mtf
Panther,PNT-10K,2416,838,829,35,IS,3050U\Panther PNT-10K.mtf
Panther,PNT-10KA,4785,797,788,35,IS,3050U\Panther PNT-10KA.mtf
Panther,PNT-12A,2418,982,973,35,IS,3050U\Panther PNT-12A.mtf
Panther,PNT-14S,2422,825,788,35,IS,3050U\Panther PNT-14S.mtf
Panther,PNT-16K,2423,988,979,35,IS,3050U\Panther PNT-16K.mtf
Panther,PNT-C,2426,833,824,35,IS,3050U\Panther PNT-C.mtf
Panther,PNT-CA,5443,787,778,35,IS,3050U\Panther PNT-CA.mtf
Puma,A,2591,1437,1275,35,Clan,3050U\Puma (Adder) A.mtf
Puma,B,2592,1422,1404,35,Clan,3050U\Puma (Adder) B.mtf
Puma,C,2593,1372,1246,35,Clan,3050U\Puma (Adder) C.mtf
Puma,D,2594,1255,1251,35,Clan,3050U\Puma (Adder) D.mtf
Puma,E,2595,1272,1272,35,Clan,3050U\Puma (Adder) E.mtf
Puma,H,2596,1453,1453,35,Clan,3050U\Puma (Adder) H.mtf
Puma,J,2597,1222,1222,35,Clan,3050U\Puma (Adder) J.mtf
Puma,Prime,2598,2083,2083,35,Clan,3050U\Puma (Adder) Prime.mtf
Quickdraw,QKD-5K,2613,1265,1184,60,IS,3050U\Quickdraw QKD-5K.mtf
Quickdraw,QKD-5K2,4886,1312,1312,60,IS,3050U\Quickdraw QKD-5K2.mtf
Quickdraw,QKD-5M,2614,1237,1363,60,IS,3050U\Quickdraw QKD-5M.mtf
Quickdraw,QKD-8K,2616,1583,1490,60,IS,3050U\Quickdraw QKD-8K.mtf
Quickdraw,QKD-C,2618,1225,1184,60,IS,3050U\Quickdraw QKD-C.mtf
Raven,RVN-3L,2664,708,756,35,IS,3050U\Raven RVN-3L.mtf
Raven,RVN-3M,5444,659,717,35,IS,3050U\Raven RVN-3M.mtf
Raven,RVN-4L,2666,873,918,35,IS,3050U\Raven RVN-4L.mtf
Raven,RVN-4LC,2667,871,916,35,IS,3050U\Raven RVN-4LC.mtf
Raven,RVN-SR 'Shattered Raven',2670,601,663,35,IS,3050U\Raven RVN-SR.mtf
Raven,RVN-SS 'Shattered Raven',2671,904,914,35,IS,3050U\Raven RVN-SS.mtf
Ryoken,(Kotare),5488,2382,2289,55,Clan,3050U\Ryoken (Stormcrow) (Kotare).mtf
Ryoken,A,2749,2319,2226,55,Clan,3050U\Ryoken (Stormcrow) A.mtf
Ryoken,B,2750,2281,2341,55,Clan,3050U\Ryoken (Stormcrow) B.mtf
Ryoken,C,2751,1881,1881,55,Clan,3050U\Ryoken (Stormcrow) C.mtf
Ryoken,D,2752,1863,1620,55,Clan,3050U\Ryoken (Stormcrow) D.mtf
Ryoken,E,2753,2110,2108,55,Clan,3050U\Ryoken (Stormcrow) E.mtf
Ryoken,F,2754,2227,2038,55,Clan,3050U\Ryoken (Stormcrow) F.mtf
Ryoken,G,2755,2152,2152,55,Clan,3050U\Ryoken (Stormcrow) G.mtf
Ryoken,H,2756,2061,2061,55,Clan,3050U\Ryoken (Stormcrow) H.mtf
Ryoken,Prime,2757,2073,2073,55,Clan,3050U\Ryoken (Stormcrow) Prime.mtf
Sentinel,STN-3L,2860,717,696,40,IS,3050U\Sentinel STN-3L.mtf
Sentinel,STN-3M,2862,758,737,40,IS,3050U\Sentinel STN-3M.mtf
Sentinel,STN-4D,2863,1179,1215,40,IS,3050U\Sentinel STN-4D.mtf
Sentinel,STN-5WB,2864,999,991,40,IS,3050U\Sentinel STN-5WB.mtf
Sentinel,STN-C,2865,689,668,40,IS,3050U\Sentinel STN-C.mtf
Shogun,C,2931,3032,2889,85,Clan,3050U\Shogun C.mtf
Shogun,SHG-2E,2932,1823,1787,85,IS,3050U\Shogun SHG-2E.mtf
Shogun,SHG-2F (Trisha),5058,1733,1697,85,IS,3050U\Shogun SHG-2F (Trisha).mtf
Shogun,SHG-2F,2933,1804,1768,85,IS,3050U\Shogun SHG-2F.mtf
Spider,SDR-7K,3011,752,779,30,IS,3050U\Spider SDR-7K.mtf
Spider,SDR-7K2,3012,884,911,30,IS,3050U\Spider SDR-7K2.mtf
Spider,SDR-7KC,3013,732,732,30,IS,3050U\Spider SDR-7KC.mtf
Spider,SDR-7M,3015,621,621,30,IS,3050U\Spider SDR-7M.mtf
Spider,SDR-8M,3017,621,621,30,IS,3050U\Spider SDR-8M.mtf
Spider,SDR-C,3020,616,616,30,IS,3050U\Spider SDR-C.mtf
Stalker,STK-3F (Jamison),5119,2707,2645,85,Clan,3050U\Stalker STK-3F (Jamison).mtf
Stalker,STK-5M,3040,1655,1691,85,IS,3050U\Stalker STK-5M.mtf
Stalker,STK-5S,3041,1423,1454,85,IS,3050U\Stalker STK-5S.mtf
Stalker,STK-6M,5121,2029,1975,85,IS,3050U\Stalker STK-6M.mtf
Stalker,STK-7D,3043,1872,1863,85,IS,3050U\Stalker STK-7D.mtf
Stalker,STK-8S,3044,2020,1874,85,IS,3050U\Stalker STK-8S.mtf
Thor,A,3174,2145,2145,70,Clan,3050U\Thor (Summoner) A.mtf
Thor,B,3175,2159,1940,70,Clan,3050U\Thor (Summoner) B.mtf
Thor,C,3176,2379,2348,70,Clan,3050U\Thor (Summoner) C.mtf
Thor,D,3177,2643,2544,70,Clan,3050U\Thor (Summoner) D.mtf
Thor,E,3178,2612,2612,70,Clan,3050U\Thor (Summoner) E.mtf
Thor,F,5490,2186,2157,70,Clan,3050U\Thor (Summoner) F.mtf
Thor,G,3179,2452,2452,70,Clan,3050U\Thor (Summoner) G.mtf
Thor,H,3180,2536,2507,70,Clan,3050U\Thor (Summoner) H.mtf
Thor,HH,3181,2490,2416,70,Clan,3050U\Thor (Summoner) HH.mtf
Thor,M,3182,2251,2237,70,Clan,3050U\Thor (Summoner) M.mtf
Thor,Prime,3183,2298,2224,70,Clan,3050U\Thor (Summoner) Prime.mtf
Thorn,THE-N,3191,546,536,20,IS,3050U\Thorn THE-N.mtf
Thorn,THE-N1,3192,656,656,20,IS,3050U\Thorn THE-N1.mtf
Thorn,THE-N2,3193,410,430,20,IS,3050U\Thorn THE-N2.mtf
Thug,THG-11E (Reich),5228,2612,2583,80,Mixed,3050U\Thug THG-11E (Reich).mtf
Thug,THG-11E,3205,1640,1622,80,IS,3050U\Thug THG-11E.mtf
Thug,THG-12E,3207,1751,1742,80,IS,3050U\Thug THG-12E.mtf
Thug,THG-12K,3208,1824,1815,80,IS,3050U\Thug THG-12K.mtf
Thug,THG-13K,3209,2086,2086,80,IS,3050U\Thug THG-13K.mtf
Trebuchet,TBT-3C,3295,1342,1381,50,IS,3050U\Trebuchet TBT-3C.mtf
Trebuchet,TBT-7M,3300,1348,1406,50,IS,3050U\Trebuchet TBT-7M.mtf
Trebuchet,TBT-8B,3301,1314,1343,50,IS,3050U\Trebuchet TBT-8B.mtf
Trebuchet,TBT-9K,3302,1329,1439,50,IS,3050U\Trebuchet TBT-9K.mtf
Uller,A,3340,1310,1310,30,Clan,3050U\Uller (Kit Fox) A.mtf
Uller,B,3341,1087,1087,30,Clan,3050U\Uller (Kit Fox) B.mtf
Uller,C,3342,1147,947,30,Clan,3050U\Uller (Kit Fox) C.mtf
Uller,D,3343,1142,1006,30,Clan,3050U\Uller (Kit Fox) D.mtf
Uller,E,3344,1415,1415,30,Clan,3050U\Uller (Kit Fox) E.mtf
Uller,F,3345,1219,1219,30,Clan,3050U\Uller (Kit Fox) F.mtf
Uller,H,3346,1214,1214,30,Clan,3050U\Uller (Kit Fox) H.mtf
Uller,Prime,3347,1085,1063,30,Clan,3050U\Uller (Kit Fox) Prime.mtf
Uller,S,3348,1342,1337,30,Clan,3050U\Uller (Kit Fox) S.mtf
Uller,W,3350,1431,1431,30,Clan,3050U\Uller (Kit Fox) W.mtf
UrbanMech,UM-R63,3356,540,540,30,IS,3050U\UrbanMech UM-R63.mtf
UrbanMech,UM-R68,3357,561,524,30,IS,3050U\UrbanMech UM-R68.mtf
UrbanMech,UM-R70,3359,724,778,30,IS,3050U\UrbanMech UM-R70.mtf
UrbanMech,UM-R69,3358,589,566,30,IS,3050U\Urbanmech UM-R69.mtf
Victor,VTR-10D,3404,1894,1583,80,IS,3050U\Victor VTR-10D.mtf
Victor,VTR-10L,3405,2279,2269,80,IS,3050U\Victor VTR-10L.mtf
Victor,VTR-10S,5458,2034,1897,80,IS,3050U\Victor VTR-10S.mtf
Victor,VTR-11D,3406,2021,2061,80,IS,3050U\Victor VTR-11D.mtf
Victor,VTR-9D,3410,1717,1708,80,IS,3050U\Victor VTR-9D.mtf
Victor,VTR-9K,3411,1717,1708,80,IS,3050U\Victor VTR-9K.mtf
Victor,VTR-C,3415,1717,1708,80,IS,3050U\Victor VTR-C.mtf
Vindicator,VND-3L,3426,1105,1096,45,IS,3050U\Vindicator VND-3L.mtf
Vindicator,VND-4L,3429,1411,1422,45,IS,3050U\Vindicator VND-4L.mtf
Vindicator,VND-5L,3430,1484,1274,45,IS,3050U\Vindicator VND-5L.mtf
Vindicator,VND-6L,3431,1739,1442,45,IS,3050U\Vindicator VND-6L.mtf
Vulcan,VT-5M,3461,811,829,40,IS,3050U\Vulcan VT-5M.mtf
Vulcan,VT-5S,3462,883,904,40,IS,3050U\Vulcan VT-5S.mtf
Vulcan,VT-6C,3464,959,976,40,IS,3050U\Vulcan VT-6C.mtf
Vulcan,VT-6M,3465,959,983,40,IS,3050U\Vulcan VT-6M.mtf
Vulture,A,3466,1923,1890,60,Clan,3050U\Vulture (Mad Dog) A.mtf
Vulture,B,3467,2284,2242,60,Clan,3050U\Vulture (Mad Dog) B.mtf
Vulture,C,3468,1892,1892,60,Clan,3050U\Vulture (Mad Dog) C.mtf
Vulture,D,3469,2447,2447,60,Clan,3050U\Vulture (Mad Dog) D.mtf
Vulture,E,3470,2031,2031,60,Clan,3050U\Vulture (Mad Dog) E.mtf
Vulture,F,3471,2300,2300,60,Clan,3050U\Vulture (Mad Dog) F.mtf
Vulture,H,3472,2097,1937,60,Clan,3050U\Vulture (Mad Dog) H.mtf
Vulture,Prime,3473,2351,2277,60,Clan,3050U\Vulture (Mad Dog) Prime.mtf
Whitworth,WTH-1H,3539,993,993,40,IS,3050U\Whitworth WTH-1H.mtf
Whitworth,WTH-2,3541,936,912,40,IS,3050U\Whitworth WTH-2.mtf
Whitworth,WTH-2A,3542,1055,1046,40,IS,3050U\Whitworth WTH-2A.mtf
Whitworth,WTH-3,3543,882,823,40,IS,3050U\Whitworth WTH-3.mtf
Whitworth,WTH-K,3545,958,917,40,IS,3050U\Whitworth WTH-K.mtf
Wolf Trap (Tora),WFT-1,3554,1070,1099,45,IS,3050U\Wolf Trap (Tora) WFT-1.mtf
Wolf Trap (Tora),WFT-2,3556,1227,1110,45,IS,3050U\Wolf Trap (Tora) WFT-2.mtf
Wolf Trap (Tora),WFT-B,3558,1021,1050,45,IS,3050U\Wolf Trap (Tora) WFT-B.mtf
Wolf Trap (Tora),WFT-C,3559,1001,1030,45,IS,3050U\Wolf Trap (Tora) WFT-C.mtf
Wolfhound IIC,'Grinner',3570,1579,1579,35,Clan,3050U\Wolfhound IIC.mtf
Wolfhound,WLF-1 (Allard),5416,1941,1941,35,Mixed,3050U\Wolfhound WLF-1 (Allard).mtf
Wolfhound,WLF-2,3563,1061,1061,35,IS,3050U\Wolfhound WLF-2.mtf
Wolfhound,WLF-3S,3566,1176,1176,35,IS,3050U\Wolfhound WLF-3S.mtf
Wolfhound,WLF-4W,3567,1090,1090,35,IS,3050U\Wolfhound WLF-4W.mtf
Wyvern,WVE-10N,3596,1199,1190,45,IS,3050U\Wyvern WVE-10N.mtf
Wyvern,WVE-5N,3597,1089,1071,45,IS,3050U\Wyvern WVE-5N.mtf
Wyvern,WVE-9N,3600,1067,1049,45,IS,3050U\Wyvern WVE-9N.mtf
Zeus-X,ZEU-9WD,3646,1716,1921,80,IS,3050U\Zeus X ZEU-9WD.mtf
Zeus,ZEU-10WB,3639,2075,2075,80,IS,3050U\Zeus ZEU-10WB.mtf
Zeus,ZEU-9S-DC,5438,1612,1603,80,IS,3050U\Zeus ZEU-9S-DC.mtf
Zeus,ZEU-9S,3644,1639,1644,80,IS,3050U\Zeus ZEU-9S.mtf
Zeus,ZEU-9S2,5459,1769,1814,80,IS,3050U\Zeus ZEU-9S2.mtf
Zeus,ZEU-9T,3645,1835,1814,80,IS,3050U\Zeus ZEU-9T.mtf
Albatross,ALB-3U,27,1668,1713,95,IS,3055U\Albatross ALB-3U.mtf
Albatross,ALB-4U,29,1907,1940,95,IS,3055U\Albatross ALB-4U.mtf
Anvil,ANV-3M,48,1441,1441,60,IS,3055U\Anvil ANV-3M.mtf
Anvil,ANV-3R,49,1496,1496,60,IS,3055U\Anvil ANV-3R.mtf
Anvil,ANV-5M,50,1687,1687,60,IS,3055U\Anvil ANV-5M.mtf
Anvil,ANV-5Q,51,1336,1336,60,IS,3055U\Anvil ANV-5Q.mtf
Anvil,ANV-6M,52,1366,1366,60,IS,3055U\Anvil ANV-6M.mtf
Anvil,ANV-8M,53,1690,1923,60,IS,3055U\Anvil ANV-8M.mtf
Apollo,APL-1M,54,1207,1177,55,IS,3055U\Apollo APL-1M.mtf
Apollo,APL-1R,55,1148,1148,55,IS,3055U\Apollo APL-1R.mtf
Apollo,APL-2S,56,1283,1253,55,IS,3055U\Apollo APL-2S.mtf
Apollo,APL-3T,57,1240,1220,55,IS,3055U\Apollo APL-3T.mtf
Aquagladius,AQS-3,58,834,812,50,IS,3055U\Aquagladius AQS-3.mtf
Aquagladius,AQS-4,59,1486,1324,50,IS,3055U\Aquagladius AQS-4.mtf
Baboon,2,190,757,757,20,Clan,3055U\Baboon (Howler) 2.mtf
Baboon,3 'Devil',191,1277,1277,20,Clan,3055U\Baboon (Howler) 3.mtf
Baboon,,189,645,608,20,Clan,3055U\Baboon (Howler).mtf
Bandersnatch,BNDR-01A,217,1478,1532,75,IS,3055U\Bandersnatch BNDR-01A.mtf
Bandersnatch,BNDR-01B,219,1630,1620,75,IS,3055U\Bandersnatch BNDR-01B.mtf
Battle Hawk,BH-K305,275,771,756,30,IS,3055U\Battle Hawk BH-K305.mtf
Battle Hawk,BH-K306,276,926,912,30,IS,3055U\Battle Hawk BH-K306.mtf
Behemoth,2,319,3107,3146,100,Clan,3055U\Behemoth (Stone Rhino) 2.mtf
Behemoth,3,320,3072,3072,100,Clan,3055U\Behemoth (Stone Rhino) 3.mtf
Behemoth,4,3814,2601,2532,100,Clan,3055U\Behemoth (Stone Rhino) 4.mtf
Behemoth,5,3815,2157,2103,100,Clan,3055U\Behemoth (Stone Rhino) 5.mtf
Behemoth,6,3816,2981,2981,100,Clan,3055U\Behemoth (Stone Rhino) 6.mtf
Behemoth,,318,3001,3001,100,Clan,3055U\Behemoth (Stone Rhino).mtf
Berserker,BRZ-A3,329,2117,2062,100,IS,3055U\Berserker BRZ-A3.mtf
Berserker,BRZ-B3,330,2020,1964,100,IS,3055U\Berserker BRZ-B3.mtf
Berserker,BRZ-C3,331,2354,2022,100,IS,3055U\Berserker BRZ-C3.mtf
Bombard,BMB-010,418,850,850,50,IS,3055U\Bombard BMB-010.mtf
Bombard,BMB-013,419,1019,1004,50,IS,3055U\Bombard BMB-013.mtf
Bombard,BMB-1X,420,1652,1648,50,Mixed,3055U\Bombard BMB-1X.mtf
Cerberus,MR-5M,526,2057,2053,95,IS,3055U\Cerberus MR-5M.mtf
Cerberus,MR-6B,527,2128,2123,95,IS,3055U\Cerberus MR-6B.mtf
Cerberus,MR-V2,528,2001,2005,95,IS,3055U\Cerberus MR-V2.mtf
Cerberus,MR-V3,529,2094,2097,95,IS,3055U\Cerberus MR-V3.mtf
Colossus,CL-P3,661,1986,1941,95,IS,3055U\Colossus CL-P3.mtf
Colossus,CLS-4S,662,2392,2236,95,IS,3055U\Colossus CLS-4S.mtf
Colossus,CLS-5S,663,2647,2436,95,IS,3055U\Colossus CLS-5S.mtf
Copperhead,CPR-HD-002,690,763,802,30,IS,3055U\Copperhead CPR-HD-002.mtf
Copperhead,CPR-HD-003,691,1117,1145,30,IS,3055U\Copperhead CPR-HD-003.mtf
Copperhead,CPR-HD-004,692,1151,1177,30,IS,3055U\Copperhead CPR-HD-004.mtf
Cudgel,CDG-1B,766,1347,1343,80,IS,3055U\Cudgel CDG-1B.mtf
Cudgel,CDG-2A,767,1750,1586,80,IS,3055U\Cudgel CDG-2A.mtf
Cudgel,CDG-2B,768,1762,1596,80,IS,3055U\Cudgel CDG-2B.mtf
Daedalus,DAD-3C,789,1070,1101,45,IS,3055U\Daedalus DAD-3C.mtf
Daedalus,DAD-3D,790,1729,1546,45,IS,3055U\Daedalus DAD-3D.mtf
Daedalus,DAD-4A,791,1466,1361,45,IS,3055U\Daedalus DAD-4A.mtf
Daedalus,DAD-4B,792,1431,1432,45,IS,3055U\Daedalus DAD-4B.mtf
Daikyu,DAI-01,797,1603,1570,70,IS,3055U\Daikyu DAI-01.mtf
Daikyu,DAI-02,800,1831,1851,70,IS,3055U\Daikyu DAI-02.mtf
Daikyu,DAI-03,801,1692,1736,70,IS,3055U\Daikyu DAI-03.mtf
Daimyo,DMO-1K,802,1148,1148,40,IS,3055U\Daimyo DMO-1K.mtf
Daimyo,DMO-2K,804,1057,1057,40,IS,3055U\Daimyo DMO-2K.mtf
Daimyo,DMO-4K,805,1150,1150,40,IS,3055U\Daimyo DMO-4K.mtf
Daimyo,DMO-5K,806,1087,1087,40,IS,3055U\Daimyo DMO-5K.mtf
Dart,DRT-3S,828,436,436,25,IS,3055U\Dart DRT-3S.mtf
Dart,DRT-4S,829,656,656,25,IS,3055U\Dart DRT-4S.mtf
Dart,DRT-6S,830,641,641,25,IS,3055U\Dart DRT-6S.mtf
Epimetheus,Prime,4129,2517,2498,80,Mixed,3055U\Epimetheus Prime.mtf
Falconer,FLC-8R,1033,2231,2240,75,IS,3055U\Falconer FLC-8R.mtf
Fireball,ALM-7D,1075,385,385,20,IS,3055U\Fireball ALM-7D.mtf
Fireball,ALM-8D,1076,574,574,20,IS,3055U\Fireball ALM-8D.mtf
Fireball,ALM-9D,1077,527,527,20,IS,3055U\Fireball ALM-9D.mtf
Flashfire,FLS-P2,1120,718,718,30,IS,3055U\Flashfire FLS-P2.mtf
Flashfire,FLS-P4,1121,712,712,30,IS,3055U\Flashfire FLS-P4.mtf
Flashfire,FLS-P5,1122,654,645,30,IS,3055U\Flashfire FLS-P5.mtf
Galahad,3,1172,2508,2508,60,Clan,3055U\Galahad (Glass Spider) 3.mtf
Gallowglas,GAL-1GLS,1182,1695,1695,70,IS,3055U\Gallowglas GAL-1GLS.mtf
Gallowglas,GAL-2GLS,1183,1857,1857,70,IS,3055U\Gallowglas GAL-2GLS.mtf
Gallowglas,GAL-3GLS,1185,2291,1965,70,IS,3055U\Gallowglas GAL-3GLS.mtf
Gallowglas,GAL-4GLS,1186,1944,1944,70,IS,3055U\Gallowglas GAL-4GLS.mtf
Gallowglas,WD,1188,2094,2094,70,Clan,3055U\Gallowglas WD.mtf
Goshawk,3,1245,2466,2466,55,Clan,3055U\Goshawk (Vapor Eagle) 3.mtf
Goshawk,4,1246,2069,2069,55,Clan,3055U\Goshawk (Vapor Eagle) 4.mtf
Grand Crusader,GRN-D-01,1252,1758,1695,80,IS,3055U\Grand Crusader GRN-D-01.mtf
Grand Crusader,GRN-D-02,1253,1702,1666,80,IS,3055U\Grand Crusader GRN-D-02.mtf
Grand Crusader II,GRN-D-03,1254,2276,1997,80,IS,3055U\Grand Crusader II GRN-D-03.mtf
Grand Crusader II,GRN-D-04,1255,2292,2002,80,IS,3055U\Grand Crusader II GRN-D-04.mtf
Grand Titan,T-IT-N10M,1265,1817,1797,100,IS,3055U\Grand Titan T-IT-N10M.mtf
Grand Titan,T-IT-N11M,1266,2053,2068,100,IS,3055U\Grand Titan T-IT-N11M.mtf
Great Turtle,GTR-1,1281,3152,3205,100,IS,3055U\Great Turtle GTR-1.mtf
Great Turtle,GTR-2,1282,2355,2042,100,IS,3055U\Great Turtle GTR-2.mtf
Grim Reaper,GRM-R-PR29,1328,1469,1494,55,IS,3055U\Grim Reaper GRM-R-PR29.mtf
Grim Reaper,GRM-R-PR30,1329,1673,1615,55,IS,3055U\Grim Reaper GRM-R-PR30.mtf
Grim Reaper,GRM-R-PR31,1330,1655,1590,55,IS,3055U\Grim Reaper GRM-R-PR31.mtf
Gunslinger,GUN-1ERD,1347,2286,2303,85,IS,3055U\Gunslinger GUN-1ERD.mtf
Gunslinger,GUN-2ERD,1349,2423,2440,85,IS,3055U\Gunslinger GUN-2ERD.mtf
Hachiwara,HCA-3T,1360,1651,1678,70,IS,3055U\Hachiwara HCA-3T.mtf
Hachiwara,HCA-4T,1361,1731,1678,70,IS,3055U\Hachiwara HCA-4T.mtf
Hachiwara,HCA-4U,1362,1791,1851,70,IS,3055U\Hachiwara HCA-4U.mtf
Hachiwara,HCA-6P,1363,2385,2211,70,IS,3055U\Hachiwara HCA-6P.mtf
Hammer,HMR-3C 'Claw-Hammer',1365,976,976,30,IS,3055U\Hammer HMR-3C.mtf
Hammer,HMR-3M,1366,787,774,30,IS,3055U\Hammer HMR-3M.mtf
Hammer,HMR-3P 'Pein-Hammer',1367,827,827,30,IS,3055U\Hammer HMR-3P.mtf
Hammer,HMR-3S 'Slammer',1368,638,626,30,IS,3055U\Hammer HMR-3S.mtf
Hellhound,2,1474,2097,2097,50,Clan,3055U\Hellhound (Conjurer) 2.mtf
Hellhound,3,1475,1764,1764,50,Clan,3055U\Hellhound (Conjurer) 3.mtf
Hellhound,4,1476,2164,2156,50,Clan,3055U\Hellhound (Conjurer) 4.mtf
Hellhound,5,1477,1722,1722,50,Clan,3055U\Hellhound (Conjurer) 5.mtf
Hercules,HRC-LS-9000,1482,1561,1547,70,IS,3055U\Hercules HRC-LS-9000.mtf
Hercules,HRC-LS-9001,1484,1566,1566,70,IS,3055U\Hercules HRC-LS-9001.mtf
Hitman,HM-1,1533,925,925,30,IS,3055U\Hitman HM-1.mtf
Hitman,HM-2,1535,861,882,30,IS,3055U\Hitman HM-2.mtf
Hollander,BZK-F3,1536,953,963,35,IS,3055U\Hollander BZK-F3.mtf
Hollander,BZK-G1,1537,873,873,35,IS,3055U\Hollander BZK-G1.mtf
Hollander II,BZK-F5,1538,1214,1223,45,IS,3055U\Hollander II BZK-F5.mtf
Hollander II,BZK-F7,1539,1192,1030,45,IS,3055U\Hollander II BZK-F7.mtf
Huron Warrior,HUR-WO-R4L,1580,1530,1539,50,IS,3055U\Huron Warrior HUR-WO-R4L.mtf
Huron Warrior,HUR-WO-R4M,1581,1556,1566,50,IS,3055U\Huron Warrior HUR-WO-R4M.mtf
Huron Warrior,HUR-WO-R4N,1582,1489,1534,50,IS,3055U\Huron Warrior HUR-WO-R4N.mtf
Huron Warrior,HUR-WO-R4O,1583,1585,1594,50,IS,3055U\Huron Warrior HUR-WO-R4O.mtf
Jackal,JA-KL-1532,1653,918,903,30,IS,3055U\Jackal JA-KL-1532.mtf
Jackal,JA-KL-55,1655,1034,1034,30,IS,3055U\Jackal JA-KL-55.mtf
Jenner IIC,4,1701,1052,1044,35,Clan,3055U\Jenner IIC 4.mtf
Juggernaut,JG-R9T1,1713,1719,1701,90,IS,3055U\Juggernaut JG-R9T1.mtf
Juggernaut,JG-R9T2,1714,1916,1851,90,IS,3055U\Juggernaut JG-R9T2.mtf
Juggernaut,JG-R9T3,1715,1959,1950,90,IS,3055U\Juggernaut JG-R9T3.mtf
Komodo,KIM-2,1810,1533,1505,45,IS,3055U\Komodo KIM-2.mtf
Komodo,KIM-2A,1811,1415,1387,45,IS,3055U\Komodo KIM-2A.mtf
Komodo,KIM-2C,1812,1533,1505,45,IS,3055U\Komodo KIM-2C.mtf
Komodo,KIM-3C,1813,1371,1343,45,IS,3055U\Komodo KIM-3C.mtf
Koto,KT-P2,1840,631,642,25,IS,3055U\Koto KT-P2.mtf
Koto,KTO-2A,1837,977,977,25,IS,3055U\Koto KTO-2A.mtf
Koto,KTO-3A,1838,806,806,25,IS,3055U\Koto KTO-3A.mtf
Koto,KTO-4A,1839,1073,1073,25,IS,3055U\Koto KTO-4A.mtf
Kraken,4,1844,2709,2824,100,Clan,3055U\Kraken (Bane) 4.mtf
Linebacker,A,1886,2264,2190,65,Clan,3055U\Linebacker A.mtf
Linebacker,B,1887,2048,2048,65,Clan,3055U\Linebacker B.mtf
Linebacker,C,1888,2075,2080,65,Clan,3055U\Linebacker C.mtf
Linebacker,D,1889,2039,2044,65,Clan,3055U\Linebacker D.mtf
Linebacker,E,1890,1846,1843,65,Clan,3055U\Linebacker E.mtf
Linebacker,H,1891,2097,2097,65,Clan,3055U\Linebacker H.mtf
Linebacker,Prime,1892,2390,2387,65,Clan,3055U\Linebacker Prime.mtf
Longshot,LNG-1B,1946,899,920,35,IS,3055U\Longshot LNG-1B.mtf
Longshot,LNG-2,1947,1215,1195,35,IS,3055U\Longshot LNG-2.mtf
Longshot,LNG-3,1948,955,976,35,IS,3055U\Longshot LNG-3.mtf
Longshot,LNG-3C,1949,971,992,35,IS,3055U\Longshot LNG-3C.mtf
Longshot,LNG-4,1950,1086,1086,35,IS,3055U\Longshot LNG-4.mtf
Mantis,MTS-L,2022,1176,1092,30,IS,3055U\Mantis MTS-L.mtf
Mantis,MTS-S,2023,1128,1094,30,IS,3055U\Mantis MTS-S.mtf
Mantis,MTS-T,2024,1312,1277,30,IS,3055U\Mantis MTS-T.mtf
Mantis,MTS-T2,2025,1380,1345,30,IS,3055U\Mantis MTS-T2.mtf
Mantis,MTS-T3,2026,1380,1345,30,IS,3055U\Mantis MTS-T3.mtf
Mantis,SA-MN,2027,704,669,30,IS,3055U\Mantis SA-MN.mtf
Morpheus,MR-P1,2225,1340,1325,65,IS,3055U\Morpheus MR-P1.mtf
Morpheus,MRP-3S,2226,1437,1430,65,IS,3055U\Morpheus MRP-3S.mtf
Morpheus,MRP-3T,2227,1925,1925,65,IS,3055U\Morpheus MRP-3T.mtf
Morpheus,MRP-3W,2228,1299,1195,65,IS,3055U\Morpheus MRP-3W.mtf
Naga,A,2247,1988,2292,80,Clan,3055U\Naga A.mtf
Naga,B,2248,2021,2334,80,Clan,3055U\Naga B.mtf
Naga,C,2249,1805,2183,80,Clan,3055U\Naga C.mtf
Naga,D,2250,1860,2219,80,Clan,3055U\Naga D.mtf
Naga,Prime,2251,1840,2220,80,Clan,3055U\Naga Prime.mtf
Naginata,NG-C3A,2252,1954,1872,95,IS,3055U\Naginata NG-C3A.mtf
Naginata,NG-C3B,2254,1943,1861,95,IS,3055U\Naginata NG-C3B.mtf
Naginata,NG-C3C,2255,2131,2061,95,IS,3055U\Naginata NG-C3C.mtf
Nexus II,NXS2-A,2261,702,702,25,IS,3055U\Nexus II NXS2-A.mtf
Nexus II,NXS2-B,2262,717,717,25,IS,3055U\Nexus II NXS2-B.mtf
Nexus,NXS1-A,2259,643,628,25,IS,3055U\Nexus NXS1-A.mtf
Nexus,NXS1-B,2260,715,715,25,IS,3055U\Nexus NXS1-B.mtf
Nightsky,NGS-4S,2279,1159,1131,50,IS,3055U\Nightsky NGS-4S.mtf
Nightsky,NGS-4T,2280,1287,1245,50,IS,3055U\Nightsky NGS-4T.mtf
Nightsky,NGS-5S,2281,1045,1023,50,IS,3055U\Nightsky NGS-5S.mtf
Nightsky,NGS-5T,2282,1356,1328,50,IS,3055U\Nightsky NGS-5T.mtf
Nightsky,NGS-6S,2283,1474,1445,50,IS,3055U\Nightsky NGS-6S.mtf
Onslaught,SA-OS,2321,1562,1602,75,IS,3055U\Onslaught SA-OS.mtf
Onslaught,SA-OS2,2322,1693,1736,75,IS,3055U\Onslaught SA-OS2.mtf
Onslaught,SA-OS3,2323,1659,1698,75,IS,3055U\Onslaught SA-OS3.mtf
Paladin,PAL-1,2408,1361,1332,60,IS,3055U\Paladin PAL-1.mtf
Paladin,PAL-2,2409,1617,1499,60,IS,3055U\Paladin PAL-2.mtf
Paladin,PAL-3,2410,1370,1398,60,IS,3055U\Paladin PAL-3.mtf
Penetrator,PTR-4D,2465,1687,1674,75,IS,3055U\Penetrator PTR-4D.mtf
Penetrator,PTR-4F,2466,1564,1550,75,IS,3055U\Penetrator PTR-4F.mtf
Penetrator,PTR-6M,2467,1639,1626,75,IS,3055U\Penetrator PTR-6M.mtf
Penetrator,PTR-6S,2468,1689,1675,75,IS,3055U\Penetrator PTR-6S.mtf
Penetrator,PTR-6T,2469,1994,1980,75,IS,3055U\Penetrator PTR-6T.mtf
Peregrine,4,2475,1198,1198,35,Clan,3055U\Peregrine (Horned Owl) 4.mtf
Peregrine,5,2476,1523,1523,35,Clan,3055U\Peregrine (Horned Owl) 5.mtf
Phantom,A,2481,1410,1428,40,Clan,3055U\Phantom A.mtf
Phantom,B,2482,1096,1127,40,Clan,3055U\Phantom B.mtf
Phantom,C,2483,1590,1597,40,Clan,3055U\Phantom C.mtf
Phantom,D,2484,1581,1575,40,Clan,3055U\Phantom D.mtf
Phantom,E,2485,975,975,40,Clan,3055U\Phantom E.mtf
Phantom,H,2486,1178,1178,40,Clan,3055U\Phantom H.mtf
Phantom,Prime,2487,1159,1141,40,Clan,3055U\Phantom Prime.mtf
Porcupine,PRC-1N,2555,870,840,20,IS,3055U\Porcupine PRC-1N.mtf
Porcupine,PRC-2N,2556,901,901,20,IS,3055U\Porcupine PRC-2N.mtf
Pouncer,A,2557,2081,1937,40,Clan,3055U\Pouncer A.mtf
Pouncer,B,2558,1836,1809,40,Clan,3055U\Pouncer B.mtf
Pouncer,C,2559,1653,1653,40,Clan,3055U\Pouncer C.mtf
Pouncer,D,2560,2246,2257,40,Clan,3055U\Pouncer D.mtf
Pouncer,E,2561,1632,1632,40,Clan,3055U\Pouncer E.mtf
Pouncer,H,2562,1784,1776,40,Clan,3055U\Pouncer H.mtf
Pouncer,Prime,2563,2557,2557,40,Clan,3055U\Pouncer Prime.mtf
Prometheus,,4871,2401,2460,75,Mixed,3055U\Prometheus.mtf
Prowler,PWR-1X,2581,2019,816,55,Mixed,3055U\Prowler PWR-1X.mtf
Prowler,PWR-1X1,2582,1922,1922,55,Mixed,3055U\Prowler PWR-1X1.mtf
Raijin II,RJN-200-A,2628,1763,1589,50,IS,3055U\Raijin II RJN-200-A.mtf
Raijin II,RJN-200-B,2629,1439,1439,50,IS,3055U\Raijin II RJN-200-B.mtf
Raijin II,RJN-200-C,2630,1754,1595,50,IS,3055U\Raijin II RJN-200-C.mtf
Raijin,RJN-101-A,2626,1350,1350,50,IS,3055U\Raijin RJN 101-A.mtf
Rakshasa,MDG-1A,2631,1795,1770,75,IS,3055U\Rakshasa MDG-1A.mtf
Rakshasa,MDG-1B,2633,1748,1723,75,IS,3055U\Rakshasa MDG-1B.mtf
Rakshasa,MDG-2A,2634,1766,1873,75,IS,3055U\Rakshasa MDG-2A.mtf
Ronin,SA-RN,2738,1084,1058,50,IS,3055U\Ronin SA-RN.mtf
Ronin,SA-RN7,2739,1182,1155,50,IS,3055U\Ronin SA-RN7.mtf
Salamander,PPR-5S,2782,1769,1850,80,IS,3055U\Salamander PPR-5S.mtf
Salamander,PPR-5T,2783,1589,1647,80,IS,3055U\Salamander PPR-5T.mtf
Salamander,PPR-6S,2784,1714,1754,80,IS,3055U\Salamander PPR-6S.mtf
Salamander,PPR-6T,2785,1681,1735,80,IS,3055U\Salamander PPR-6T.mtf
Salamander,PPR-7S,2786,2023,1931,80,IS,3055U\Salamander PPR-7S.mtf
Sasquatch,SQS-TH-001,2798,1940,1936,85,IS,3055U\Sasquatch SQS-TH-001.mtf
Sasquatch,SQS-TH-002,2799,1993,1936,85,IS,3055U\Sasquatch SQS-TH-002.mtf
Sasquatch,SQS-TH-003,2800,1667,1587,85,IS,3055U\Sasquatch SQS-TH-003.mtf
Scarabus,SCB-9A,2813,846,825,30,IS,3055U\Scarabus SCB-9A.mtf
Scarabus,SCB-9T,2814,949,859,30,IS,3055U\Scarabus SCB-9T.mtf
Silver Fox,SVR-5X,2944,1432,1528,35,IS,3055U\Silver Fox SVR-5X.mtf
Silver Fox,SVR-5Y,2945,1316,1396,35,IS,3055U\Silver Fox SVR-5Y.mtf
Snake,SNK-1V,2974,980,1009,45,IS,3055U\Snake SNK-1V.mtf
Snake,SNK-2B,2976,1081,1115,45,IS,3055U\Snake SNK-2B.mtf
Spatha,SP1-X,2998,2222,1826,60,IS,3055U\Spatha SP1-X.mtf
Stealth,STH-1D,3052,1231,1231,45,IS,3055U\Stealth STH-1D.mtf
Stealth,STH-2D,3054,1508,1508,45,IS,3055U\Stealth STH-2D.mtf
Stealth,STH-2D1,3055,1339,1339,45,IS,3055U\Stealth STH-2D1.mtf
Stealth,STH-2D2,3056,1339,1339,45,IS,3055U\Stealth STH-2D2.mtf
Stealth,STH-3S,3057,1577,1577,45,IS,3055U\Stealth STH-3S.mtf
Tarantula,ZPH-1,3160,666,662,25,IS,3055U\Tarantula ZPH-1.mtf
Tarantula,ZPH-2A,3161,744,740,25,IS,3055U\Tarantula ZPH-2A.mtf
Tarantula,ZPH-3A,3162,702,697,25,IS,3055U\Tarantula ZPH-3A.mtf
Tarantula,ZPH-4A,3163,967,927,25,IS,3055U\Tarantula ZPH-4A.mtf
Tempest,TMP-3G,5188,1810,1819,65,IS,3055U\Tempest TMP-3G.mtf
Tempest,TMP-3M,3169,1786,1794,65,IS,3055U\Tempest TMP-3M.mtf
Tempest,TMP-3M2 'Storm Tempest',3170,1642,1648,65,IS,3055U\Tempest TMP-3M2_Storm_Tempest.mtf
Tempest,TMP-3MA,5189,1425,1425,65,IS,3055U\Tempest TMP-3MA.mtf
Thunder,THR-1L,3214,1471,1723,70,IS,3055U\Thunder THR-1L.mtf
Thunder,THR-2L,3215,1951,2192,70,IS,3055U\Thunder THR-2L.mtf
Thunder,THR-3L,3216,1904,2069,70,IS,3055U\Thunder THR-3L.mtf
Tsunami,TS-P1,3311,933,914,40,IS,3055U\Tsunami TS-P1.mtf
Tsunami,TS-P1D,3312,1298,1208,40,IS,3055U\Tsunami TS-P1D.mtf
Venom,SDR-9K,3398,798,798,35,IS,3055U\Venom SDR-9K.mtf
Venom,SDR-9KA,3399,865,865,35,IS,3055U\Venom SDR-9KA.mtf
Venom,SDR-9KB,3400,769,770,35,IS,3055U\Venom SDR-9KB.mtf
Venom,SDR-9KC,3401,939,939,35,IS,3055U\Venom SDR-9KC.mtf
Viper,3,3434,2421,2421,75,Clan,3055U\Viper (Black Python) 3.mtf
Viper,4,3435,2594,2594,75,Clan,3055U\Viper (Black Python) 4.mtf
Vixen,4,3444,1581,1581,30,Clan,3055U\Vixen (Incubus) 4.mtf
Vixen,5,3445,1364,1385,30,Clan,3055U\Vixen (Incubus) 5.mtf
Vixen,,3441,1596,1618,30,Clan,3055U\Vixen (Incubus).mtf
Volkh,VKH-1,3447,1635,1786,45,IS,3055U\Volkh VKH-1.mtf
Volkh,VKH-7,3448,1578,1717,45,IS,3055U\Volkh VKH-7.mtf
War Dog,WR-DG-02FC,3476,1814,1849,75,IS,3055U\War Dog WR-DG-02FC.mtf
War Dog,WR-DG-03FC,3477,1962,1783,75,IS,3055U\War Dog WR-DG-03FC.mtf
Watchman,WTC-4DM,3533,1225,1225,40,IS,3055U\Watchman WTC-4DM.mtf
Watchman,WTC-4M,3534,1067,1057,40,IS,3055U\Watchman WTC-4M.mtf
Werewolf,WER-LF-004,3535,802,802,40,IS,3055U\Werewolf WER-LF-004.mtf
Werewolf,WER-LF-005,3536,1082,1055,40,IS,3055U\Werewolf WER-LF-005.mtf
Wildfire,P1-WF,5409,1292,1415,65,IS,3055U\Wildfire P1-WF.mtf
Wraith,TR1,3588,1287,1287,55,IS,3055U\Wraith TR1.mtf
Wraith,TR2,3589,1485,1485,55,IS,3055U\Wraith TR2.mtf
Wraith,TR3,3591,1310,1310,55,IS,3055U\Wraith TR3.mtf
Avatar,AV1-O,160,1395,1429,70,IS,3058Uu\Avatar AV1-O.mtf
Avatar,AV1-OA,161,1481,1526,70,IS,3058Uu\Avatar AV1-OA.mtf
Avatar,AV1-OB,162,1496,1530,70,IS,3058Uu\Avatar AV1-OB.mtf
Avatar,AV1-OC,163,1406,1382,70,IS,3058Uu\Avatar AV1-OC.mtf
Avatar,AV1-OD,164,1475,1499,70,IS,3058Uu\Avatar AV1-OD.mtf
Avatar,AV1-OE,165,1563,1590,70,IS,3058Uu\Avatar AV1-OE.mtf
Avatar,AV1-OF,166,1667,2028,70,IS,3058Uu\Avatar AV1-OF.mtf
Avatar,AV1-OG,167,1775,1792,70,IS,3058Uu\Avatar AV1-OG.mtf
Avatar,AV1-OH,168,1604,1628,70,IS,3058Uu\Avatar AV1-OH.mtf
Avatar,AV1-OI,169,1606,1588,70,IS,3058Uu\Avatar AV1-OI.mtf
Avatar,AV1-OR,170,1833,1801,70,Mixed,3058Uu\Avatar AV1-OR.mtf
Battle Cobra,A,261,1466,1466,40,Clan,3058Uu\Battle Cobra A.mtf
Battle Cobra,B,262,1892,1892,40,Clan,3058Uu\Battle Cobra B.mtf
Battle Cobra,BTL-C-2O,263,944,944,40,IS,3058Uu\Battle Cobra BTL-C-2O.mtf
Battle Cobra,BTL-C-2OA,264,1113,1113,40,IS,3058Uu\Battle Cobra BTL-C-2OA.mtf
Battle Cobra,BTL-C-2OB,265,895,895,40,IS,3058Uu\Battle Cobra BTL-C-2OB.mtf
Battle Cobra,BTL-C-2OC,266,726,823,40,IS,3058Uu\Battle Cobra BTL-C-2OC.mtf
Battle Cobra,BTL-C-2OD,267,1221,1220,40,IS,3058Uu\Battle Cobra BTL-C-2OD.mtf
Battle Cobra,BTL-C-2OE,268,840,840,40,IS,3058Uu\Battle Cobra BTL-C-2OE.mtf
Battle Cobra,BTL-C-2OF,269,1300,1135,40,IS,3058Uu\Battle Cobra BTL-C-2OF.mtf
Battle Cobra,C,270,1484,1484,40,Clan,3058Uu\Battle Cobra C.mtf
Battle Cobra,H,272,1592,1592,40,Clan,3058Uu\Battle Cobra H.mtf
Battle Cobra,Prime,273,1487,1487,40,Clan,3058Uu\Battle Cobra Prime.mtf
Black Hawk-KU,BHKU-O,345,1731,1731,60,IS,3058Uu\Black Hawk-KU BHKU-O.mtf
Black Hawk-KU,BHKU-OA,347,1770,1700,60,IS,3058Uu\Black Hawk-KU BHKU-OA.mtf
Black Hawk-KU,BHKU-OB,348,1303,1303,60,IS,3058Uu\Black Hawk-KU BHKU-OB.mtf
Black Hawk-KU,BHKU-OC,349,1597,1606,60,IS,3058Uu\Black Hawk-KU BHKU-OC.mtf
Black Hawk-KU,BHKU-OD,350,1539,1539,60,IS,3058Uu\Black Hawk-KU BHKU-OD.mtf
Black Hawk-KU,BHKU-OE,351,1982,1982,60,IS,3058Uu\Black Hawk-KU BHKU-OE.mtf
Black Hawk-KU,BHKU-OF,352,1759,1759,60,IS,3058Uu\Black Hawk-KU BHKU-OF.mtf
Black Hawk-KU,BHKU-OR,3825,2193,2179,60,Mixed,3058Uu\Black Hawk-KU BHKU-OR.mtf
Black Hawk-KU,BHKU-OX,354,1941,1863,60,IS,3058Uu\Black Hawk-KU BHKU-OX.mtf
Black Lanner,A,363,2308,2305,55,Clan,3058Uu\Black Lanner A.mtf
Black Lanner,B,364,1961,1787,55,Clan,3058Uu\Black Lanner B.mtf
Black Lanner,C,365,2523,2514,55,Clan,3058Uu\Black Lanner C.mtf
Black Lanner,D,366,1809,1807,55,Clan,3058Uu\Black Lanner D.mtf
Black Lanner,E,367,2331,2331,55,Clan,3058Uu\Black Lanner E.mtf
Black Lanner,H,368,1928,1928,55,Clan,3058Uu\Black Lanner H.mtf
Black Lanner,Prime,369,2268,2238,55,Clan,3058Uu\Black Lanner Prime.mtf
Blackjack,BJ2-O,378,1201,1201,50,IS,3058Uu\Blackjack BJ2-O.mtf
Blackjack,BJ2-OA,379,1318,1318,50,IS,3058Uu\Blackjack BJ2-OA.mtf
Blackjack,BJ2-OB,380,1323,1332,50,IS,3058Uu\Blackjack BJ2-OB.mtf
Blackjack,BJ2-OC,381,1189,1189,50,IS,3058Uu\Blackjack BJ2-OC.mtf
Blackjack,BJ2-OD,382,1375,1375,50,IS,3058Uu\Blackjack BJ2-OD.mtf
Blackjack,BJ2-OE,383,1260,1266,50,IS,3058Uu\Blackjack BJ2-OE.mtf
Blackjack,BJ2-OF,384,1405,1405,50,IS,3058Uu\Blackjack BJ2-OF.mtf
Blackjack,BJ2-OR,385,2010,2018,50,Mixed,3058Uu\Blackjack BJ2-OR.mtf
Blackjack,BJ2-OX,387,1320,1265,50,IS,3058Uu\Blackjack BJ2-OX.mtf
Bushwacker,BSW-L1,447,1513,1809,55,IS,3058Uu\Bushwacker BSW-L1.mtf
Bushwacker,BSW-S2,448,1293,1318,55,IS,3058Uu\Bushwacker BSW-S2.mtf
Bushwacker,BSW-X1,450,1223,1253,55,IS,3058Uu\Bushwacker BSW-X1.mtf
Bushwacker,BSW-X2,451,1193,1223,55,IS,3058Uu\Bushwacker BSW-X2.mtf
Cauldron-Born,A,490,2429,2474,65,Clan,3058Uu\Cauldron-Born (Ebon Jaguar) A.mtf
Cauldron-Born,B,491,2535,2532,65,Clan,3058Uu\Cauldron-Born (Ebon Jaguar) B.mtf
Cauldron-Born,C,492,1831,1713,65,Clan,3058Uu\Cauldron-Born (Ebon Jaguar) C.mtf
Cauldron-Born,D,493,2228,2228,65,Clan,3058Uu\Cauldron-Born (Ebon Jaguar) D.mtf
Cauldron-Born,H,495,2359,2461,65,Clan,3058Uu\Cauldron-Born (Ebon Jaguar) H.mtf
Cauldron-Born,Prime,496,1952,1880,65,Clan,3058Uu\Cauldron-Born (Ebon Jaguar) Prime.mtf
Cestus,CTS-6X,532,1424,1424,65,IS,3058Uu\Cestus CTS-6X.mtf
Cestus,CTS-6Y,533,1701,1710,65,IS,3058Uu\Cestus CTS-6Y.mtf
Cestus,CTS-6Z,534,1560,1560,65,IS,3058Uu\Cestus CTS-6Z.mtf
Cestus,CTS-7A,535,1519,1519,65,IS,3058Uu\Cestus CTS-7A.mtf
Chameleon,CLN-7V,543,1042,1043,50,IS,3058Uu\Chameleon CLN-7V.mtf
Chameleon,CLN-7W,544,1243,1243,50,IS,3058Uu\Chameleon CLN-7W.mtf
Chameleon,CLN-7Z,545,1527,1527,50,IS,3058Uu\Chameleon CLN-7Z.mtf
Crossbow,A,730,1797,1766,65,Clan,3058Uu\Crossbow A.mtf
Crossbow,B,731,1687,1665,65,Clan,3058Uu\Crossbow B.mtf
Crossbow,C,732,1557,1555,65,Clan,3058Uu\Crossbow C.mtf
Crossbow,D,736,1154,1153,65,Clan,3058Uu\Crossbow D.mtf
Crossbow,H,738,1707,1650,65,Clan,3058Uu\Crossbow H.mtf
Crossbow,Prime,739,1829,1681,65,Clan,3058Uu\Crossbow Prime.mtf
Devastator,DVS-1D,893,1858,1858,100,IS,3058Uu\Devastator DVS-1D.mtf
Devastator,DVS-2,894,2481,2498,100,IS,3058Uu\Devastator DVS-2.mtf
Devastator,DVS-3,895,2452,2468,100,IS,3058Uu\Devastator DVS-3.mtf
Dragon Fire,DGR-3F,913,1855,1881,75,IS,3058Uu\Dragon Fire DGR-3F.mtf
Dragon Fire,DGR-4F,914,1900,1926,75,IS,3058Uu\Dragon Fire DGR-4F.mtf
Dragon Fire,DGR-6FC,915,1858,1884,75,IS,3058Uu\Dragon Fire DGR-6FC.mtf
Emperor,EMP-5A,963,1830,1830,90,IS,3058Uu\Emperor EMP-5A.mtf
Emperor,EMP-6A,964,1969,2005,90,IS,3058Uu\Emperor EMP-6A.mtf
Emperor,EMP-6D,966,2382,2579,90,IS,3058Uu\Emperor EMP-6D.mtf
Emperor,EMP-6L,967,2681,2560,90,IS,3058Uu\Emperor EMP-6L.mtf
Emperor,EMP-6M,968,2090,2002,90,IS,3058Uu\Emperor EMP-6M.mtf
Emperor,EMP-6S,970,2065,2385,90,IS,3058Uu\Emperor EMP-6S.mtf
Emperor,EMP-7L,971,2179,2034,90,IS,3058Uu\Emperor EMP-7L.mtf
Enfield,END-6J,972,1417,1437,50,IS,3058Uu\Enfield END-6J.mtf
Enfield,END-6Q,973,1248,1268,50,IS,3058Uu\Enfield END-6Q.mtf
Enfield,END-6S,974,1413,1393,50,IS,3058Uu\Enfield END-6S.mtf
Excalibur,EXC-B1,997,1549,1544,70,IS,3058Uu\Excalibur EXC-B1.mtf
Excalibur,EXC-B2,998,1533,1557,70,IS,3058Uu\Excalibur EXC-B2.mtf
Excalibur,EXC-C1,1000,1637,1666,70,IS,3058Uu\Excalibur EXC-C1.mtf
Excalibur,EXC-CS,1002,2174,2084,70,IS,3058Uu\Excalibur EXC-CS.mtf
Excalibur,EXC-D1,1003,1949,2081,70,IS,3058Uu\Excalibur EXC-D1.mtf
Falcon Hawk,FNHK-9K,1030,1030,1007,35,IS,3058Uu\Falcon Hawk FNHK-9K.mtf
Falcon Hawk,FNHK-9K1A,1031,1040,1017,35,IS,3058Uu\Falcon Hawk FNHK-9K1A.mtf
Falcon Hawk,FNHK-9K1B,1032,1116,1116,35,IS,3058Uu\Falcon Hawk FNHK-9K1B.mtf
Fire Falcon,A,1063,822,793,25,Clan,3058Uu\Fire Falcon A.mtf
Fire Falcon,B,1064,1570,1570,25,Clan,3058Uu\Fire Falcon B.mtf
Fire Falcon,C,1065,1004,1002,25,Clan,3058Uu\Fire Falcon C.mtf
Fire Falcon,D,1066,826,826,25,Clan,3058Uu\Fire Falcon D.mtf
Fire Falcon,E,1067,1094,1094,25,Clan,3058Uu\Fire Falcon E.mtf
Fire Falcon,H,1069,1162,1162,25,Clan,3058Uu\Fire Falcon H.mtf
Fire Falcon,Prime,1070,1451,1446,25,Clan,3058Uu\Fire Falcon Prime.mtf
Firestarter,FS9-O,1099,1144,1144,45,IS,3058Uu\Firestarter FS9-O.mtf
Firestarter,FS9-OA,1100,976,976,45,IS,3058Uu\Firestarter FS9-OA.mtf
Firestarter,FS9-OB,1101,1070,1070,45,IS,3058Uu\Firestarter FS9-OB.mtf
Firestarter,FS9-OC,1102,1006,1006,45,IS,3058Uu\Firestarter FS9-OC.mtf
Firestarter,FS9-OD,1103,1322,1322,45,IS,3058Uu\Firestarter FS9-OD.mtf
Firestarter,FS9-OE,1104,998,978,45,IS,3058Uu\Firestarter FS9-OE.mtf
Firestarter,FS9-OF,1105,1446,1446,45,IS,3058Uu\Firestarter FS9-OF.mtf
Firestarter,FS9-OG,1106,1063,1082,45,IS,3058Uu\Firestarter FS9-OG.mtf
Firestarter,FS9-OH,1107,1119,1126,45,IS,3058Uu\Firestarter FS9-OH.mtf
Firestarter,FS9-OR,1108,1713,1660,45,Mixed,3058Uu\Firestarter FS9-OR.mtf
Firestarter,FS9-OX,1110,1190,1171,45,IS,3058Uu\Firestarter FS9-OX.mtf
Grendel,A,1286,2031,1838,45,Clan,3058Uu\Grendel (Mongrel) A.mtf
Grendel,B,1287,1903,1865,45,Clan,3058Uu\Grendel (Mongrel) B.mtf
Grendel,C,1288,1465,1434,45,Clan,3058Uu\Grendel (Mongrel) C.mtf
Grendel,D,1289,2212,2212,45,Clan,3058Uu\Grendel (Mongrel) D.mtf
Grendel,E,1290,1806,1806,45,Clan,3058Uu\Grendel (Mongrel) E.mtf
Grendel,F,1291,1997,1900,45,Clan,3058Uu\Grendel (Mongrel) F.mtf
Grendel,H,1292,1965,1958,45,Clan,3058Uu\Grendel (Mongrel) H.mtf
Grendel,Prime,1293,2290,2281,45,Clan,3058Uu\Grendel (Mongrel) Prime.mtf
Grizzly,2,1333,2195,2195,70,Clan,3058Uu\Grizzly 2.mtf
Grizzly,,1332,2219,2200,70,Clan,3058Uu\Grizzly.mtf
Hankyu,A,1378,1117,1099,30,Clan,3058Uu\Hankyu (Arctic Cheetah) A.mtf
Hankyu,B,1379,1076,1062,30,Clan,3058Uu\Hankyu (Arctic Cheetah) B.mtf
Hankyu,C,1380,1840,1837,30,Clan,3058Uu\Hankyu (Arctic Cheetah) C.mtf
Hankyu,D,1381,1080,952,30,Clan,3058Uu\Hankyu (Arctic Cheetah) D.mtf
Hankyu,H,1383,1264,1264,30,Clan,3058Uu\Hankyu (Arctic Cheetah) H.mtf
Hankyu,Prime,1384,1334,1299,30,Clan,3058Uu\Hankyu (Arctic Cheetah) Prime.mtf
Hunchback IIC,2,1569,1869,1869,50,Clan,3058Uu\Hunchback IIC 2.mtf
Hunchback IIC,3,1570,1951,1951,50,Clan,3058Uu\Hunchback IIC 3.mtf
Hunchback IIC,,1568,1679,1808,50,Clan,3058Uu\Hunchback IIC.mtf
Kingfisher,A,1779,2261,2261,90,Clan,3058Uu\Kingfisher A.mtf
Kingfisher,B,1780,2472,2508,90,Clan,3058Uu\Kingfisher B.mtf
Kingfisher,C,1781,2644,2644,90,Clan,3058Uu\Kingfisher C.mtf
Kingfisher,D,1782,2364,2364,90,Clan,3058Uu\Kingfisher D.mtf
Kingfisher,E,1783,2443,2443,90,Clan,3058Uu\Kingfisher E.mtf
Kingfisher,H,1785,2525,2525,90,Clan,3058Uu\Kingfisher H.mtf
Kingfisher,Prime,1786,2401,2381,90,Clan,3058Uu\Kingfisher Prime.mtf
Kodiak,2,1806,2856,2905,100,Clan,3058Uu\Kodiak 2.mtf
Kodiak,3,1807,2615,2486,100,Clan,3058Uu\Kodiak 3.mtf
Kodiak,4,1808,2728,2558,100,Clan,3058Uu\Kodiak 4.mtf
Kodiak,5,1809,3067,3067,100,Clan,3058Uu\Kodiak 5.mtf
Kodiak,,1805,2927,3024,100,Clan,3058Uu\Kodiak.mtf
Lineholder,KW1-LH2,1893,1280,1280,55,IS,3058Uu\Lineholder KW1-LH2.mtf
Lineholder,KW1-LH3,1894,1214,1214,55,IS,3058Uu\Lineholder KW1-LH3.mtf
Lineholder,KW1-LH8 'Linebreaker',1895,1330,1358,55,IS,3058Uu\Lineholder KW1-LH8.mtf
Lineholder,KW2-LHW,1896,1484,1484,55,IS,3058Uu\Lineholder KW2-LHW.mtf
Longbow,LGB-7Q,1936,1618,1618,85,IS,3058Uu\Longbow LGB-7Q.mtf
Longbow,LGB-7V,1937,1816,1870,85,IS,3058Uu\Longbow LGB-7V.mtf
Lynx,LNX-8Q,1966,1292,1292,55,IS,3058Uu\Lynx LNX-8Q.mtf
Lynx,LNX-9C,1967,1630,1630,55,IS,3058Uu\Lynx LNX-9C.mtf
Lynx,LNX-9Q,1968,1725,1725,55,IS,3058Uu\Lynx LNX-9Q.mtf
Lynx,LNX-9R,1969,1755,1755,55,IS,3058Uu\Lynx LNX-9R.mtf
Maelstrom,MTR-5K,1988,1694,1694,75,IS,3058Uu\Maelstrom MTR-5K.mtf
Maelstrom,MTR-6E,1989,1806,1806,75,IS,3058Uu\Maelstrom MTR-6E.mtf
Maelstrom,MTR-6K,1990,1678,1678,75,IS,3058Uu\Maelstrom MTR-6K.mtf
Merlin,MLN-1A,2177,1217,1218,60,IS,3058Uu\Merlin MLN-1A.mtf
Merlin,MLN-1B,2178,1228,1228,60,IS,3058Uu\Merlin MLN-1B.mtf
Merlin,MLN-1C,2180,1267,1267,60,IS,3058Uu\Merlin MLN-1C.mtf
Night Gyr,A,2263,2680,2722,75,Clan,3058Uu\Night Gyr A.mtf
Night Gyr,B,2264,2140,2132,75,Clan,3058Uu\Night Gyr B.mtf
Night Gyr,C,2265,2468,2466,75,Clan,3058Uu\Night Gyr C.mtf
Night Gyr,D,2266,2889,2636,75,Clan,3058Uu\Night Gyr D.mtf
Night Gyr,E,2267,2717,2717,75,Clan,3058Uu\Night Gyr E.mtf
Night Gyr,H,2269,2428,2428,75,Clan,3058Uu\Night Gyr H.mtf
Night Gyr,Prime,2270,2830,2830,75,Clan,3058Uu\Night Gyr Prime.mtf
Night Hawk,NTK-2Q,2271,997,997,35,IS,3058Uu\Night Hawk NTK-2Q.mtf
Night Hawk,NTK-2S,2272,1017,1017,35,IS,3058Uu\Night Hawk NTK-2S.mtf
Nightstar,NSR-9FC,2285,1929,1965,95,IS,3058Uu\Nightstar NSR-9FC.mtf
Nightstar,NSR-9J,2286,2399,2416,95,IS,3058Uu\Nightstar NSR-9J.mtf
Nightstar,NSR-9SS,2287,2145,2498,95,IS,3058Uu\Nightstar NSR-9SS.mtf
Nobori-nin,A,2289,2034,1998,50,Clan,3058Uu\Nobori-nin (Huntsman) A.mtf
Nobori-nin,B,2290,2156,2156,50,Clan,3058Uu\Nobori-nin (Huntsman) B.mtf
Nobori-nin,C,2291,2199,2011,50,Clan,3058Uu\Nobori-nin (Huntsman) C.mtf
Nobori-nin,D,2292,2007,2007,50,Clan,3058Uu\Nobori-nin (Huntsman) D.mtf
Nobori-nin,H,2294,2495,2493,50,Clan,3058Uu\Nobori-nin (Huntsman) H.mtf
Nobori-nin,N,2295,2556,2556,50,Clan,3058Uu\Nobori-nin (Huntsman) N.mtf
Nobori-nin,Prime,2296,2108,2043,50,Clan,3058Uu\Nobori-nin (Huntsman) Prime.mtf
O-Bakemono,OBK-M10,2310,1659,2024,80,IS,3058Uu\O-Bakemono OBK-M10.mtf
O-Bakemono,OBK-M11,2311,1793,1497,80,IS,3058Uu\O-Bakemono OBK-M11.mtf
O-Bakemono,OBK-M12,2312,1732,1510,80,IS,3058Uu\O-Bakemono OBK-M12.mtf
Owens,OW-1,2384,839,839,35,IS,3058Uu\Owens OW-1.mtf
Owens,OW-1A,2385,680,680,35,IS,3058Uu\Owens OW-1A.mtf
Owens,OW-1B,2386,752,752,35,IS,3058Uu\Owens OW-1B.mtf
Owens,OW-1C,2387,964,964,35,IS,3058Uu\Owens OW-1C.mtf
Owens,OW-1D,2388,655,676,35,IS,3058Uu\Owens OW-1D.mtf
Owens,OW-1E,2389,833,833,35,IS,3058Uu\Owens OW-1E.mtf
Owens,OW-1F,2390,933,933,35,IS,3058Uu\Owens OW-1F.mtf
Owens,OW-1R,2391,1215,1215,35,Mixed,3058Uu\Owens OW-1R.mtf
Pillager,PLG-1N,2524,1812,1812,100,IS,3058Uu\Pillager PLG-1N.mtf
Pillager,PLG-3Z,2525,2697,2714,100,IS,3058Uu\Pillager PLG-3Z.mtf
Pillager,PLG-4Z,2527,2868,2868,100,IS,3058Uu\Pillager PLG-4Z.mtf
Pillager,PLG-5L,2528,2656,2967,100,IS,3058Uu\Pillager PLG-5L.mtf
Pillager,PLG-5Z,2529,2939,2790,100,IS,3058Uu\Pillager PLG-5Z.mtf
Piranha,2,2536,853,853,20,Clan,3058Uu\Piranha 2.mtf
Piranha,3,2537,1142,1139,20,Clan,3058Uu\Piranha 3.mtf
Piranha,,2535,998,1001,20,Clan,3058Uu\Piranha.mtf
Raptor,RTX1-O,2647,721,722,25,IS,3058Uu\Raptor RTX1-O.mtf
Raptor,RTX1-OA,2648,783,783,25,IS,3058Uu\Raptor RTX1-OA.mtf
Raptor,RTX1-OB,2649,613,613,25,IS,3058Uu\Raptor RTX1-OB.mtf
Raptor,RTX1-OC,2650,870,854,25,IS,3058Uu\Raptor RTX1-OC.mtf
Raptor,RTX1-OD,2651,490,491,25,IS,3058Uu\Raptor RTX1-OD.mtf
Raptor,RTX1-OE,2652,597,597,25,IS,3058Uu\Raptor RTX1-OE.mtf
Raptor,RTX1-OF,2653,1029,1029,25,IS,3058Uu\Raptor RTX1-OF.mtf
Raptor,RTX1-OG,2654,857,724,25,IS,3058Uu\Raptor RTX1-OG.mtf
Raptor,RTX1-OR,2655,1393,1393,25,Mixed,3058Uu\Raptor RTX1-OR.mtf
Shadow Cat,A,2887,2220,2199,45,Clan,3058Uu\Shadow Cat A.mtf
Shadow Cat,B,2888,2420,2224,45,Clan,3058Uu\Shadow Cat B.mtf
Shadow Cat,C,2889,2199,2199,45,Clan,3058Uu\Shadow Cat C.mtf
Shadow Cat,H,2890,2155,2031,45,Clan,3058Uu\Shadow Cat H.mtf
Shadow Cat,Prime,2892,2156,2153,45,Clan,3058Uu\Shadow Cat Prime.mtf
Shootist,ST-8A,2939,1507,1489,70,IS,3058Uu\Shootist ST-8A.mtf
Shootist,ST-8C,2940,1528,1510,70,IS,3058Uu\Shootist ST-8C.mtf
Shootist,ST-9C,2941,1727,1727,70,IS,3058Uu\Shootist ST-9C.mtf
Spartan,SPT-N1,2994,1498,1469,80,IS,3058Uu\Spartan SPT-N1.mtf
Spartan,SPT-N2,2995,1605,1576,80,IS,3058Uu\Spartan SPT-N2.mtf
Spartan,SPT-N3,2996,1631,1631,80,IS,3058Uu\Spartan SPT-N3.mtf
Spartan,SPT-NF,2997,1605,1615,80,IS,3058Uu\Spartan SPT-NF.mtf
Spector,SPR-4F,3002,1224,1162,35,IS,3058Uu\Spector SPR-4F.mtf
Spector,SPR-5F,3003,1183,1183,35,IS,3058Uu\Spector SPR-5F.mtf
Spector,SPR-5S,3004,1155,1155,35,IS,3058Uu\Spector SPR-5S.mtf
Spector,SPR-ST,3005,1438,1438,35,IS,3058Uu\Spector SPR-ST.mtf
Starslayer,STY-2C,3048,1365,1355,50,IS,3058Uu\Starslayer STY-2C.mtf
Starslayer,STY-3C,3049,1508,1498,50,IS,3058Uu\Starslayer STY-3C.mtf
Starslayer,STY-3D,3050,1593,1593,50,IS,3058Uu\Starslayer STY-3D.mtf
Strider,SR1-O,3084,867,847,40,IS,3058Uu\Strider SR1-O.mtf
Strider,SR1-OA,3085,723,723,40,IS,3058Uu\Strider SR1-OA.mtf
Strider,SR1-OB,3086,910,890,40,IS,3058Uu\Strider SR1-OB.mtf
Strider,SR1-OC,3087,944,925,40,IS,3058Uu\Strider SR1-OC.mtf
Strider,SR1-OD,3088,873,863,40,IS,3058Uu\Strider SR1-OD.mtf
Strider,SR1-OE,3089,976,956,40,IS,3058Uu\Strider SR1-OE.mtf
Strider,SR1-OF,3090,1032,1023,40,IS,3058Uu\Strider SR1-OF.mtf
Strider,SR1-OG,3091,883,863,40,IS,3058Uu\Strider SR1-OG.mtf
Strider,SR1-OR,3092,1339,1307,40,Mixed,3058Uu\Strider SR1-OR.mtf
Strider,SR1-OX,3093,889,848,40,IS,3058Uu\Strider SR1-OX.mtf
Striker,STC-2C,3094,1488,1488,80,IS,3058Uu\Striker STC-2C.mtf
Striker,STC-2D,3095,1644,1644,80,IS,3058Uu\Striker STC-2D.mtf
Striker,STC-2S,3096,1466,1466,80,IS,3058Uu\Striker STC-2S.mtf
Sunder,SD1-O (Samual),3124,1593,1593,90,IS,3058Uu\Sunder SD1-O Samual.mtf
Sunder,SD1-O,3123,1747,1747,90,IS,3058Uu\Sunder SD1-O.mtf
Sunder,SD1-OA,3125,2003,2012,90,IS,3058Uu\Sunder SD1-OA.mtf
Sunder,SD1-OB,3126,1597,1597,90,IS,3058Uu\Sunder SD1-OB.mtf
Sunder,SD1-OC,3127,1735,1594,90,IS,3058Uu\Sunder SD1-OC.mtf
Sunder,SD1-OD,3128,1947,2271,90,IS,3058Uu\Sunder SD1-OD.mtf
Sunder,SD1-OE,3129,1876,1876,90,IS,3058Uu\Sunder SD1-OE.mtf
Sunder,SD1-OR,3130,2462,2453,90,Mixed,3058Uu\Sunder SD1-OR.mtf
Sunder,SD1-OX,3131,1761,1263,90,IS,3058Uu\Sunder SD1-OX.mtf
Supernova,2,3133,2741,2813,90,Clan,3058Uu\Supernova 2.mtf
Supernova,3,3134,3448,3448,90,Clan,3058Uu\Supernova 3.mtf
Supernova,4,3135,3158,3158,90,Clan,3058Uu\Supernova 4.mtf
Supernova,,3132,2801,2801,90,Clan,3058Uu\Supernova.mtf
Talon,TLN-5V,3152,1075,1075,35,IS,3058Uu\Talon TLN-5V.mtf
Talon,TLN-5W,3153,1175,1175,35,IS,3058Uu\Talon TLN-5W.mtf
Talon,TLN-5Z,3154,1168,1168,35,IS,3058Uu\Talon TLN-5Z.mtf
Thresher,2,3199,2337,2422,60,Clan,3058Uu\Thresher 2.mtf
Thresher,,3198,2314,2423,60,Clan,3058Uu\Thresher.mtf
Thunder Hawk,TDK-7KMA,3220,2449,2625,100,IS,3058Uu\Thunder Hawk TDK-7KMA.mtf
Thunder Hawk,TDK-7S,3221,2440,2465,100,IS,3058Uu\Thunder Hawk TDK-7S.mtf
Thunder Hawk,TDK-7X,3222,2577,2602,100,IS,3058Uu\Thunder Hawk TDK-7X.mtf
Thunder Hawk,TDK-7Y,3223,2489,2514,100,IS,3058Uu\Thunder Hawk TDK-7Y.mtf
Turkina,A,3326,2906,2772,95,Clan,3058Uu\Turkina A.mtf
Turkina,B,3327,3420,3420,95,Clan,3058Uu\Turkina B.mtf
Turkina,C,3328,2798,2660,95,Clan,3058Uu\Turkina C.mtf
Turkina,D,3329,3132,3132,95,Clan,3058Uu\Turkina D.mtf
Turkina,H,3331,2712,2712,95,Clan,3058Uu\Turkina H.mtf
Turkina,Prime,3332,2944,2836,95,Clan,3058Uu\Turkina Prime.mtf
Arctic Fox,AF1,91,983,983,30,IS,3060u\Arctic Fox AF1.mtf
Arctic Fox,AF1A,92,858,858,30,IS,3060u\Arctic Fox AF1A.mtf
Arctic Fox,AF1B,93,735,735,30,IS,3060u\Arctic Fox AF1B.mtf
Arctic Fox,AF1C,94,948,948,30,IS,3060u\Arctic Fox AF1C.mtf
Arctic Fox,AF1D,95,744,744,30,IS,3060u\Arctic Fox AF1D.mtf
Arctic Fox,AF1E,96,1094,1094,30,IS,3060u\Arctic Fox AF1E.mtf
Arctic Fox,AF1F,97,891,891,30,IS,3060u\Arctic Fox AF1F.mtf
Arctic Wolf,2,100,1511,1511,40,Clan,3060u\Arctic Wolf 2.mtf
Arctic Wolf,A,101,1587,1461,40,Clan,3060u\Arctic Wolf A.mtf
Arctic Wolf,J,102,1786,1736,40,Clan,3060u\Arctic Wolf J.mtf
Arctic Wolf,Prime,103,1641,1610,40,Clan,3060u\Arctic Wolf Prime.mtf
Arctic Wolf,,99,1330,1330,40,Clan,3060u\Arctic Wolf.mtf
Barghest,BGS-1T,252,1787,1779,70,IS,3060u\Barghest BGS-1T.mtf
Barghest,BGS-2T,253,1794,1786,70,IS,3060u\Barghest BGS-2T.mtf
Barghest,BGS-3T,254,1900,1671,70,IS,3060u\Barghest BGS-3T.mtf
Barghest,BGS-7S,255,1526,1390,70,IS,3060u\Barghest BGS-7S.mtf
Beowulf,BEO-12,327,1319,1319,45,IS,3060u\Beowulf BEO-12.mtf
Beowulf,BEO-14,328,1287,935,45,IS,3060u\Beowulf BEO-14.mtf
Bishamon,BSN-3K,332,1374,1365,45,IS,3060u\Bishamon BSN-3K.mtf
Bishamon,BSN-4K,333,1105,1096,45,IS,3060u\Bishamon BSN-4K.mtf
Bishamon,BSN-5KC,334,1443,1435,45,IS,3060u\Bishamon BSN-5KC.mtf
Black Watch,BKW-7R,371,1998,1899,85,IS,3060u\Black Watch BKW-7R.mtf
Black Watch,BKW-9R,372,2144,2153,85,IS,3060u\Black Watch BKW-9R.mtf
Blitzkrieg,BTZ-3F,394,1273,1273,50,IS,3060u\Blitzkrieg BTZ-3F.mtf
Blitzkrieg,BTZ-4F,395,1740,1740,50,IS,3060u\Blitzkrieg BTZ-4F.mtf
Buccaneer,BCN-3R,436,1434,1409,55,IS,3060u\Buccaneer BCN-3R.mtf
Buccaneer,BCN-5W,437,1393,1192,55,IS,3060u\Buccaneer BCN-5W.mtf
Buccaneer,BCN-6W,438,1121,1039,55,IS,3060u\Buccaneer BCN-6W.mtf
Canis,2,460,2822,2822,80,Clan,3060u\Canis 2.mtf
Canis,,459,2498,2498,80,Clan,3060u\Canis.mtf
Clint IIC,2,653,1890,1841,40,Clan,3060u\Clint IIC 2.mtf
Clint IIC,,652,1395,1395,40,Clan,3060u\Clint IIC.mtf
Cobra,CBR-02,655,1128,1128,45,IS,3060u\Cobra CBR-02.mtf
Cobra,CBR-03,656,1324,1285,45,IS,3060u\Cobra CBR-03.mtf
Commando IIC,,678,978,978,25,Clan,3060u\Commando IIC.mtf
Corvis,2,701,1455,1455,40,Clan,3060u\Corvis 2.mtf
Corvis,,700,1336,1336,40,Clan,3060u\Corvis.mtf
Cossack,C-1FC,702,483,377,20,IS,3060u\Cossack C-1FC.mtf
Cossack,C-SK1,703,465,465,20,IS,3060u\Cossack C-SK1.mtf
Cougar,A,704,1697,1489,35,Clan,3060u\Cougar A.mtf
Cougar,B,705,1774,1774,35,Clan,3060u\Cougar B.mtf
Cougar,C,706,1785,1785,35,Clan,3060u\Cougar C.mtf
Cougar,D,707,1309,1309,35,Clan,3060u\Cougar D.mtf
Cougar,Prime,712,1485,1447,35,Clan,3060u\Cougar Prime.mtf
Duan Gung,D9-G10,934,886,886,25,IS,3060u\Duan Gung D9-G10.mtf
Duan Gung,D9-G9,935,737,737,25,IS,3060u\Duan Gung D9-G9.mtf
Eagle,EGL-1M,936,757,743,25,IS,3060u\Eagle EGL-1M.mtf
Eagle,EGL-2M,937,800,800,25,IS,3060u\Eagle EGL-2M.mtf
Eagle,EGL-3M,938,645,546,25,IS,3060u\Eagle EGL-3M.mtf
Enforcer III,ENF-6M,982,1460,1460,50,IS,3060u\Enforcer III ENF-6M.mtf
Enforcer III,ENF-6NAIS,984,1475,1204,50,IS,3060u\Enforcer III ENF-6NAIS.mtf
Fire Scorpion,2,1072,1749,1785,65,Clan,3060u\Fire Scorpion 2.mtf
Fire Scorpion,3,1073,1904,1917,65,Clan,3060u\Fire Scorpion 3.mtf
Fire Scorpion,,1071,1546,1526,65,Clan,3060u\Fire Scorpion.mtf
Garm,GRM-01A,1189,701,701,35,IS,3060u\Garm GRM-01A.mtf
Garm,GRM-01A2,1190,1078,950,35,IS,3060u\Garm GRM-01A2.mtf
Garm,GRM-01B,1191,934,934,35,IS,3060u\Garm GRM-01B.mtf
Garm,GRM-01C,1192,1140,1182,35,IS,3060u\Garm GRM-01C.mtf
Great Wyrm,2,1285,1667,1667,45,Clan,3060u\Great Wyrm 2.mtf
Great Wyrm,,1284,1331,1311,45,Clan,3060u\Great Wyrm.mtf
Guillotine IIC,2,1346,2721,2643,70,Clan,3060u\Guillotine IIC 2.mtf
Guillotine IIC,,1345,2377,2395,70,Clan,3060u\Guillotine IIC.mtf
Ha Otoko,2,1356,2348,2285,65,Clan,3060u\Ha Otoko 2.mtf
Ha Otoko,HKO-1C,1357,1288,1288,65,IS,3060u\Ha Otoko HKO-1C.mtf
Ha Otoko,,1355,1873,1660,65,Clan,3060u\Ha Otoko.mtf
Hauptmann,HA1-O,1420,2157,2121,95,IS,3060u\Hauptmann HA1-O.mtf
Hauptmann,HA1-OA,1421,2311,2293,95,IS,3060u\Hauptmann HA1-OA.mtf
Hauptmann,HA1-OB,1422,2208,2181,95,IS,3060u\Hauptmann HA1-OB.mtf
Hauptmann,HA1-OC,1423,2322,2145,95,IS,3060u\Hauptmann HA1-OC.mtf
Hauptmann,HA1-OD,1424,2359,2359,95,IS,3060u\Hauptmann HA1-OD.mtf
Hauptmann,HA1-OE,1425,2298,2166,95,IS,3060u\Hauptmann HA1-OE.mtf
Helios,HEL-3D,1464,1618,1609,60,IS,3060u\Helios HEL-3D.mtf
Helios,HEL-4A,1465,1519,1501,60,IS,3060u\Helios HEL-4A.mtf
Helios,HEL-6X,1466,1761,1586,60,IS,3060u\Helios HEL-6X.mtf
Helios,HEL-C,1467,1533,1524,60,IS,3060u\Helios HEL-C.mtf
Highlander IIC,2,1525,2928,2793,90,Clan,3060u\Highlander IIC 2.mtf
Highlander IIC,,1524,2979,2840,90,Clan,3060u\Highlander IIC.mtf
Icestorm,2,1603,868,824,25,Clan,3060u\Icestorm 2.mtf
Icestorm,,1602,728,728,25,Clan,3060u\Icestorm.mtf
Initiate,INI-02,1620,1036,1014,40,IS,3060u\Initiate INI-02.mtf
Initiate,INI-04,1621,901,883,40,IS,3060u\Initiate INI-04.mtf
JagerMech III,JM6-D3,1672,1537,1537,65,IS,3060u\JagerMech III JM6-D3.mtf
JagerMech III,JM6-D4,1673,1831,1831,65,IS,3060u\JagerMech III JM6-D4.mtf
Jinggau,JN-G7L,1707,2137,1942,65,IS,3060u\Jinggau JN-G7L.mtf
Jinggau,JN-G8A,1708,2072,2081,65,IS,3060u\Jinggau JN-G8A.mtf
Jinggau,JN-G9CC,1710,1656,1431,65,IS,3060u\Jinggau JN-G9CC.mtf
Kabuto,KBO-7A,1728,524,524,20,IS,3060u\Kabuto KBO-7A.mtf
Kabuto,KBO-7B,1729,635,635,20,IS,3060u\Kabuto KBO-7B.mtf
Mandrill,,2011,1209,1061,30,Clan,3060u\Mandrill.mtf
Marshal,MHL-2L,2088,1313,1314,55,IS,3060u\Marshal MHL-2L.mtf
Marshal,MHL-6MC,2089,1467,1304,55,IS,3060u\Marshal MHL-6MC.mtf
Marshal,MHL-X1,2090,1163,1164,55,IS,3060u\Marshal MHL-X1.mtf
Matador,2,2099,1728,1728,60,Clan,3060u\Matador 2.mtf
Matador,,2098,2006,1997,60,Clan,3060u\Matador.mtf
Men Shen,MS1-O,2160,1550,1550,55,IS,3060u\Men Shen MS1-O.mtf
Men Shen,MS1-OA,2161,1529,1529,55,IS,3060u\Men Shen MS1-OA.mtf
Men Shen,MS1-OB,2162,1484,1474,55,IS,3060u\Men Shen MS1-OB.mtf
Men Shen,MS1-OC,2163,1435,1435,55,IS,3060u\Men Shen MS1-OC.mtf
Men Shen,MS1-OD,2164,1581,1581,55,IS,3060u\Men Shen MS1-OD.mtf
Men Shen,MS1-OE,2165,1625,1472,55,IS,3060u\Men Shen MS1-OE.mtf
Men Shen,MS1-OF,2166,1648,1648,55,IS,3060u\Men Shen MS1-OF.mtf
Nova Cat,A,2299,2629,2629,70,Clan,3060u\Nova Cat A.mtf
Nova Cat,B,2300,2492,2257,70,Clan,3060u\Nova Cat B.mtf
Nova Cat,C,2301,1944,1863,70,Clan,3060u\Nova Cat C.mtf
Nova Cat,D,2302,2084,2084,70,Clan,3060u\Nova Cat D.mtf
Nova Cat,E,2303,2191,2191,70,Clan,3060u\Nova Cat E.mtf
Nova Cat,F,2304,2706,2527,70,Clan,3060u\Nova Cat F.mtf
Nova Cat,G,2305,2522,2321,70,Clan,3060u\Nova Cat G.mtf
Nova Cat,Prime,2306,2530,2530,70,Clan,3060u\Nova Cat Prime.mtf
Orion IIC,,2340,2392,2302,75,Clan,3060u\Orion IIC.mtf
Pack Hunter,2,2393,1598,1598,30,Clan,3060u\Pack Hunter 2.mtf
Pack Hunter,3,2394,1747,1747,30,Clan,3060u\Pack Hunter 3.mtf
Pack Hunter,4,2395,1257,1220,30,Clan,3060u\Pack Hunter 4.mtf
Pack Hunter,,2392,1369,1369,30,Clan,3060u\Pack Hunter.mtf
Predator,2,2568,2159,2159,60,Clan,3060u\Predator 2.mtf
Predator,,2567,1754,1754,60,Clan,3060u\Predator.mtf
Sentry,SNT-04,2866,1069,1059,40,IS,3060u\Sentry SNT-04.mtf
Sentry,SNT-W5,2867,1143,963,40,IS,3060u\Sentry SNT-W5.mtf
Shugenja,SJA-7D,2942,1656,1609,75,IS,3060u\Shugenja SJA-7D.mtf
Shugenja,SJA-8H,2943,1691,1626,75,IS,3060u\Shugenja SJA-8H.mtf
Sirocco,SRC-3C,2951,2154,2200,95,IS,3060u\Sirocco SRC-3C.mtf
Sirocco,SRC-5C,2952,2107,2080,95,IS,3060u\Sirocco SRC-5C.mtf
Sirocco,SRC-6C,2953,2202,2089,95,IS,3060u\Sirocco SRC-6C.mtf
Snow Fox,2,2980,604,548,20,Clan,3060u\Snow Fox 2.mtf
Snow Fox,3,2981,903,900,20,Clan,3060u\Snow Fox 3.mtf
Snow Fox,,2979,807,776,20,Clan,3060u\Snow Fox.mtf
Stalking Spider,2,3046,2056,2125,50,Clan,3060u\Stalking Spider 2.mtf
Stalking Spider,3,3047,1643,1568,50,Clan,3060u\Stalking Spider 3.mtf
Stalking Spider,,3045,2232,2317,50,Clan,3060u\Stalking Spider.mtf
Star Adder,A,399,3452,3452,90,Clan,3060u\Star Adder (Blood Asp) A.mtf
Star Adder,B,400,2885,2764,90,Clan,3060u\Star Adder (Blood Asp) B.mtf
Star Adder,C,401,2270,2239,90,Clan,3060u\Star Adder (Blood Asp) C.mtf
Star Adder,D,402,2396,2395,90,Clan,3060u\Star Adder (Blood Asp) D.mtf
Star Adder,Prime,406,2654,2649,90,Clan,3060u\Star Adder (Blood Asp) Prime.mtf
Stooping Hawk,A,3076,2319,2319,55,Clan,3060u\Stooping Hawk A.mtf
Stooping Hawk,B,3077,2111,1951,55,Clan,3060u\Stooping Hawk B.mtf
Stooping Hawk,C,3078,2435,2435,55,Clan,3060u\Stooping Hawk C.mtf
Stooping Hawk,D,3079,1838,1838,55,Clan,3060u\Stooping Hawk D.mtf
Stooping Hawk,E,3080,1674,1674,55,Clan,3060u\Stooping Hawk E.mtf
Stooping Hawk,F,3081,1988,1909,55,Clan,3060u\Stooping Hawk F.mtf
Stooping Hawk,G,3082,1657,1439,55,Clan,3060u\Stooping Hawk G.mtf
Stooping Hawk,Prime,3083,2147,2147,55,Clan,3060u\Stooping Hawk Prime.mtf
Tai-sho,TSH-7S,3150,1774,1756,85,IS,3060u\Tai-sho TSH-7S.mtf
Tai-sho,TSH-8S,3151,2001,1932,85,IS,3060u\Tai-sho TSH-8S.mtf
Thunder Stallion,2 'Fire Stallion',3225,2575,2393,85,Clan,3060u\Thunder Stallion 2.mtf
Thunder Stallion,3,3226,2631,2562,85,Clan,3060u\Thunder Stallion 3.mtf
Thunder Stallion,,3224,2306,2100,85,Clan,3060u\Thunder Stallion.mtf
Ti Ts'ang,TSG-9C,3252,1989,1580,60,IS,3060u\Ti Ts'ang TSG-9C.mtf
Ti Ts'ang,TSG-9H,3254,1880,1622,60,IS,3060u\Ti Ts'ang TSG-9H.mtf
Ti Ts'ang,TSG-9J,3255,1909,1647,60,IS,3060u\Ti Ts'ang TSG-9J.mtf
Toyama,TYM-1A,3278,1714,1714,75,IS,3060u\Toyama TYM-1A.mtf
Toyama,TYM-1B,3279,1788,1770,75,IS,3060u\Toyama TYM-1B.mtf
Toyama,TYM-1C,3280,1727,1628,75,IS,3060u\Toyama TYM-1C.mtf
UrbanMech IIC,2,3362,855,855,30,Clan,3060u\UrbanMech IIC 2.mtf
UrbanMech IIC,,3361,798,798,30,Clan,3060u\UrbanMech IIC.mtf
Ursus,2,3364,2054,1975,50,Clan,3060u\Ursus 2.mtf
Ursus,,3363,1778,1762,50,Clan,3060u\Ursus.mtf
Viking,VKG-2F,3417,2079,1980,90,IS,3060u\Viking VKG-2F.mtf
Viking,VKG-2G,3418,2152,2134,90,IS,3060u\Viking VKG-2G.mtf
Viking,VKG-3A,3419,1876,1981,90,IS,3060u\Viking VKG-3A.mtf
Viking,VKG-3W,3420,1778,1698,90,IS,3060u\Viking VKG-3W.mtf
Wyvern IIC,2,3602,1537,1519,45,Clan,3060u\Wyvern IIC 2.mtf
Wyvern IIC,,3601,1624,1586,45,Clan,3060u\Wyvern IIC.mtf
Yeoman,YMN-10-OR,3618,1319,1265,60,IS,3060u\Yeoman YMN-10-OR.mtf
Yeoman,YMN-6Y,3619,1344,1290,60,IS,3060u\Yeoman YMN-6Y.mtf
Yu Huang,Y-H10G,3624,2433,2441,90,IS,3060u\Yu Huang Y-H10G.mtf
Yu Huang,Y-H11G,3625,2131,1970,90,IS,3060u\Yu Huang Y-H11G.mtf
Yu Huang,Y-H9G,3626,2074,2366,90,IS,3060u\Yu Huang Y-H9G.mtf
Yu Huang,Y-H9GB,3627,2039,2070,90,IS,3060u\Yu Huang Y-H9GB.mtf
Yu Huang,Y-H9GC,3628,2017,2279,90,IS,3060u\Yu Huang Y-H9GC.mtf
Arcas,3,5686,2305,2234,65,Clan,3067 Unabridged\Clan Meks\Arcas 3.mtf
Bowman,2,3858,2567,2364,70,Clan,3067 Unabridged\Clan Meks\Bowman 2.mtf
Bowman,3,5690,2767,2819,70,Clan,3067 Unabridged\Clan Meks\Bowman 3.mtf
Bowman,4,5691,1854,2148,70,Clan,3067 Unabridged\Clan Meks\Bowman 4.mtf
Bowman,,3857,2308,2490,70,Clan,3067 Unabridged\Clan Meks\Bowman.mtf
Burrock,2,5694,2864,2864,75,Clan,3067 Unabridged\Clan Meks\Burrock 2.mtf
Crimson Langur,D,5676,1867,1867,50,Clan,3067 Unabridged\Clan Meks\Crimson Langur D.mtf
Crimson Langur,E,5677,2051,2046,50,Clan,3067 Unabridged\Clan Meks\Crimson Langur E.mtf
Hellfire,3,5685,2138,2040,60,Clan,3067 Unabridged\Clan Meks\Hellfire 3.mtf
Lobo,2,5668,1869,1806,40,Clan,3067 Unabridged\Clan Meks\Lobo 2.mtf
Lobo,3,5669,1824,1810,40,Clan,3067 Unabridged\Clan Meks\Lobo 3.mtf
Mad Cat Mk II,2,5715,2822,2725,90,Clan,3067 Unabridged\Clan Meks\Mad Cat Mk II 2.mtf
Mad Cat Mk II,3,5716,3168,3196,90,Clan,3067 Unabridged\Clan Meks\Mad Cat Mk II 3.mtf
Pinion,3,5675,1611,1611,45,Clan,3067 Unabridged\Clan Meks\Pinion 3.mtf
Rabid Coyote,2,5682,2083,2125,55,Clan,3067 Unabridged\Clan Meks\Rabid Coyote 2.mtf
Savage Coyote,J,5705,2554,2459,85,Clan,3067 Unabridged\Clan Meks\Savage Coyote J.mtf
Savage Coyote,W,5706,2792,2710,85,Clan,3067 Unabridged\Clan Meks\Savage Coyote W.mtf
Scylla,2,5723,2839,2907,100,Clan,3067 Unabridged\Clan Meks\Scylla 2.mtf
Scylla,3,5724,2820,2855,100,Clan,3067 Unabridged\Clan Meks\Scylla 3.mtf
Solitaire,2,5655,1471,1496,25,Clan,3067 Unabridged\Clan Meks\Solitaire 2.mtf
Spirit,2,5665,1773,1773,35,Clan,3067 Unabridged\Clan Meks\Spirit 2.mtf
Akuma,AKU-2X,5713,2122,1959,90,IS,3067 Unabridged\IS Meks\Akuma AKU-2X.mtf
Akuma,AKU-2XK,5714,2170,2167,90,IS,3067 Unabridged\IS Meks\Akuma AKU-2XK.mtf
Anubis,ABS-4C,5656,833,894,30,IS,3067 Unabridged\IS Meks\Anubis ABS-4C.mtf
Argus,AGS-5D,5683,2065,2269,60,IS,3067 Unabridged\IS Meks\Argus AGS-5D.mtf
Argus,AGS-6F,5684,1524,1524,60,IS,3067 Unabridged\IS Meks\Argus AGS-6F.mtf
Bloodhound,B3-HND,5671,1005,967,45,IS,3067 Unabridged\IS Meks\Bloodhound B3-HND.mtf
Blue Flame,BLF-40,5672,1195,1139,45,IS,3067 Unabridged\IS Meks\Blue Flame BLF-40.mtf
Brigand,LDT-X3,5653,695,695,25,IS,3067 Unabridged\IS Meks\Brigand LDT-X3.mtf
Brigand,LDT-X4,5654,1038,928,25,IS,3067 Unabridged\IS Meks\Brigand LDT-X4.mtf
Chimera,CMA-2K,5667,1528,1501,40,IS,3067 Unabridged\IS Meks\Chimera CMA-2k.mtf
Cronus,CNS-TD9,5680,978,793,55,IS,3067 Unabridged\IS Meks\Cronus CNS-TD9.mtf
Fafnir,FNR-5WB,5719,2449,2319,100,IS,3067 Unabridged\IS Meks\Fafnir FNR-5WB.mtf
Fafnir,FNR-6U,5720,2234,2356,100,IS,3067 Unabridged\IS Meks\Fafnir FNR-6U.mtf
Gurkha,GUR-6G,5663,1134,1180,35,IS,3067 Unabridged\IS Meks\Gurkha GUR-6G.mtf
Gurkha,GUR-8G,5664,1241,1224,35,IS,3067 Unabridged\IS Meks\Gurkha GUR-8G.mtf
Hellspawn,HSN-10G,5673,1188,1261,45,IS,3067 Unabridged\IS Meks\Hellspawn HSN-10G.mtf
Hellspawn,HSN-10SR,5674,1411,1433,45,IS,3067 Unabridged\IS Meks\Hellspawn HSN-10SR.mtf
Lao Hu,LHU-3L,5695,1995,2179,75,IS,3067 Unabridged\IS Meks\Lao Hu LHU-3L.mtf
Lao Hu,LHU-4E,5696,2123,2254,75,IS,3067 Unabridged\IS Meks\Lao Hu LHU-4E.mtf
Legacy,LGC-03,4490,2121,2112,80,IS,3067 Unabridged\IS Meks\Legacy LGC-03.mtf
Legacy,LGC-04-WVR,5702,1745,1695,80,IS,3067 Unabridged\IS Meks\Legacy LGC-04-WVR.mtf
Legacy,LGC-05,5703,1628,1479,80,IS,3067 Unabridged\IS Meks\Legacy LGC-05.mtf
Lightray,LGH-7W,5681,1352,1448,55,IS,3067 Unabridged\IS Meks\Lightray LGH-7W.mtf
Ninja-To,NJT-4,5687,1762,1863,65,IS,3067 Unabridged\IS Meks\Ninja-To NJT-4.mtf
No-Dachi,NDA-3S,5692,1706,1600,70,IS,3067 Unabridged\IS Meks\No-Dachi NDA-3S.mtf
Osiris,OSR-5D,5660,1226,1280,30,IS,3067 Unabridged\IS Meks\Osiris OSR-5D.mtf
Perseus,P1E,5697,1658,1518,75,IS,3067 Unabridged\IS Meks\Perseus P1E.mtf
Perseus,P1P,5698,1777,1898,75,IS,3067 Unabridged\IS Meks\Perseus P1P.mtf
Perseus,P1W,5699,1864,2138,75,IS,3067 Unabridged\IS Meks\Perseus P1W.mtf
Razorback,RZK-10S,5661,821,826,30,IS,3067 Unabridged\IS Meks\Razorback RZK-10S.mtf
Razorback,RZK-10T,5662,1172,1226,30,IS,3067 Unabridged\IS Meks\Razorback RZK-10T.mtf
Red Shift,RDS-3A,5652,869,904,20,IS,3067 Unabridged\IS Meks\Red Shift RDS-3A.mtf
Sagittaire,SGT-10X,5718,1794,1475,95,IS,3067 Unabridged\IS Meks\Sagittaire SGT-10X.mtf
Sagittaire,SGT-9D,5717,2064,2180,95,IS,3067 Unabridged\IS Meks\Sagittaire SGT-9D.mtf
Sha Yu,SYU-6B,5670,1422,1503,40,IS,3067 Unabridged\IS Meks\Sha Yu SYU-6B.mtf
Stiletto,STO-4C,5666,941,940,35,IS,3067 Unabridged\IS Meks\Stiletto STO-4C.mtf
Templar,TLR1-OD,5707,1840,1852,85,IS,3067 Unabridged\IS Meks\Templar TLR1-OD.mtf
Templar,TLR1-OE,5708,1865,1880,85,IS,3067 Unabridged\IS Meks\Templar TLR1-OE.mtf
Templar,TLR1-OF,5709,2029,2035,85,IS,3067 Unabridged\IS Meks\Templar TLR1-OF.mtf
Templar,TLR1-OG,5710,1632,1641,85,IS,3067 Unabridged\IS Meks\Templar TLR1-OG.mtf
Templar,TLR1-OH,5711,1958,1799,85,IS,3067 Unabridged\IS Meks\Templar TLR1-OH.mtf
Templar,TLR1-OI,5712,2202,2210,85,IS,3067 Unabridged\IS Meks\Templar TLR1-OI.mtf
Tessen,TSN-C3M,5678,1547,1635,50,IS,3067 Unabridged\IS Meks\Tessen TSN-C3M.mtf
Thanatos,TNS-4T,5700,1760,2040,75,IS,3067 Unabridged\IS Meks\Thanatos THS-4T.mtf
Thanatos,TNS-6S,5701,1936,1917,75,IS,3067 Unabridged\IS Meks\Thanatos THS-6S.mtf
Uziel,UZL-8S,5679,1393,1421,50,IS,3067 Unabridged\IS Meks\Uziel UZL-8S.mtf
Vanquisher,VQR-5V,5340,2332,2113,100,IS,3067 Unabridged\IS Meks\Vanquisher VQR-5V.mtf
Vanquisher,VQR-7U,5721,2144,1893,100,IS,3067 Unabridged\IS Meks\Vanquisher VQR-7U.mtf
Vanquisher,VQR-7V,5722,2420,2421,100,IS,3067 Unabridged\IS Meks\Vanquisher VQR-7V.mtf
Verfolger,VR6-C,5688,1584,1725,65,IS,3067 Unabridged\IS Meks\Verfolger VR6-C.mtf
Verfolger,VR6-T,5689,1811,1912,65,IS,3067 Unabridged\IS Meks\Verfolger VR6-T.mtf
White Flame,WHF-3C,5405,1826,1624,70,IS,3067 Unabridged\IS Meks\White Flame WHF-3C.mtf
White Flame,WHF-4C,5693,1680,1669,70,IS,3067 Unabridged\IS Meks\White Flame WHF-4C.mtf
Akuma,AKU-1X,3691,1959,1917,90,IS,3067\Akuma AKU-1X.mtf
Akuma,AKU-1XJ,3692,2203,2098,90,IS,3067\Akuma AKU-1XJ.mtf
Anubis,ABS-3L,3702,951,951,30,IS,3067\Anubis ABS-3L.mtf
Anubis,ABS-3R,3703,970,970,30,IS,3067\Anubis ABS-3R.mtf
Anubis,ABS-3T,3704,1150,1150,30,IS,3067\Anubis ABS-3T.mtf
Arcas,2,3718,2835,2785,65,Clan,3067\Arcas 2.mtf
Arcas,,3717,2484,2428,65,Clan,3067\Arcas.mtf
Argus,AGS-2D,3729,1566,1605,60,IS,3067\Argus AGS-2D.mtf
Argus,AGS-4D,3730,1638,1740,60,IS,3067\Argus AGS-4D.mtf
Axman,AXM-3S,186,1649,1504,65,IS,3067\Axman AXM-3S.mtf
Blood Kite,2,3837,3122,3015,85,Clan,3067\Blood Kite 2.mtf
Blood Kite,,3836,2776,2614,85,Clan,3067\Blood Kite.mtf
Bloodhound,B1-HND,3838,1248,1258,45,IS,3067\Bloodhound B1-HND.mtf
Bloodhound,B2-HND,3839,1363,1374,45,IS,3067\Bloodhound B2-HND.mtf
Blue Flame,BLF-21,3840,1256,1244,45,IS,3067\Blue Flame BLF-21.mtf
Brigand,LDT-1,3859,771,771,25,IS,3067\Brigand LDT-1.mtf
Brigand,LDT-X1,3860,937,937,25,IS,3067\Brigand LDT-X1.mtf
Brigand,LDT-X2,3861,764,764,25,IS,3067\Brigand LDT-X2.mtf
Burrock,,3878,2230,1996,75,Clan,3067\Burrock.mtf
Chimera,CMA-1S,3950,1173,1191,40,IS,3067\Chimera CMA-1S.mtf
Chimera,CMA-C,3951,1182,1182,40,IS,3067\Chimera CMA-C.mtf
Crimson Langur,A,4016,2003,1855,50,Clan,3067\Crimson Langur A.mtf
Crimson Langur,B,4017,2210,2207,50,Clan,3067\Crimson Langur B.mtf
Crimson Langur,C,4018,1437,1437,50,Clan,3067\Crimson Langur C.mtf
Crimson Langur,Prime,4019,1952,1949,50,Clan,3067\Crimson Langur Prime.mtf
Cronus,CNS-3M,4020,1339,1339,55,IS,3067\Cronus CNS-3M.mtf
Cronus,CNS-5M,4021,1579,1677,55,IS,3067\Cronus CNS-5M.mtf
Fafnir,FNR-5,4152,2636,2292,100,IS,3067\Fafnir FNR-5.mtf
Fafnir,FNR-5B,4153,2625,2625,100,IS,3067\Fafnir FNR-5B.mtf
Gurkha,GUR-2G,1351,1101,1086,35,IS,3067\Gurkha GUR-2G.mtf
Gurkha,GUR-4G,4254,908,893,35,IS,3067\Gurkha GUR-4G.mtf
Hellfire,2,4301,2370,2444,60,Clan,3067\Hellfire 2.mtf
Hellfire,,4300,2114,2076,60,Clan,3067\Hellfire.mtf
Hellion,A,4303,1543,1473,30,Clan,3067\Hellion A.mtf
Hellion,B,4304,1569,1569,30,Clan,3067\Hellion B.mtf
Hellion,C,4305,2095,2095,30,Clan,3067\Hellion C.mtf
Hellion,Prime,4306,1873,1840,30,Clan,3067\Hellion Prime.mtf
Hellspawn,HSN-7D,4307,1220,1220,45,IS,3067\Hellspawn HSN-7D.mtf
Hellspawn,HSN-8E,4308,1341,1341,45,IS,3067\Hellspawn HSN-8E.mtf
Hellspawn,HSN-9F,4309,1118,1118,45,IS,3067\Hellspawn HSN-9F.mtf
Lao Hu,LHU-2B,4478,1771,2003,75,IS,3067\Lao Hu LHU-2B.mtf
Lao Hu,LHU-3B,4479,1497,1497,75,IS,3067\Lao Hu LHU-3B.mtf
Lao Hu,LHU-3C,4480,1878,1887,75,IS,3067\Lao Hu LHU-3C.mtf
Legacy,LGC-01,4488,1967,1959,80,IS,3067\Legacy LGC-01.mtf
Legacy,LGC-02,4489,2033,1970,80,IS,3067\Legacy LGC-02.mtf
Lightray,LGH-4W,4519,1450,1450,55,IS,3067\Lightray LGH-4W.mtf
Lightray,LGH-4Y,4520,1379,1379,55,IS,3067\Lightray LGH-4Y.mtf
Lightray,LGH-5W,4521,1674,1674,55,IS,3067\Lightray LGH-5W.mtf
Lobo,,4528,1715,1654,40,Clan,3067\Lobo.mtf
Mad Cat Mk II,,4565,3135,3097,90,Clan,3067\Mad Cat Mk II.mtf
Ninja-To,NJT-2,4726,1527,1536,65,IS,3067\Ninja-To NJT-2.mtf
Ninja-To,NJT-3,4727,1605,1605,65,IS,3067\Ninja-To NJT-3.mtf
No-Dachi,NDA-1K,4730,1708,1687,70,IS,3067\No-Dachi NDA-1K.mtf
No-Dachi,NDA-2K,4732,1739,1727,70,IS,3067\No-Dachi NDA-2K.mtf
No-Dachi,NDA-2KO,4733,1728,1614,70,IS,3067\No-Dachi NDA-2KO.mtf
Osiris,OSR-3D,4763,1138,1139,30,IS,3067\Osiris OSR-3D.mtf
Osiris,OSR-4D,4764,1230,1230,30,IS,3067\Osiris OSR-4D.mtf
Perseus,P1A,4809,1661,1715,75,IS,3067\Perseus P1 A.mtf
Perseus,P1B,4810,1776,1758,75,IS,3067\Perseus P1 B.mtf
Perseus,P1C,4811,1644,1677,75,IS,3067\Perseus P1 C.mtf
Perseus,P1D,4812,1714,1714,75,IS,3067\Perseus P1 D.mtf
Perseus,P1,4807,1713,1793,75,IS,3067\Perseus P1 Prime.mtf
Pinion,2,4830,1657,1657,45,Clan,3067\Pinion 2.mtf
Pinion,,4829,1646,1646,45,Clan,3067\Pinion.mtf
Rabid Coyote,,4891,2081,2081,55,Clan,3067\Rabid Coyote.mtf
Razorback,RZK-9S,4904,855,844,30,IS,3067\Razorback RZK-9S.mtf
Razorback,RZK-9T,4905,1149,1149,30,IS,3067\Razorback RZK-9T.mtf
Red Shift,RDS-2A,4906,626,626,20,IS,3067\Red Shift RDS-2A.mtf
Red Shift,RDS-2B,4907,555,555,20,IS,3067\Red Shift RDS-2B.mtf
Sagittaire,SGT-8R,4967,2088,2088,95,IS,3067\Sagittaire SGT-8R.mtf
Savage Coyote,A,4982,2852,2826,85,Clan,3067\Savage Coyote A.mtf
Savage Coyote,B,4983,2284,2230,85,Clan,3067\Savage Coyote B.mtf
Savage Coyote,C,4984,3189,3207,85,Clan,3067\Savage Coyote C.mtf
Savage Coyote,Prime,4985,2613,2612,85,Clan,3067\Savage Coyote Prime.mtf
Scylla,,5000,2897,2692,100,Clan,3067\Scylla.mtf
Sha Yu,SYU-2B,5026,1379,1379,40,IS,3067\Sha Yu SYU-2B.mtf
Sha Yu,SYU-4B,5027,1267,1267,40,IS,3067\Sha Yu SYU-4B.mtf
Solitaire,,5097,1284,1262,25,Clan,3067\Solitaire.mtf
Spirit,,5108,1673,1613,35,Clan,3067\Spirit.mtf
Stiletto,STO-4A,5131,859,838,35,IS,3067\Stiletto STO-4A.mtf
Stiletto,STO-4B,5132,1164,1164,35,IS,3067\Stiletto STO-4B.mtf
Templar,TLR1-O (Grayson),5192,1868,1913,85,IS,3067\Templar TLR1-O (Grayson).mtf
Templar,TLR1-O (Tancred),5193,2273,2430,85,IS,3067\Templar TLR1-O (Tancred).mtf
Templar,TLR1-O,5191,2045,2062,85,IS,3067\Templar TLR1-O.mtf
Templar,TLR1-OA,5195,2070,2106,85,IS,3067\Templar TLR1-OA.mtf
Templar,TLR1-OB,5196,1806,1880,85,IS,3067\Templar TLR1-OB.mtf
Templar,TLR1-OC,5197,2063,2382,85,IS,3067\Templar TLR1-OC.mtf
Tessen,TSN-1C,5208,1162,1240,50,IS,3067\Tessen TSN-1C.mtf
Tessen,TSN-C3,5209,1234,1312,50,IS,3067\Tessen TSN-C3.mtf
Thanatos,TNS-4S,5218,1844,1844,75,IS,3067\Thanatos THS-4S.mtf
Uziel,UZL-2S,5331,1352,1353,50,IS,3067\Uziel UZL-2S.mtf
Uziel,UZL-3S,5332,1189,1179,50,IS,3067\Uziel UZL-3S.mtf
Vanquisher,VQR-2A,5338,2234,2234,100,IS,3067\Vanquisher VQR-2A.mtf
Vanquisher,VQR-2B,5339,2073,1873,100,IS,3067\Vanquisher VQR-2B.mtf
Verfolger,VR5-R,5346,1639,1659,65,IS,3067\Verfolger VR5-R.mtf
White Flame,WHF-3B,5404,1637,1597,70,IS,3067\White Flame WHF-3B.mtf
Archangel,C-ANG-O Invictus,65,2237,2121,100,IS,3075\Archangel C-ANG-O Invictus.mtf
Archangel,C-ANG-OA Dominus,66,2134,2135,100,IS,3075\Archangel C-ANG-OA Dominus.mtf
Archangel,C-ANG-OB Infernus,67,2069,2069,100,IS,3075\Archangel C-ANG-OB Infernus.mtf
Archangel,C-ANG-OC Comminus,68,2014,1873,100,IS,3075\Archangel C-ANG-OC Comminus.mtf
Archangel,C-ANG-OD Luminos,69,2105,2105,100,IS,3075\Archangel C-ANG-OD Luminos.mtf
Archangel,C-ANG-OE Eminus,70,2097,2097,100,IS,3075\Archangel C-ANG-OE Eminus.mtf
Atlas II,AS7-D-H,152,2169,2124,100,IS,3075\Atlas II AS7-D-H.mtf
Atlas II,AS7-D-H2,153,2340,2313,100,IS,3075\Atlas II AS7-D-H2.mtf
Balius,A,211,2201,2308,65,Clan,3075\Balius A.mtf
Balius,B,212,2029,2214,65,Clan,3075\Balius B.mtf
Balius,C,213,2103,2215,65,Clan,3075\Balius C.mtf
Balius,D,214,2417,2615,65,Clan,3075\Balius D.mtf
Balius,Prime,215,2157,2226,65,Clan,3075\Balius Prime.mtf
BattleAxe,BKX-7K,277,1329,1329,70,IS,3075\BattleAxe BKX-7K.mtf
BattleAxe,BKX-7NC,278,1252,1252,70,IS,3075\BattleAxe BKX-7NC.mtf
BattleAxe,BKX-8D,279,1592,1556,70,IS,3075\BattleAxe BKX-8D.mtf
BattleMaster,BLR-1Gb,285,1825,1825,85,IS,3075\BattleMaster BLR-1Gb.mtf
BattleMaster,BLR-1Gbc,286,1825,1825,85,IS,3075\BattleMaster BLR-1Gbc.mtf
BattleMaster,BLR-1Gc,287,1577,1577,85,IS,3075\BattleMaster BLR-1Gc.mtf
Bear Cub,2,315,988,988,25,Clan,3075\Bear Cub 2.mtf
Bear Cub,3,316,1086,1059,25,Clan,3075\Bear Cub 3.mtf
Bear Cub,,314,1052,1038,25,Clan,3075\Bear Cub.mtf
Crab,CRB-27b,717,1308,1308,50,IS,3075\Crab CRB-27b.mtf
Crimson Hawk,2,722,1271,1271,25,Clan,3075\Crimson Hawk 2.mtf
Crimson Hawk,3,723,1029,1029,25,Clan,3075\Crimson Hawk 3.mtf
Crimson Hawk,,721,1285,1285,25,Clan,3075\Crimson Hawk.mtf
Crossbow,CRS-6B,733,1210,1210,60,IS,3075\Crossbow CRS-6B.mtf
Crossbow,CRS-6C,734,1204,1204,60,IS,3075\Crossbow CRS-6C.mtf
Crossbow,CRS-9A,735,1583,1583,60,IS,3075\Crossbow CRS-9A.mtf
Crusader,CRD-2R,748,1533,1497,65,IS,3075\Crusader CRD-2R.mtf
Cygnus,2,782,3361,3361,95,Clan,3075\Cygnus 2.mtf
Cygnus,3,783,2569,2569,95,Clan,3075\Cygnus 3.mtf
Cygnus,,781,2583,2583,95,Clan,3075\Cygnus.mtf
Defiance,DFN-3C,849,1817,1560,75,IS,3075\Defiance DFN-3C.mtf
Defiance,DFN-3S,850,1940,1675,75,IS,3075\Defiance DFN-3S.mtf
Defiance,DFN-3T,851,1981,1709,75,IS,3075\Defiance DFN-3T.mtf
DemolitionMech,WI-DM,868,380,424,35,IS,3075\DemolitionMech WI-DM.mtf
DemolitionMech,WI-DM2,869,345,385,35,IS,3075\DemolitionMech WI-DM2.mtf
Deva,C-DVA-O Invictus,885,1584,1531,70,IS,3075\Deva C-DVA-O Invictus.mtf
Deva,C-DVA-OA Dominus,886,1727,1709,70,IS,3075\Deva C-DVA-OA Dominus.mtf
Deva,C-DVA-OB Infernus,887,1713,1674,70,IS,3075\Deva C-DVA-OB Infernus.mtf
Deva,C-DVA-OC Comminus,888,1743,2060,70,IS,3075\Deva C-DVA-OC Comminus.mtf
Deva,C-DVA-OD Luminos,889,1711,1706,70,IS,3075\Deva C-DVA-OD Luminos.mtf
Deva,C-DVA-OE Eminus,890,1686,1604,70,IS,3075\Deva C-DVA-OE Eminus.mtf
Excalibur,EXC-B2b,999,1715,1739,70,IS,3075\Excalibur EXC-B2b.mtf
Eyleuka,EYL-35A,1008,1484,1433,55,IS,3075\Eyleuka EYL-35A.mtf
Eyleuka,EYL-45A,1009,1387,1417,55,IS,3075\Eyleuka EYL-45A.mtf
Eyleuka,EYL-45B,1010,1615,1564,55,IS,3075\Eyleuka EYL-45B.mtf
Eyleuka,EYL-4A,1011,1571,1566,55,IS,3075\Eyleuka EYL-4A.mtf
Firebee,FRB-2E,1079,808,808,35,IS,3075\Firebee FRB-2E.mtf
Firebee,FRB-3E,1080,1067,957,35,IS,3075\Firebee FRB-3E.mtf
Galahad,GLH-1D,1167,1307,1307,50,IS,3075\Galahad GLH-1D.mtf
Galahad,GLH-2D,1168,1648,1665,60,IS,3075\Galahad GLH-2D.mtf
Galahad,GLH-3D,1169,1268,1280,60,IS,3075\Galahad GLH-3D.mtf
Gladiator,GLD-1R (Keller),1197,1517,1437,55,IS,3075\Gladiator GLD-1R (Keller).mtf
Gladiator,GLD-2R,1199,1184,1184,55,IS,3075\Gladiator GLD-2R.mtf
Gladiator,GLD-3R,1200,1282,1282,55,IS,3075\Gladiator GLD-3R.mtf
Gladiator,GLD-4R,1201,1291,1291,55,IS,3075\Gladiator GLD-4R.mtf
Gladiator,GLD-5R,1202,1425,1363,55,IS,3075\Gladiator GLD-5R.mtf
Grigori,C-GRG-O Invictus,1320,1245,1200,60,IS,3075\Grigori C-GRG-O Invictus.mtf
Grigori,C-GRG-O (Tamiel),1319,1426,1396,60,IS,3075\Grigori C-GRG-O Tamiel.mtf
Grigori,C-GRG-OA Dominus,1321,1536,1528,60,IS,3075\Grigori C-GRG-OA Dominus.mtf
Grigori,C-GRG-OB Infernus,1322,1408,1312,60,IS,3075\Grigori C-GRG-OB Infernus.mtf
Grigori,C-GRG-OC Comminus,1323,1438,1420,60,IS,3075\Grigori C-GRG-OC Comminus.mtf
Grigori,C-GRG-OD Luminos,1324,1568,1510,60,IS,3075\Grigori C-GRG-OD Luminos.mtf
Grigori,C-GRG-OE Eminus,1325,1544,1501,60,IS,3075\Grigori C-GRG-OE Eminus.mtf
Hammerhands,HMH-3D,1369,1381,1381,75,IS,3075\Hammerhands HMH-3D.mtf
Hammerhands,HMH-4D,1370,1356,1356,75,IS,3075\Hammerhands HMH-4D.mtf
Hammerhands,HMH-5D,1371,1496,1434,75,IS,3075\Hammerhands HMH-5D.mtf
Hammerhands,HMH-6D,1372,2139,2030,75,IS,3075\Hammerhands HMH-6D.mtf
Helepolis,HEP-2H,1461,1369,1267,75,IS,3075\Helepolis HEP-2H.mtf
Helepolis,HEP-2X,8471,,1244,75,IS,3075\Helepolis HEP-2X.mtf
Helepolis,HEP-3H,1462,1380,1307,75,IS,3075\Helepolis HEP-3H.mtf
Helepolis,HEP-4H,1463,1366,1304,75,IS,3075\Helepolis HEP-4H.mtf
Highlander,HGN-732b,1516,2335,2308,90,IS,3075\Highlander HGN-732b.mtf
Hussar,HSR-200-Db,1586,934,934,30,IS,3075\Hussar HSR-200-Db.mtf
Hyena,HYN-4A SalvageMech,1598,474,561,55,IS,3075\Hyena HYN-4A SalvageMech .mtf
Hyena,HYN-4B SalvageMech,4354,398,487,55,IS,3075\Hyena HYN-4B SalvageMech.mtf
Hyena,HYN-KTO,6959,933,933,55,IS,3075\Hyena HYN-KTO.mtf
Icarus II,ICR-1S,1600,869,869,40,IS,3075\Icarus II ICR-1S.mtf
Icarus II,ICR-2S,1601,986,986,40,IS,3075\Icarus II ICR-2S.mtf
Jabberwocky,JAW-66D ConstructionMech,1652,326,419,50,IS,3075\Jabberwocky ConstructionMech JAW-66D.mtf
Jabberwocky,JAW-66C DemolitionMech,1651,351,416,50,IS,3075\Jabberwocky DemolitionMech JAW-66C.mtf
Jabberwocky,JAW-65A EngineerMech,4383,230,325,50,IS,3075\Jabberwocky EngineerMech JAW-65A.mtf
Jabberwocky,JAW-66B EngineerMech,1650,322,416,50,IS,3075\Jabberwocky EngineerMech JAW-66B.mtf
Jackrabbit,JKR-8T,1656,414,414,25,IS,3075\Jackrabbit JKR-8T.mtf
Jackrabbit,JKR-9R 'Joker',1657,614,614,25,IS,3075\Jackrabbit JKR-9R.mtf
Jackrabbit,JKR-9W,1658,549,551,25,IS,3075\Jackrabbit JKR-9W.mtf
Jupiter,2,1726,3278,3205,100,Clan,3075\Jupiter 2.mtf
Jupiter,3,1727,3074,3074,100,Clan,3075\Jupiter 3.mtf
Jupiter,,1725,2784,2738,100,Clan,3075\Jupiter.mtf
King Crab,KGC-000b,1772,2039,2207,100,IS,3075\King Crab KGC-000b.mtf
Kintaro,KTO-19b,1792,1265,1343,55,IS,3075\Kintaro KTO-19b.mtf
Kiso,K-3N-KR4 ConstructionMech,1802,946,1065,100,IS,3075\Kiso K-3N-KR4 ConstructionMech.mtf
Kiso,K-3N-KR5 ConstructionMech,1803,1082,1065,100,IS,3075\Kiso K-3N-KR5 ConstructionMech.mtf
Koschei,KSC-3I,1820,1255,1255,65,IS,3075\Koschei KSC-3I.mtf
Koschei,KSC-3L,1821,1384,1384,65,IS,3075\Koschei KSC-3L.mtf
Koschei,KSC-4I,1822,1516,1496,65,IS,3075\Koschei KSC-4I.mtf
Koschei,KSC-4L,1823,1503,1483,65,IS,3075\Koschei KSC-4L.mtf
Koschei,KSC-5I,1824,1961,1961,65,IS,3075\Koschei KSC-5I.mtf
Koschei,KSC-5MC,1825,1764,1866,65,IS,3075\Koschei KSC-5MC.mtf
Koschei,KSC-5X,1826,1554,1509,65,IS,3075\Koschei KSC-5X.mtf
Kyudo,KY2-D-02,1851,1286,1266,45,IS,3075\Kyudo KY2-D-02.mtf
Kyudo,KY2-D-03,1852,1167,1148,45,IS,3075\Kyudo KY2-D-03.mtf
Legionnaire,LGN-1X,1862,1322,1354,50,IS,3075\Legionnaire LGN-1X.mtf
Legionnaire,LGN-2D,1863,1386,1513,50,IS,3075\Legionnaire LGN-2D.mtf
Legionnaire,LGN-2XA,1865,1172,1573,50,IS,3075\Legionnaire LGN-2XA.mtf
Legionnaire,LGN-2XU,1866,1128,1128,50,IS,3075\Legionnaire LGN-2XU.mtf
Lumberjack,LM1/A,4545,311,526,60,IS,3075\Lumberjack LM1A.mtf
Lumberjack,LM4/C,1960,291,521,70,IS,3075\Lumberjack LM4C.mtf
Lumberjack,LM4/P,1961,651,748,70,IS,3075\Lumberjack LM4P.mtf
Mackie,MSK-6S,1973,1461,1461,100,IS,3075\Mackie MSK-6S.mtf
Mackie,MSK-7A,4556,1900,1900,100,IS,3075\Mackie MSK-7A.mtf
Mackie,MSK-8B,1974,2019,1983,100,IS,3075\Mackie MSK-8B.mtf
Mackie,MSK-9H,1975,2022,1986,100,IS,3075\Mackie MSK-9H.mtf
Malak,C-MK-O Invictus,1994,792,773,30,IS,3075\Malak C-MK-O Invictus.mtf
Malak,C-MK-OA Dominus,1995,823,813,30,IS,3075\Malak C-MK-OA Dominus.mtf
Malak,C-MK-OB Infernus,1996,1047,1047,30,IS,3075\Malak C-MK-OB Infernus.mtf
Malak,C-MK-OC Comminus,1997,944,943,30,IS,3075\Malak C-MK-OC Comminus.mtf
Malak,C-MK-OD Luminos,1998,1055,1054,30,IS,3075\Malak C-MK-OD Luminos.mtf
Malak,C-MK-OE Eminus,1999,957,943,30,IS,3075\Malak C-MK-OE Eminus.mtf
Marauder,MAD-1R,2033,1420,1411,75,IS,3075\Marauder MAD-1R.mtf
Marauder,MAD-2R,2034,1630,1621,75,IS,3075\Marauder MAD-2R.mtf
Mongoose II,MON-266,2216,1085,1057,40,IS,3075\Mongoose II MON-266.mtf
Mongoose II,MON-267,2217,1237,1203,40,IS,3075\Mongoose II MON-267.mtf
Mongoose II,MON-268,2218,1215,1177,40,IS,3075\Mongoose II MON-268.mtf
Mongoose,MON-66b,2209,934,934,25,IS,3075\Mongoose MON-66b.mtf
Ocelot,2,2314,1734,1734,35,Clan,3075\Ocelot 2.mtf
Ocelot,3,2315,1594,1591,35,Clan,3075\Ocelot 3.mtf
Ocelot,,2313,1439,1436,35,Clan,3075\Ocelot.mtf
Ostroc,OSR-2Cb,2350,1478,1478,60,IS,3075\Ostroc OSR-2Cb.mtf
Ostscout,OTT-7Jb,2367,610,610,35,IS,3075\Ostscout OTT-7Jb.mtf
Pariah (Septicemia),A,5019,1935,1935,55,Clan,3075\Pariah A.mtf
Pariah (Septicemia),B,5020,2310,2254,55,Clan,3075\Pariah B.mtf
Pariah (Septicemia),C,5021,2227,2147,55,Clan,3075\Pariah C.mtf
Pariah (Septicemia),D,5022,2718,2728,55,Clan,3075\Pariah D.mtf
Pariah (Septicemia),Prime,5024,2511,2511,55,Clan,3075\Pariah Prime.mtf
Patriot,PKM-2C,2447,1613,1714,65,IS,3075\Patriot PKM-2C.mtf
Patriot,PKM-2D,2448,1699,1913,65,IS,3075\Patriot PKM-2D.mtf
Patriot,PKM-2E,2449,1443,1421,65,IS,3075\Patriot PKM-2E.mtf
Patron,LoaderMech,4792,97,223,15,IS,3075\Patron LoaderMech.mtf
Patron,PTN-1 LoaderMech,4793,107,223,15,IS,3075\Patron PTN-1 LoaderMech.mtf
Phoenix Hawk,PXH-1b 'Special',2492,1512,1522,45,IS,3075\Phoenix Hawk PXH-1b.mtf
Phoenix Hawk,PXH-1c 'Special',2493,1443,1453,45,IS,3075\Phoenix Hawk PXH-1c.mtf
Phoenix,PX-3R,2489,1106,1106,50,IS,3075\Phoenix PX-3R.mtf
Phoenix,PX-4R,2490,996,996,50,IS,3075\Phoenix PX-4R.mtf
Preta,C-PRT-O Invictus,2573,1067,1032,45,IS,3075\Preta C-PRT-O Invictus.mtf
Preta,C-PRT-OA Dominus,2574,1302,1258,45,IS,3075\Preta C-PRT-OA Dominus.mtf
Preta,C-PRT-OB Infernus,2575,1338,1338,45,IS,3075\Preta C-PRT-OB Infernus.mtf
Preta,C-PRT-OC Comminus,2576,1187,1076,45,IS,3075\Preta C-PRT-OC Comminus.mtf
Preta,C-PRT-OD Luminos,2577,1158,1158,45,IS,3075\Preta C-PRT-OD Luminos.mtf
Preta,C-PRT-OE Eminus,2578,1211,1185,45,IS,3075\Preta C-PRT-OE Eminus.mtf
Quasit,QUA-51M MilitiaMech,2607,636,781,45,IS,3075\Quasit QUA-51M MilitiaMech.mtf
Quasit,QUA-51P MilitiaMech,2608,779,884,45,IS,3075\Quasit QUA-51P MilitiaMech.mtf
Quasit,QUA-51T MilitiaMech,2609,670,770,45,IS,3075\Quasit QUA-51T MilitiaMech.mtf
Rifleman II,RFL-3N-2,2709,1543,1543,80,IS,3075\Rifleman II RFL-3N-2.mtf
Ryoken II,2,2759,2141,2083,75,Clan,3075\Ryoken II 2.mtf
Ryoken II,3,2760,2336,2278,75,Clan,3075\Ryoken II 3.mtf
Ryoken II,,2758,1801,1727,75,Clan,3075\Ryoken II.mtf
Seraph,C-SRP-O Invictus,2869,1794,1637,85,IS,3075\Seraph C-SRP-O Invictus.mtf
Seraph,C-SRP-OA Dominus,2870,2338,2024,85,IS,3075\Seraph C-SRP-OA Dominus.mtf
Seraph,C-SRP-OB Infernus,2871,2181,2191,85,IS,3075\Seraph C-SRP-OB Infernus.mtf
Seraph,C-SRP-OC Comminus,2872,2136,1879,85,IS,3075\Seraph C-SRP-OC Comminus.mtf
Seraph,C-SRP-OD Luminos,2873,2291,2102,85,IS,3075\Seraph C-SRP-OD Luminos.mtf
Seraph,C-SRP-OE Eminus,2874,2148,1882,85,IS,3075\Seraph C-SRP-OE Eminus.mtf
Sun Cobra,,3122,1677,1677,55,Clan,3075\Sun Cobra.mtf
Thug,THG-11Eb,3206,1759,1741,80,IS,3075\Thug THG-11Eb.mtf
Titan II,TI-2P,3258,2143,2161,100,IS,3075\Titan II TI-2P.mtf
Titan II,TI-2PA,3259,2468,2270,100,IS,3075\Titan II TI-2PA.mtf
Titan,TI-1A,3257,1959,1959,100,IS,3075\Titan TI-1A.mtf
Toro,TR-A-6,3277,864,864,35,IS,3075\Toro TR-A-6.mtf
Valiant,V4-LNT-J3,3368,926,840,30,IS,3075\Valiant V4-LNT-J3.mtf
Valiant,V4-LNT-K7,3369,894,875,30,IS,3075\Valiant V4-LNT-K7.mtf
Valiant,VLN-3T,3371,852,763,30,IS,3075\Valiant VLN-3T.mtf
Von Rohrs (Hebi),VON 4RH-5,3455,1170,1170,65,IS,3075\Von Rohrs (Hebi) VON 4RH-5.mtf
Von Rohrs (Hebi),VON 4RH-6,3456,1146,1146,65,IS,3075\Von Rohrs (Hebi) VON 4RH-6.mtf
Warhammer,WHM-6Rb,3489,1431,1431,70,IS,3075\Warhammer WHM-6Rb.mtf
Warlord,BLR-2D,3509,2041,2041,80,IS,3075\Warlord BLR-2D.mtf
Warlord,BLR-2G,3511,2033,2033,80,IS,3075\Warlord BLR-2G.mtf
Wight,WGT-1LAW/SC,3546,1142,1142,35,IS,3075\Wight WGT-1LAWSC.mtf
Wight,WGT-1LAW/SC3,3547,1057,1057,35,IS,3075\Wight WGT-1LAWSC3.mtf
Wight,WGT-2LAW,3548,939,905,35,IS,3075\Wight WGT-2LAW.mtf
Wight,WGT-2LAWC3,3549,821,788,35,IS,3075\Wight WGT-2LAWC3.mtf
Wight,WGT-2SC,3550,1093,1093,35,IS,3075\Wight WGT-2SC.mtf
Wight,WGT-3SC,3551,1125,960,35,IS,3075\Wight WGT-3SC.mtf
Wolverine II,WVR-7H,3585,1301,1272,55,IS,3075\Wolverine II WVR-7H.mtf
Wyvern,WVE-5Nb,3598,1006,1024,45,IS,3075\Wyvern WVE-5Nb.mtf
Xanthos,XNT-3O,3604,1948,1934,100,IS,3075\Xanthos XNT-3O.mtf
Xanthos,XNT-4O,3605,2548,2461,100,IS,3075\Xanthos XNT-4O.mtf
Xanthos,XNT-5O,3606,2146,2022,100,IS,3075\Xanthos XNT-5O.mtf
Ymir,BWP-2B,3620,1289,1289,90,IS,3075\Ymir BWP-2B.mtf
Ymir,BWP-2E,5429,1393,1393,90,IS,3075\Ymir BWP-2E.mtf
Ymir,BWP-3A,3622,1491,1470,90,IS,3075\Ymir BWP-3A.mtf
Arbalest,2,60,1098,1121,25,Clan,3085u\Cutting Edge\Arbalest 2.mtf
Arbalest,3,61,921,882,25,Clan,3085u\Cutting Edge\Arbalest 3.mtf
Arbalest,,62,1029,990,25,Clan,3085u\Cutting Edge\Arbalest.mtf
Arctic Wolf II,A,104,1645,1628,40,Clan,3085u\Cutting Edge\Arctic Wolf II A.mtf
Arctic Wolf II,B,105,1678,1678,40,Clan,3085u\Cutting Edge\Arctic Wolf II B.mtf
Arctic Wolf II,C,106,1913,1913,40,Clan,3085u\Cutting Edge\Arctic Wolf II C.mtf
Arctic Wolf II,Prime,107,2111,1966,40,Clan,3085u\Cutting Edge\Arctic Wolf II Prime.mtf
Atlas,AS7-Dr,143,2101,2101,100,IS,3085u\Cutting Edge\Atlas AS7-Dr.mtf
Atlas,AS7-K2,145,2160,2186,100,IS,3085u\Cutting Edge\Atlas AS7-K2.mtf
Atlas,AS7-K3,146,2346,2364,100,IS,3085u\Cutting Edge\Atlas AS7-K3.mtf
Atlas,AS8-D,151,2432,2324,100,IS,3085u\Cutting Edge\Atlas AS8-D.mtf
Blade,BLD-XL,391,1314,1440,35,IS,3085u\Cutting Edge\Blade BLD-XL.mtf
Blade,BLD-XS,392,944,954,35,IS,3085u\Cutting Edge\Blade BLD-XS.mtf
Blade,BLD-XX,393,1064,1085,35,IS,3085u\Cutting Edge\Blade BLD-XX.mtf
Blood Reaper,2,407,2521,2521,70,Clan,3085u\Cutting Edge\Blood Reaper 2.mtf
Blood Reaper,,408,2665,2665,70,Clan,3085u\Cutting Edge\Blood Reaper.mtf
Brahma,BRM-5A,426,1572,1588,60,IS,3085u\Cutting Edge\Brahma BRM-5A.mtf
Brahma,BRM-5B,427,1730,1740,60,IS,3085u\Cutting Edge\Brahma BRM-5B.mtf
Bruin,2,429,2200,2202,80,Clan,3085u\Cutting Edge\Bruin 2.mtf
Bruin,,430,2630,2625,80,Clan,3085u\Cutting Edge\Bruin.mtf
Cuirass,CDR-1X,769,1301,1411,40,IS,3085u\Cutting Edge\Cuirass CDR-1X.mtf
Dark Crow,2,824,1575,1539,55,Clan,3085u\Cutting Edge\Dark Crow 2.mtf
Dark Crow,3,825,1681,1661,55,Clan,3085u\Cutting Edge\Dark Crow 3.mtf
Dark Crow,4,826,1538,1532,55,Clan,3085u\Cutting Edge\Dark Crow 4.mtf
Dark Crow,,827,1594,1544,55,Clan,3085u\Cutting Edge\Dark Crow.mtf
Dasher II,2,847,2239,2277,40,Clan,3085u\Cutting Edge\Dasher II 2.mtf
Dasher II,,848,522,522,40,Clan,3085u\Cutting Edge\Dasher II.mtf
Deimos,2,852,2394,2334,85,Clan,3085u\Cutting Edge\Deimos 2.mtf
Deimos,A,853,2785,2776,85,Clan,3085u\Cutting Edge\Deimos A.mtf
Deimos,B,854,2965,2862,85,Clan,3085u\Cutting Edge\Deimos B.mtf
Deimos,C,855,2737,2585,85,Clan,3085u\Cutting Edge\Deimos C.mtf
Deimos,Prime,856,2188,2106,85,Clan,3085u\Cutting Edge\Deimos Prime.mtf
Deimos,S,857,2664,2512,85,Clan,3085u\Cutting Edge\Deimos S.mtf
Diomede,D-M3D-3 ConstructionMech,901,1228,1315,100,IS,3085u\Cutting Edge\Diomede D-M3D-3 ConstructionMech.mtf
Diomede,D-M3D-4 DemolitionMech,902,1235,1315,100,IS,3085u\Cutting Edge\Diomede D-M3D-4 DemolitionMech.mtf
Ebony,MEB-10,940,1020,933,25,IS,3085u\Cutting Edge\Ebony MEB-10.mtf
Ebony,MEB-11,941,1135,982,25,IS,3085u\Cutting Edge\Ebony MEB-11.mtf
Ebony,MEB-9,942,1012,955,25,IS,3085u\Cutting Edge\Ebony MEB-9.mtf
Eidolon,C-EID-001,943,1505,1447,55,IS,3085u\Cutting Edge\Eidolon C-EID-001.mtf
Eisenfaust,EFT-4J,944,977,976,45,IS,3085u\Cutting Edge\Eisenfaust EFT-4J.mtf
Eisenfaust,EFT-7X,945,1203,1109,45,IS,3085u\Cutting Edge\Eisenfaust EFT-7X.mtf
Eisenfaust,EFT-8X,946,1039,727,45,IS,3085u\Cutting Edge\Eisenfaust EFT-8X.mtf
Fennec,FEC-1CM,1036,1395,1395,55,IS,3085u\Cutting Edge\Fennec FEC-1CM.mtf
Fennec,FEC-3C,1037,1551,1551,55,IS,3085u\Cutting Edge\Fennec FEC-3C.mtf
Flamberge,2,1114,2468,2166,70,Clan,3085u\Cutting Edge\Flamberge 2.mtf
Flamberge,3,1115,2346,2539,70,Clan,3085u\Cutting Edge\Flamberge 3.mtf
Flamberge,A,1116,2575,2506,70,Clan,3085u\Cutting Edge\Flamberge A.mtf
Flamberge,B,1117,2750,2606,70,Clan,3085u\Cutting Edge\Flamberge B.mtf
Flamberge,C,1118,2206,2186,70,Clan,3085u\Cutting Edge\Flamberge C.mtf
Flamberge,Prime,1119,2266,2196,70,Clan,3085u\Cutting Edge\Flamberge Prime.mtf
Fwltur,FWL-3R SalvageMech,1162,250,412,35,IS,3085u\Cutting Edge\Fwltur FWL-3R SalvageMech.mtf
Fwltur,FWL-3V SalvageMech,1163,252,453,35,IS,3085u\Cutting Edge\Fwltur FWL-3V SalvageMech.mtf
Gallant,GLT-7-0,1173,1436,1376,70,IS,3085u\Cutting Edge\Gallant GLT-7-0.mtf
Gallant,GLT-8-0,1174,1666,1613,70,IS,3085u\Cutting Edge\Gallant GLT-8-0.mtf
Ghost,GST-10,1193,1353,1353,50,IS,3085u\Cutting Edge\Ghost GST-10.mtf
Ghost,GST-11,1194,1244,1244,50,IS,3085u\Cutting Edge\Ghost GST-11.mtf
Goshawk II,2,1247,1767,1726,45,Clan,3085u\Cutting Edge\Goshawk II 2.mtf
Goshawk II,3,1248,2115,2108,45,Clan,3085u\Cutting Edge\Goshawk II 3.mtf
Goshawk II,,1249,1849,1849,45,Clan,3085u\Cutting Edge\Goshawk II.mtf
Hatchetman,HCT-6M,1416,1274,1256,45,IS,3085u\Cutting Edge\Hatchetman HCT-6M.mtf
Hatchetman,HCT-7S,1418,1243,1190,45,IS,3085u\Cutting Edge\Hatchetman HCT-7S.mtf
Hellstar,2,1479,3545,3545,95,Clan,3085u\Cutting Edge\Hellstar 2.mtf
Hellstar,3,1480,3025,3023,95,Clan,3085u\Cutting Edge\Hellstar 3.mtf
Hellstar,,1481,3084,3084,95,Clan,3085u\Cutting Edge\Hellstar.mtf
Karhu,A,1748,2560,2535,65,Clan,3085u\Cutting Edge\Karhu A.mtf
Karhu,B,1749,2787,2738,65,Clan,3085u\Cutting Edge\Karhu B.mtf
Karhu,C,1750,2092,2067,65,Clan,3085u\Cutting Edge\Karhu C.mtf
Karhu,D,1751,3118,3040,65,Clan,3085u\Cutting Edge\Karhu D.mtf
Karhu,Prime,1752,2488,2354,65,Clan,3085u\Cutting Edge\Karhu Prime.mtf
Kuma,2,1847,2309,2230,60,Clan,3085u\Cutting Edge\Kuma 2.mtf
Kuma,3,1848,625,541,60,Clan,3085u\Cutting Edge\Kuma 3.mtf
Kuma,,1849,1952,1778,60,Clan,3085u\Cutting Edge\Kuma.mtf
Mangonel,MNL-3L,2012,1552,1565,70,IS,3085u\Cutting Edge\Mangonel MNL-3L.mtf
Mangonel,MNL-3W,2013,2657,2657,70,Clan,3085u\Cutting Edge\Mangonel MNL-3W.mtf
Mjolnir,MLR-B2,2194,670,580,25,IS,3085u\Cutting Edge\Mjolnir MLR-B2.mtf
Mjolnir,MLR-BX,2195,612,526,25,IS,3085u\Cutting Edge\Mjolnir MLR-BX.mtf
Morrigan,2,2229,1874,1874,35,Clan,3085u\Cutting Edge\Morrigan 2.mtf
Morrigan,3,2230,1390,1365,35,Mixed,3085u\Cutting Edge\Morrigan 3.mtf
Morrigan,,2231,1523,1520,35,Clan,3085u\Cutting Edge\Morrigan.mtf
Night Wolf,,2273,2878,2812,90,Clan,3085u\Cutting Edge\Night Wolf.mtf
Nyx,NX-80,2307,924,924,30,IS,3085u\Cutting Edge\Nyx NX-80.mtf
Nyx,NX-80C,2308,874,874,30,IS,3085u\Cutting Edge\Nyx NX-80C.mtf
Nyx,NX-90,2309,613,586,30,IS,3085u\Cutting Edge\Nyx NX-90.mtf
Omen,,2318,2750,2742,85,Clan,3085u\Cutting Edge\Omen.mtf
Onager,,2319,2732,2629,90,Clan,3085u\Cutting Edge\Onager.mtf
Orochi,OR-2I,2343,2077,1977,90,IS,3085u\Cutting Edge\Orochi OR-2I.mtf
Osprey,OSP-15,2344,1564,1591,55,IS,3085u\Cutting Edge\Osprey OSP-15.mtf
Osprey,OSP-25,2345,1630,1657,55,IS,3085u\Cutting Edge\Osprey OSP-25.mtf
Osprey,OSP-26,2346,1541,1567,55,IS,3085u\Cutting Edge\Osprey OSP-26.mtf
Ostwar,OWR-2M,4769,1205,1205,65,IS,3085u\Cutting Edge\Ostwar OWR-2M.mtf
Ostwar,OWR-2Mb,2382,1638,1648,65,IS,3085u\Cutting Edge\Ostwar OWR-2Mb.mtf
Ostwar,OWR-3M,2383,1557,1521,65,IS,3085u\Cutting Edge\Ostwar OWR-3M.mtf
Pack Hunter II,2,2397,1457,1457,30,Mixed,3085u\Cutting Edge\Pack Hunter II 2.mtf
Pack Hunter II,3,2398,1438,1414,30,Mixed,3085u\Cutting Edge\Pack Hunter II 3.mtf
Pack Hunter II,,2396,1794,1794,30,Clan,3085u\Cutting Edge\Pack Hunter II.mtf
Panther,PNT-10K2,2417,913,904,35,IS,3085u\Cutting Edge\Panther PNT-10K2.mtf
Panther,PNT-12K,2419,930,921,35,IS,3085u\Cutting Edge\Panther PNT-12K.mtf
Panther,PNT-12K2,2420,930,921,35,IS,3085u\Cutting Edge\Panther PNT-12K2.mtf
Panther,PNT-13K,2421,996,899,35,IS,3085u\Cutting Edge\Panther PNT-13K.mtf
Parash,2,2427,1523,897,35,Clan,3085u\Cutting Edge\Parash 2.mtf
Parash,,2428,1300,1297,35,Clan,3085u\Cutting Edge\Parash.mtf
Peacekeeper,PKP-1A,2452,2824,2386,95,IS,3085u\Cutting Edge\Peacekeeper PKP-1A.mtf
Peacekeeper,PKP-1B,2453,2981,2494,95,IS,3085u\Cutting Edge\Peacekeeper PKP-1B.mtf
Penthesilea,PEN-2H,2470,1899,1881,75,IS,3085u\Cutting Edge\Penthesilea PEN-2H.mtf
Penthesilea,PEN-2MAF,2471,1834,2081,75,IS,3085u\Cutting Edge\Penthesilea PEN-2MAF.mtf
Prefect,PRF-1R,2569,1847,1847,75,IS,3085u\Cutting Edge\Prefect PRF-1R.mtf
Prefect,PRF-2R,2571,1710,1710,75,IS,3085u\Cutting Edge\Prefect PRF-2R.mtf
Raptor II,RPT-2X,2657,896,732,40,IS,3085u\Cutting Edge\Raptor II RPT-2X.mtf
Raptor II,RPT-2X1,2658,1274,1337,40,IS,3085u\Cutting Edge\Raptor II RPT-2X1.mtf
Raptor II,RPT-3X,2659,1304,1303,40,IS,3085u\Cutting Edge\Raptor II RPT-3X.mtf
Raptor II,RPT-5X,2660,1124,1280,40,IS,3085u\Cutting Edge\Raptor II RPT-5X.mtf
Rook,NH-1A,2740,1197,1197,55,IS,3085u\Cutting Edge\Rook NH-1A.mtf
Rook,NH-1B,2741,1227,1227,55,IS,3085u\Cutting Edge\Rook NH-1B.mtf
Rook,NH-2,2742,1525,1463,55,IS,3085u\Cutting Edge\Rook NH-2.mtf
Rook,NH-3X,2743,1746,1352,55,IS,3085u\Cutting Edge\Rook NH-3X.mtf
Shadow Cat II,2,2893,2106,1177,60,Clan,3085u\Cutting Edge\Shadow Cat II 2.mtf
Shadow Cat II,,2894,2064,2011,60,Clan,3085u\Cutting Edge\Shadow Cat II.mtf
Shen Yi,SHY-3B,2922,1507,1507,65,IS,3085u\Cutting Edge\Shen Yi SHY-3B.mtf
Shockwave,SKW-2F,2929,1453,1525,50,IS,3085u\Cutting Edge\Shockwave SKW-2F.mtf
Shockwave,SKW-4G,2930,1449,1521,50,IS,3085u\Cutting Edge\Shockwave SKW-4G.mtf
Sokuryou,SKU-181 SurveyMech,2982,328,384,25,IS,3085u\Cutting Edge\Sokuryou SKU-181 SurveyMech.mtf
Sokuryou,SKU-197 SurveyMech,2983,395,437,25,IS,3085u\Cutting Edge\Sokuryou SKU-197 SurveyMech.mtf
Sokuryou,SKU-198 SurveyMech,2984,581,623,25,IS,3085u\Cutting Edge\Sokuryou SKU-198 SurveyMech.mtf
Sphinx,2,3006,2753,2893,75,Clan,3085u\Cutting Edge\Sphinx 2.mtf
Sphinx,,3007,2883,2883,75,Clan,3085u\Cutting Edge\Sphinx.mtf
Spider,SDR-8K,3016,1007,799,30,IS,3085u\Cutting Edge\Spider SDR-8K.mtf
Spider,SDR-8R,3018,694,673,30,IS,3085u\Cutting Edge\Spider SDR-8R.mtf
Spider,SDR-8X,3019,765,718,30,IS,3085u\Cutting Edge\Spider SDR-8X.mtf
Targe,TRG-1N,3164,813,783,40,IS,3085u\Cutting Edge\Targe TRG-1N.mtf
Targe,TRG-2N,3165,1078,1077,40,IS,3085u\Cutting Edge\Targe TRG-2N.mtf
Thunder Fox,TFT-A9,3217,1325,1301,55,IS,3085u\Cutting Edge\Thunder Fox TFT-A9.mtf
Thunder Fox,TFT-C3,3218,1104,1093,55,IS,3085u\Cutting Edge\Thunder Fox TFT-C3.mtf
Thunder Fox,TFT-L8,3219,1513,1434,55,IS,3085u\Cutting Edge\Thunder Fox TFT-L8.mtf
Trebaruna,TR-XB,3292,2223,2208,95,IS,3085u\Cutting Edge\Trebaruna TR-XB.mtf
Trebaruna,TR-XJ,3293,2270,2256,95,IS,3085u\Cutting Edge\Trebaruna TR-XJ.mtf
Trebaruna,TR-XL,3294,2244,2083,95,IS,3085u\Cutting Edge\Trebaruna TR-XL.mtf
Tundra Wolf,2,3316,3626,3558,75,Clan,3085u\Cutting Edge\Tundra Wolf 2.mtf
Tundra Wolf,3,3317,3292,3219,75,Clan,3085u\Cutting Edge\Tundra Wolf 3.mtf
Tundra Wolf,4,3318,2873,2873,75,Clan,3085u\Cutting Edge\Tundra Wolf 4.mtf
Tundra Wolf,,3315,3131,3038,75,Clan,3085u\Cutting Edge\Tundra Wolf.mtf
Ursus II,,3365,2069,1982,50,Clan,3085u\Cutting Edge\Ursus II.mtf
Warhammer,WHD-10CT,3480,1758,1707,70,IS,3085u\Cutting Edge\Warhammer WHD-10CT.mtf
Wolfhound,WLF-3M,3565,786,793,35,IS,3085u\Cutting Edge\Wolfhound WLF-3M.mtf
Wolfhound,WLF-5,3569,1290,1290,35,IS,3085u\Cutting Edge\Wolfhound WLF-5.mtf
Yao Lien,YOL-4C,3609,1586,1522,55,IS,3085u\Cutting Edge\Yao Lien YOL-4C.mtf
Akuma,AKU-2XC,22,2134,1971,90,IS,3085u\ONN\Akuma AKU-2XC.mtf
Albatross,ALB-3Ur,28,1902,1946,95,IS,3085u\ONN\Albatross ALB-3Ur.mtf
Arctic Fox,AF1U,98,821,717,30,IS,3085u\ONN\Arctic Fox AF1U.mtf
Argus,AGS-8DX,110,1598,1689,60,IS,3085u\ONN\Argus AGS-8DX.mtf
Avatar,AV1-OU,171,1359,1352,70,IS,3085u\ONN\Avatar AV1-OU.mtf
Axman,AXM-3Sr,187,1734,1773,65,IS,3085u\ONN\Axman AXM-3Sr.mtf
Balius,U,216,2014,1785,65,Clan,3085u\ONN\Balius U.mtf
Bandersnatch,BNDR-01Ar,218,1522,1576,75,IS,3085u\ONN\Bandersnatch BNDR-01Ar.mtf
Banshee,BNC-3Mr,243,1801,1801,95,IS,3085u\ONN\Banshee BNC-3Mr.mtf
Beowulf,C,8073,,2076,45,Clan,3085u\ONN\Beowulf C.mtf
Black Hawk,U,344,1413,1365,50,Mixed,3085u\ONN\Black Hawk (Nova) U.mtf
Black Hawk-KU,BHKU-OU,353,1687,1655,60,IS,3085u\ONN\Black Hawk-KU BHKU-OU.mtf
Blackjack,BJ2-OU,386,1223,1223,50,IS,3085u\ONN\Blackjack BJ2-OU.mtf
Bushwacker,BSW-S2r,449,1339,1319,55,IS,3085u\ONN\Bushwacker BSW-S2r.mtf
Catapult,CPLT-C5A,484,1772,1745,65,IS,3085u\ONN\Catapult CPLT-C5A.mtf
Cauldron-Born,U,497,2593,2182,65,Clan,3085u\ONN\Cauldron-Born (Ebon Jaguar) U.mtf
Centurion,CN9-Ar,519,1226,1226,50,IS,3085u\ONN\Centurion CN9-Ar.mtf
Charger,CGR-3Kr,566,2092,1980,80,IS,3085u\ONN\Charger CGR-3Kr.mtf
Commando,COM-2Dr,671,563,544,25,IS,3085u\ONN\Commando COM-2Dr.mtf
Crossbow,U,740,1856,1644,65,Clan,3085u\ONN\Crossbow U.mtf
Cyclops,CP-11-B,774,2145,2136,90,IS,3085u\ONN\Cyclops CP-11-B.mtf
Cyclops,CP-11-C2,776,1534,1534,90,IS,3085u\ONN\Cyclops CP-11-C2.mtf
Cyclops,CP-11-C3,777,1752,1760,90,IS,3085u\ONN\Cyclops CP-11-C3.mtf
Daikyu,DAI-01r,799,1513,1542,70,IS,3085u\ONN\Daikyu DAI-01r.mtf
Daishi,U,820,3360,2928,100,Clan,3085u\ONN\Daishi (Dire Wolf) U.mtf
Dart,DRT-6T,831,703,703,25,IS,3085u\ONN\Dart DRT-6T.mtf
Dervish,DV-6Mr,879,1347,1347,55,IS,3085u\ONN\Dervish DV-6Mr.mtf
Deva,C-DVA-OU Exanimus,892,1685,1430,70,IS,3085u\ONN\Deva C-DVA-OU Exanimus.mtf
Dragon,DRG-5Nr,912,1252,1216,60,IS,3085u\ONN\Dragon DRG-5Nr.mtf
Dragonfly,U,927,1417,1336,40,Mixed,3085u\ONN\Dragonfly (Viper) U.mtf
Enfield,END-6Sr,975,1361,1335,50,IS,3085u\ONN\Enfield END-6Sr.mtf
Enforcer III,ENF-6Ma,983,1275,1275,50,IS,3085u\ONN\Enforcer III ENF-6Ma.mtf
Enforcer III,ENF-7C3BS,986,1687,1687,50,IS,3085u\ONN\Enforcer III ENF-7C3BS.mtf
Fafnir,FNR-5X,1021,2610,1552,100,IS,3085u\ONN\Fafnir FNR-5X.mtf
Falconer,FLC-9R,1034,1979,1979,75,IS,3085u\ONN\Falconer FLC-9R.mtf
Fenris,U,1054,1549,1345,45,Clan,3085u\ONN\Fenris (Ice Ferret) U.mtf
Fireball,ALM-10D,1074,957,929,20,IS,3085u\ONN\Fireball ALM-10D.mtf
Firestarter,FS9-OU,1109,1120,1100,45,IS,3085u\ONN\Firestarter FS9-OU.mtf
Gallowglas,GAL-2GLSA,1184,1771,1771,70,IS,3085u\ONN\Gallowglas GAL-2GLSA.mtf
Grand Dragon,DRG-7KC,1262,1673,1673,60,IS,3085u\ONN\Grand Dragon DRG-7KC.mtf
Grigori,C-GRG-OU Exanimus,1327,1604,1432,60,IS,3085u\ONN\Grigori C-GRG-OU Exanimus.mtf
Gunslinger,GUN-2ERDr,1350,2371,2388,85,IS,3085u\ONN\Gunslinger GUN-2ERDr.mtf
Ha Otoko,3,1354,2206,1976,65,Clan,3085u\ONN\Ha Otoko 3.mtf
Hammerhands,HMH-6E,1373,2204,2138,75,IS,3085u\ONN\Hammerhands HMH-6E.mtf
Hatamoto-Chi,HTM-28Tr,1402,2034,2016,80,IS,3085u\ONN\Hatamoto-Chi HTM-28Tr.mtf
Hermes II,HER-5Sr,1503,1242,1242,40,IS,3085u\ONN\Hermes II HER-5Sr.mtf
Highlander IIC,3,1523,3001,2863,90,Clan,3085u\ONN\Highlander IIC 3.mtf
Hitman,HM-1r,1534,938,938,30,IS,3085u\ONN\Hitman HM-1r.mtf
Hunchback IIC,4,1571,2097,2097,50,Clan,3085u\ONN\Hunchback IIC 4.mtf
JagerMech,JM7-C3BS,1671,1354,1374,70,IS,3085u\ONN\JagerMech JM7-C3BS.mtf
Jenner,JR7-C4,1691,703,723,35,IS,3085u\ONN\Jenner JR7-C4.mtf
King Crab,KGC-005r,1775,2335,2598,100,IS,3085u\ONN\King Crab KGC-005r.mtf
Longbow,LGB-8V,1938,1808,2110,85,IS,3085u\ONN\Longbow LGB-8V.mtf
Mad Cat,U,1987,2627,2305,75,Clan,3085u\ONN\Mad Cat (Timber Wolf) U.mtf
Men Shen,MS1-OU,2167,1725,1550,55,IS,3085u\ONN\Men Shen MS1-OU.mtf
Mongoose,MON-86,2215,887,887,25,IS,3085u\ONN\Mongoose MON-86.mtf
Naginata,NG-C3Ar,2253,1879,1720,95,IS,3085u\ONN\Naginata NG-C3Ar.mtf
Nightsky,NGS-6T,2284,1462,1258,50,IS,3085u\ONN\Nightsky NGS-6T.mtf
No-Dachi,NDA-2KC,2297,1705,1593,70,IS,3085u\ONN\No-Dachi NDA-2KC.mtf
Piranha,4,2534,1063,1050,20,Clan,3085u\ONN\Piranha 4.mtf
Preta,C-PRT-OU Exanimus,2580,1055,956,45,IS,3085u\ONN\Preta C-PRT-OU Exanimus.mtf
Quickdraw,QKD-5Mr,2615,1471,1455,60,IS,3085u\ONN\Quickdraw QKD-5Mr.mtf
Rakshasa,MDG-1Ar,2632,1675,1704,75,IS,3085u\ONN\Rakshasa MDG-1Ar.mtf
Raptor,RTX1-OU,2656,914,755,25,IS,3085u\ONN\Raptor RTX1-OU.mtf
Raven,RVN-4Lr,2668,943,965,35,IS,3085u\ONN\Raven RVN-4Lr.mtf
Snake,SNK-2Br,2977,1577,1474,45,IS,3085u\ONN\Snake SNK-2Br.mtf
Spider,SDR-7Kr,3014,775,775,30,IS,3085u\ONN\Spider SDR-7Kr.mtf
Stalker,STK-7C3BS,3042,1712,1683,85,IS,3085u\ONN\Stalker STK-7C3BS.mtf
Starslayer,STY-3Dr,3051,1781,1715,50,IS,3085u\ONN\Starslayer STY-3Dr.mtf
Talon,TLN-6W,3155,1341,1341,35,IS,3085u\ONN\Talon TLN-6W.mtf
Templar,TLR1-OU,3171,1747,1620,85,IS,3085u\ONN\Templar TLR1-OU.mtf
Tessen,TSN-1Cr,3172,1241,1319,50,IS,3085u\ONN\Tessen TSN-1Cr.mtf
Thor,U,3185,3092,3078,70,Clan,3085u\ONN\Thor (Summoner) U.mtf
Turkina,U,3333,2478,2381,95,Clan,3085u\ONN\Turkina U.mtf
Uller,U,3349,1486,1244,30,Clan,3085u\ONN\Uller (Kit Fox) U.mtf
UrbanMech,UM-AIV,3353,603,768,30,IS,3085u\ONN\UrbanMech UM-AIV.mtf
UrbanMech,UM-R80,3360,699,659,30,IS,3085u\ONN\UrbanMech UM-R80.mtf
Victor,VTR-9Ka,3413,1594,1735,80,IS,3085u\ONN\Victor VTR-9Ka.mtf
Victor,VTR-Cr,3416,1465,1167,80,IS,3085u\ONN\Victor VTR-Cr.mtf
Vindicator,VND-3Lr,3428,1045,1027,45,IS,3085u\ONN\Vindicator VND-3Lr.mtf
Vulcan,VT-5Sr,3463,1210,1080,40,IS,3085u\ONN\Vulcan VT-5Sr.mtf
Vulture,U,3474,2488,1938,60,Clan,3085u\ONN\Vulture (Mad Dog) U.mtf
Warlord,BLR-2Dr,3510,2284,1977,80,IS,3085u\ONN\Warlord BLR-2Dr.mtf
Archer,ARC-6S,82,1694,1600,70,IS,3085u\Phoenix\Archer ARC-6S.mtf
Archer,ARC-6W,83,1405,1405,70,IS,3085u\Phoenix\Archer ARC-6W.mtf
Archer,ARC-7L,84,1881,1818,70,IS,3085u\Phoenix\Archer ARC-7L.mtf
Archer,ARC-7S,85,1658,1563,70,IS,3085u\Phoenix\Archer ARC-7S.mtf
Archer,ARC-8M,86,1759,1692,70,IS,3085u\Phoenix\Archer ARC-8M.mtf
Archer,ARC-9K,87,1391,1391,70,IS,3085u\Phoenix\Archer ARC-9K.mtf
Archer,ARC-9M,88,1811,1676,70,IS,3085u\Phoenix\Archer ARC-9M.mtf
Archer,ARC-9W,89,1774,1726,70,IS,3085u\Phoenix\Archer ARC-9W.mtf
BattleMaster,BLR-10S,280,1927,1872,85,IS,3085u\Phoenix\BattleMaster BLR-10S.mtf
BattleMaster,BLR-10S2,281,1927,1867,85,IS,3085u\Phoenix\BattleMaster BLR-10S2.mtf
BattleMaster,BLR-2C,290,1563,1550,85,IS,3085u\Phoenix\BattleMaster BLR-2C.mtf
BattleMaster,BLR-3M,291,1679,1652,85,IS,3085u\Phoenix\BattleMaster BLR-3M.mtf
BattleMaster,BLR-3S,292,1441,1477,85,IS,3085u\Phoenix\BattleMaster BLR-3S.mtf
BattleMaster,BLR-4L,293,1890,1897,85,IS,3085u\Phoenix\BattleMaster BLR-4L.mtf
BattleMaster,BLR-4S,294,2018,2009,85,IS,3085u\Phoenix\BattleMaster BLR-4S.mtf
BattleMaster,BLR-5M,297,1766,1772,85,IS,3085u\Phoenix\BattleMaster BLR-5M.mtf
BattleMaster,BLR-6X,298,1966,1975,85,IS,3085u\Phoenix\BattleMaster BLR-6X.mtf
BattleMaster,BLR-CM,299,1883,1777,85,IS,3085u\Phoenix\BattleMaster BLR-CM.mtf
BattleMaster,BLR-K3,300,1851,1860,85,IS,3085u\Phoenix\BattleMaster BLR-K3.mtf
BattleMaster,BLR-K4,301,2232,2111,85,IS,3085u\Phoenix\BattleMaster BLR-K4.mtf
BattleMaster,BLR-M3,302,1674,1662,85,IS,3085u\Phoenix\BattleMaster BLR-M3.mtf
BattleMaster,C,303,3025,3025,85,Clan,3085u\Phoenix\BattleMaster C.mtf
Crusader,CRD-4L,757,1309,1309,65,IS,3085u\Phoenix\Crusader CRD-4L.mtf
Crusader,CRD-5K,758,1463,1384,65,IS,3085u\Phoenix\Crusader CRD-5K.mtf
Crusader,CRD-6M,761,1373,1368,65,IS,3085u\Phoenix\Crusader CRD-6M.mtf
Crusader,CRD-7L,762,1749,1696,65,IS,3085u\Phoenix\Crusader CRD-7L.mtf
Crusader,CRD-7W,763,1221,1301,65,IS,3085u\Phoenix\Crusader CRD-7W.mtf
Crusader,CRD-8L,764,1701,1604,65,IS,3085u\Phoenix\Crusader CRD-8L.mtf
Crusader,CRD-8S,765,1698,1602,65,IS,3085u\Phoenix\Crusader CRD-8S.mtf
Goliath,GOL-2H,1230,1583,1568,80,IS,3085u\Phoenix\Goliath GOL-2H.mtf
Goliath,GOL-3L,1231,1708,1731,80,IS,3085u\Phoenix\Goliath GOL-3L.mtf
Goliath,GOL-3S,1233,1792,1798,80,IS,3085u\Phoenix\Goliath GOL-3S.mtf
Goliath,GOL-4S,1234,1912,1704,80,IS,3085u\Phoenix\Goliath GOL-4S.mtf
Goliath,GOL-5D,1235,1975,2004,80,IS,3085u\Phoenix\Goliath GOL-5D.mtf
Goliath,GOL-5W,1236,2006,1847,80,IS,3085u\Phoenix\Goliath GOL-5W.mtf
Goliath,GOL-6H,1237,1676,1636,80,IS,3085u\Phoenix\Goliath GOL-6H.mtf
Goliath,GOL-6M,1238,1742,1775,80,IS,3085u\Phoenix\Goliath GOL-6M.mtf
Griffin,GRF-1DS,1294,1285,1305,55,IS,3085u\Phoenix\Griffin GRF-1DS.mtf
Griffin,GRF-3M,1300,1521,1540,55,IS,3085u\Phoenix\Griffin GRF-3M.mtf
Griffin,GRF-4N,1301,1591,1418,55,IS,3085u\Phoenix\Griffin GRF-4N.mtf
Griffin,GRF-4R,1302,1412,1364,55,IS,3085u\Phoenix\Griffin GRF-4R.mtf
Griffin,GRF-5K,1303,1390,1287,55,IS,3085u\Phoenix\Griffin GRF-5K.mtf
Griffin,GRF-5L,1304,1742,1605,55,IS,3085u\Phoenix\Griffin GRF-5L.mtf
Griffin,GRF-5M,1305,1224,1240,55,IS,3085u\Phoenix\Griffin GRF-5M.mtf
Griffin,GRF-6CS,1306,1695,1715,55,IS,3085u\Phoenix\Griffin GRF-6CS.mtf
Griffin,GRF-6S,1307,1781,1761,55,IS,3085u\Phoenix\Griffin GRF-6S.mtf
Griffin IIC,3,1312,1532,1529,40,Clan,3085u\Phoenix\Griffin IIC 3.mtf
Griffin IIC,4,1313,1475,1475,40,Clan,3085u\Phoenix\Griffin IIC 4.mtf
Griffin IIC,5,1314,1344,1299,40,Clan,3085u\Phoenix\Griffin IIC 5.mtf
Griffin IIC,6,1315,1468,1330,40,Clan,3085u\Phoenix\Griffin IIC 6.mtf
Griffin IIC,7,1316,1952,956,40,Clan,3085u\Phoenix\Griffin IIC 7.mtf
Griffin IIC,8,1317,1736,1602,40,Clan,3085u\Phoenix\Griffin IIC 8.mtf
Locust IIC,4,1917,795,795,25,Clan,3085u\Phoenix\Locust IIC 4.mtf
Locust IIC,5,1918,878,878,25,Clan,3085u\Phoenix\Locust IIC 5.mtf
Locust IIC,6,1919,776,774,25,Clan,3085u\Phoenix\Locust IIC 6.mtf
Locust IIC,7,1920,980,980,25,Clan,3085u\Phoenix\Locust IIC 7.mtf
Locust IIC,8,1921,1119,1119,25,Clan,3085u\Phoenix\Locust IIC 8.mtf
Locust IIC,9,1922,1133,1157,25,Mixed,3085u\Phoenix\Locust IIC 9.mtf
Locust,LCT-1V2,1902,568,568,20,IS,3085u\Phoenix\Locust LCT-1V2.mtf
Locust,LCT-5M,1908,719,719,20,IS,3085u\Phoenix\Locust LCT-5M.mtf
Locust,LCT-5T,1909,520,531,20,IS,3085u\Phoenix\Locust LCT-5T.mtf
Locust,LCT-5V,1910,665,665,20,IS,3085u\Phoenix\Locust LCT-5V.mtf
Locust,LCT-5W,1911,695,695,20,IS,3085u\Phoenix\Locust LCT-5W.mtf
Locust,LCT-5W2,1912,787,787,20,IS,3085u\Phoenix\Locust LCT-5W2.mtf
Locust,LCT-6M,1913,956,913,20,IS,3085u\Phoenix\Locust LCT-6M.mtf
Longbow,LGB-12C,1931,1686,1712,85,IS,3085u\Phoenix\Longbow LGB-12C.mtf
Longbow,LGB-12R,1932,1979,1907,85,IS,3085u\Phoenix\Longbow LGB-12R.mtf
Longbow,LGB-13C,1933,1397,1406,85,IS,3085u\Phoenix\Longbow LGB-13C.mtf
Longbow,LGB-13NAIS,1934,1804,1748,85,IS,3085u\Phoenix\Longbow LGB-13NAIS.mtf
Longbow,LGB-14C,1935,1421,1511,85,IS,3085u\Phoenix\Longbow LGB-14C.mtf
Marauder II,(Bounty Hunter),2053,3767,3767,100,Clan,3085u\Phoenix\Marauder II Bounty Hunter.mtf
Marauder II,C,2054,2916,2916,100,Clan,3085u\Phoenix\Marauder II C.mtf
Marauder II,MAD-4H,2056,2180,2180,100,IS,3085u\Phoenix\Marauder II MAD-4H.mtf
Marauder II,MAD-4K,2057,2626,2635,100,IS,3085u\Phoenix\Marauder II MAD-4K.mtf
Marauder II,MAD-4S,2058,2623,2422,100,IS,3085u\Phoenix\Marauder II MAD-4S.mtf
Marauder II,MAD-5W,2062,2383,2278,100,IS,3085u\Phoenix\Marauder II MAD-5W.mtf
Marauder II,MAD-6D,2063,2378,2394,100,IS,3085u\Phoenix\Marauder II MAD-6D.mtf
Marauder II,MAD-6M,2064,2218,2218,100,IS,3085u\Phoenix\Marauder II MAD-6M.mtf
Marauder IIC,2,2066,2358,2358,85,Clan,3085u\Phoenix\Marauder IIC 2.mtf
Marauder IIC,3,2067,2445,2445,85,Clan,3085u\Phoenix\Marauder IIC 3.mtf
Marauder IIC,4,2068,3447,4546,85,Clan,3085u\Phoenix\Marauder IIC 4.mtf
Marauder IIC,5,2069,2386,2386,85,Clan,3085u\Phoenix\Marauder IIC 5.mtf
Marauder IIC,6,2070,2646,2576,85,Clan,3085u\Phoenix\Marauder IIC 6.mtf
Marauder IIC,7,2071,2843,2840,85,Clan,3085u\Phoenix\Marauder IIC 7.mtf
Marauder,MAD-5L,2040,2244,1978,75,IS,3085u\Phoenix\Marauder MAD-5L.mtf
Marauder,MAD-5M,2041,1471,1480,75,IS,3085u\Phoenix\Marauder MAD-5M.mtf
Marauder,MAD-5R,2042,1877,1940,75,IS,3085u\Phoenix\Marauder MAD-5R.mtf
Marauder,MAD-5T,2044,1750,1813,75,IS,3085u\Phoenix\Marauder MAD-5T.mtf
Marauder,MAD-6L,2045,2322,1892,75,IS,3085u\Phoenix\Marauder MAD-6L.mtf
Marauder,MAD-7D,2046,1986,2049,75,IS,3085u\Phoenix\Marauder MAD-7D.mtf
Marauder,MAD-9M,2047,1704,1704,75,IS,3085u\Phoenix\Marauder MAD-9M.mtf
Marauder,MAD-9M2,2048,1875,1875,75,IS,3085u\Phoenix\Marauder MAD-9M2.mtf
Marauder,MAD-9S,2049,1786,1768,75,IS,3085u\Phoenix\Marauder MAD-9S.mtf
Marauder,MAD-9W,2050,1788,1673,75,IS,3085u\Phoenix\Marauder MAD-9W.mtf
Marauder,MAD-9W2,2051,1868,1746,75,IS,3085u\Phoenix\Marauder MAD-9W2.mtf
Ostroc,OSR-4C,2355,1325,1325,60,IS,3085u\Phoenix\Ostroc OSR-4C.mtf
Ostroc,OSR-4K,2356,1490,1395,60,IS,3085u\Phoenix\Ostroc OSR-4K.mtf
Ostroc,OSR-4L,2357,1778,1778,60,IS,3085u\Phoenix\Ostroc OSR-4L.mtf
Ostroc,OSR-5C,2358,1788,1788,60,IS,3085u\Phoenix\Ostroc OSR-5C.mtf
Ostroc,OSR-5W,2359,1655,1655,60,IS,3085u\Phoenix\Ostroc OSR-5W.mtf
Ostscout,OTT-10CS,2364,862,832,35,IS,3085u\Phoenix\Ostscout OTT-10CS.mtf
Ostscout,OTT-11J,2365,908,908,35,IS,3085u\Phoenix\Ostscout OTT-11J.mtf
Ostscout,OTT-7K,2368,484,484,35,IS,3085u\Phoenix\Ostscout OTT-7K.mtf
Ostscout,OTT-9CS,2369,930,930,35,IS,3085u\Phoenix\Ostscout OTT-9CS.mtf
Ostscout,OTT-9S,2370,855,855,35,IS,3085u\Phoenix\Ostscout OTT-9S.mtf
Ostsol,OTL-5D,2373,1333,1333,60,IS,3085u\Phoenix\Ostsol OTL-5D.mtf
Ostsol,OTL-6D,2375,1880,1785,60,IS,3085u\Phoenix\Ostsol OTL-6D.mtf
Ostsol,OTL-7M,2376,1581,1594,60,IS,3085u\Phoenix\Ostsol OTL-7M.mtf
Ostsol,OTL-8D,2377,1462,1430,60,IS,3085u\Phoenix\Ostsol OTL-8D.mtf
Ostsol,OTL-8M,2378,1733,1535,60,IS,3085u\Phoenix\Ostsol OTL-8M.mtf
Ostsol,OTL-9M,2379,1871,1871,60,IS,3085u\Phoenix\Ostsol OTL-9M.mtf
Ostsol,OTL-9R,2380,1654,1529,60,IS,3085u\Phoenix\Ostsol OTL-9R.mtf
Phoenix Hawk IIC,3,2513,2448,2448,80,Clan,3085u\Phoenix\Phoenix Hawk IIC 3.mtf
Phoenix Hawk IIC,4,2514,2483,2503,80,Clan,3085u\Phoenix\Phoenix Hawk IIC 4.mtf
Phoenix Hawk IIC,5,2515,2350,2350,80,Clan,3085u\Phoenix\Phoenix Hawk IIC 5.mtf
Phoenix Hawk IIC,6,2516,2490,2259,80,Clan,3085u\Phoenix\Phoenix Hawk IIC 6.mtf
Phoenix Hawk IIC,7,2517,2219,2158,80,Clan,3085u\Phoenix\Phoenix Hawk IIC 7.mtf
Phoenix Hawk IIC,8,2518,2881,2886,80,Clan,3085u\Phoenix\Phoenix Hawk IIC 8.mtf
Phoenix Hawk,PXH-2,2496,1145,1145,45,IS,3085u\Phoenix\Phoenix Hawk PXH-2.mtf
Phoenix Hawk,PXH-3M (Masters),2500,1154,1164,45,IS,3085u\Phoenix\Phoenix Hawk PXH-3M Masters.mtf
Phoenix Hawk,PXH-3PL,2501,1244,1244,45,IS,3085u\Phoenix\Phoenix Hawk PXH-3PL.mtf
Phoenix Hawk,PXH-4L,2503,1282,1283,45,IS,3085u\Phoenix\Phoenix Hawk PXH-4L.mtf
Phoenix Hawk,PXH-4W,2504,1395,1312,45,IS,3085u\Phoenix\Phoenix Hawk PXH-4W.mtf
Phoenix Hawk,PXH-5L,2505,1530,1387,45,IS,3085u\Phoenix\Phoenix Hawk PXH-5L.mtf
Phoenix Hawk,PXH-6D,2506,1665,1665,45,IS,3085u\Phoenix\Phoenix Hawk PXH-6D.mtf
Phoenix Hawk,PXH-7CS,2507,1281,1340,45,IS,3085u\Phoenix\Phoenix Hawk PXH-7CS.mtf
Phoenix Hawk,PXH-7K,2508,1241,1194,45,IS,3085u\Phoenix\Phoenix Hawk PXH-7K.mtf
Phoenix Hawk,PXH-7S,2509,1496,1496,45,IS,3085u\Phoenix\Phoenix Hawk PXH-7S.mtf
Phoenix Hawk,PXH-8CS,2510,1442,1442,45,IS,3085u\Phoenix\Phoenix Hawk PXH-8CS.mtf
Rifleman,C 2,2694,2150,2145,60,Clan,3085u\Phoenix\Rifleman C 2.mtf
Rifleman IIC,2,2711,1345,1337,65,Clan,3085u\Phoenix\Rifleman IIC 2.mtf
Rifleman IIC,3,2712,1733,1728,65,Clan,3085u\Phoenix\Rifleman IIC 3.mtf
Rifleman IIC,4,2713,2140,2140,65,Clan,3085u\Phoenix\Rifleman IIC 4.mtf
Rifleman IIC,5,2714,2343,2196,65,Clan,3085u\Phoenix\Rifleman IIC 5.mtf
Rifleman IIC,6,2715,2251,2165,65,Clan,3085u\Phoenix\Rifleman IIC 6.mtf
Rifleman IIC,7,2716,2205,2076,65,Clan,3085u\Phoenix\Rifleman IIC 7.mtf
Rifleman IIC,8,2717,2541,2527,65,Clan,3085u\Phoenix\Rifleman IIC 8.mtf
Rifleman IIC,,2710,2307,2305,65,Clan,3085u\Phoenix\Rifleman IIC.mtf
Rifleman,RFL-3Cr,2696,1129,1086,60,IS,3085u\Phoenix\Rifleman RFL-3Cr.mtf
Rifleman,RFL-6D,2701,1274,1341,60,IS,3085u\Phoenix\Rifleman RFL-6D.mtf
Rifleman,RFL-6X,2702,1464,1503,60,IS,3085u\Phoenix\Rifleman RFL-6X.mtf
Rifleman,RFL-7M,2703,1521,1533,60,IS,3085u\Phoenix\Rifleman RFL-7M.mtf
Rifleman,RFL-7X,2704,1645,1645,60,IS,3085u\Phoenix\Rifleman RFL-7X.mtf
Rifleman,RFL-8D,2705,1777,1983,60,IS,3085u\Phoenix\Rifleman RFL-8D.mtf
Rifleman,RFL-8X,2706,1798,1798,60,IS,3085u\Phoenix\Rifleman RFL-8X.mtf
Rifleman,RFL-9T,2707,1503,1484,60,IS,3085u\Phoenix\Rifleman RFL-9T.mtf
Scorpion,SCP-10M,2833,1458,1450,55,IS,3085u\Phoenix\Scorpion SCP-10M.mtf
Scorpion,SCP-12C,2834,1259,1329,55,IS,3085u\Phoenix\Scorpion SCP-12C.mtf
Scorpion,SCP-12K,2835,1260,1252,55,IS,3085u\Phoenix\Scorpion SCP-12K.mtf
Scorpion,SCP-12S,2836,1109,1068,55,IS,3085u\Phoenix\Scorpion SCP-12S.mtf
Shadow Hawk IIC,3,2913,1471,1471,45,Clan,3085u\Phoenix\Shadow Hawk IIC 3.mtf
Shadow Hawk IIC,4,2914,1698,1698,45,Clan,3085u\Phoenix\Shadow Hawk IIC 4.mtf
Shadow Hawk IIC,5,2915,1614,1496,45,Clan,3085u\Phoenix\Shadow Hawk IIC 5.mtf
Shadow Hawk IIC,6,2916,1907,1907,45,Clan,3085u\Phoenix\Shadow Hawk IIC 6.mtf
Shadow Hawk IIC,7,2917,1999,1851,45,Clan,3085u\Phoenix\Shadow Hawk IIC 7.mtf
Shadow Hawk IIC,8,2918,1940,1827,45,Clan,3085u\Phoenix\Shadow Hawk IIC 8.mtf
Shadow Hawk,SHD-11CS,2896,1700,1680,55,IS,3085u\Phoenix\Shadow Hawk SHD-11CS.mtf
Shadow Hawk,SHD-12C,2897,1574,1593,55,IS,3085u\Phoenix\Shadow Hawk SHD-12C.mtf
Shadow Hawk,SHD-3K,2904,1591,1571,55,IS,3085u\Phoenix\Shadow Hawk SHD-3K.mtf
Shadow Hawk,SHD-5D,2905,1684,1717,55,IS,3085u\Phoenix\Shadow Hawk SHD-5D.mtf
Shadow Hawk,SHD-7CS,2907,1496,1525,55,IS,3085u\Phoenix\Shadow Hawk SHD-7CS.mtf
Shadow Hawk,SHD-7M,2908,1447,1473,55,IS,3085u\Phoenix\Shadow Hawk SHD-7M.mtf
Shadow Hawk,SHD-8L,2909,1536,1241,55,IS,3085u\Phoenix\Shadow Hawk SHD-8L.mtf
Shadow Hawk,SHD-9D,2910,1313,1276,55,IS,3085u\Phoenix\Shadow Hawk SHD-9D.mtf
Stinger,STG-3P,3060,489,489,20,IS,3085u\Phoenix\Stinger STG-3P.mtf
Stinger,STG-5R,3064,492,492,20,IS,3085u\Phoenix\Stinger STG-5R.mtf
Stinger,STG-5T,3065,341,341,20,IS,3085u\Phoenix\Stinger STG-5T.mtf
Stinger,STG-6L,3066,680,680,20,IS,3085u\Phoenix\Stinger STG-6L.mtf
Stinger,STG-6S,3067,478,479,20,IS,3085u\Phoenix\Stinger STG-6S.mtf
Stinger,STG-7S,3068,382,367,20,IS,3085u\Phoenix\Stinger STG-7S.mtf
Thunderbolt,TDR-10M,3232,1727,1727,65,IS,3085u\Phoenix\Thunderbolt TDR-10M.mtf
Thunderbolt,TDR-10SE,3235,2008,2008,65,IS,3085u\Phoenix\Thunderbolt TDR-10SE.mtf
Thunderbolt,TDR-11SE,3236,1754,1664,65,IS,3085u\Phoenix\Thunderbolt TDR-11SE.mtf
Thunderbolt,TDR-17S,3237,1803,1562,65,IS,3085u\Phoenix\Thunderbolt TDR-17S.mtf
Thunderbolt,TDR-60-RLA,3243,1975,1895,65,IS,3085u\Phoenix\Thunderbolt TDR-60-RLA.mtf
Thunderbolt,TDR-7SE,3245,1809,1817,65,IS,3085u\Phoenix\Thunderbolt TDR-7SE.mtf
Thunderbolt,TDR-9M,3246,1648,1630,65,IS,3085u\Phoenix\Thunderbolt TDR-9M.mtf
Thunderbolt,TDR-9NAIS,3247,1864,1981,65,IS,3085u\Phoenix\Thunderbolt TDR-9NAIS.mtf
Thunderbolt,TDR-9Nr,3248,1635,1454,65,IS,3085u\Phoenix\Thunderbolt TDR-9Nr.mtf
Thunderbolt,TDR-9T,3251,1589,1609,65,IS,3085u\Phoenix\Thunderbolt TDR-9T.mtf
Valkyrie,VLK-QD1,3374,878,878,30,IS,3085u\Phoenix\Valkyrie VLK-QD1.mtf
Valkyrie,VLK-QD2,3375,638,640,30,IS,3085u\Phoenix\Valkyrie VLK-QD2.mtf
Valkyrie,VLK-QD3,3376,882,872,30,IS,3085u\Phoenix\Valkyrie VLK-QD3.mtf
Valkyrie,VLK-QD4,3377,657,653,30,IS,3085u\Phoenix\Valkyrie VLK-QD4.mtf
Valkyrie,VLK-QS5,3379,774,755,30,IS,3085u\Phoenix\Valkyrie VLK-QS5.mtf
Valkyrie,VLK-QT2,3380,863,873,30,IS,3085u\Phoenix\Valkyrie VLK-QT2.mtf
Valkyrie,VLK-QW5,3381,701,671,30,IS,3085u\Phoenix\Valkyrie VLK-QW5.mtf
Warhammer IIC,3,3502,2382,2382,80,Clan,3085u\Phoenix\Warhammer IIC 3.mtf
Warhammer IIC,4,3503,2386,2386,80,Clan,3085u\Phoenix\Warhammer IIC 4.mtf
Warhammer IIC,5,3504,2185,2200,80,Clan,3085u\Phoenix\Warhammer IIC 5.mtf
Warhammer IIC,6,3505,2661,2661,80,Clan,3085u\Phoenix\Warhammer IIC 6.mtf
Warhammer IIC,7,3506,2915,2760,80,Clan,3085u\Phoenix\Warhammer IIC 7.mtf
Warhammer IIC,8,3507,2380,2317,80,Clan,3085u\Phoenix\Warhammer IIC 8.mtf
Warhammer IIC,9,3508,2819,2996,80,Clan,3085u\Phoenix\Warhammer IIC 9.mtf
Warhammer,WHM-10T,3481,1891,1930,70,IS,3085u\Phoenix\Warhammer WHM-10T.mtf
Warhammer,WHM-11T,3482,1698,1663,70,IS,3085u\Phoenix\Warhammer WHM-11T.mtf
Warhammer,WHM-4L,3483,1743,1753,70,IS,3085u\Phoenix\Warhammer WHM-4L.mtf
Warhammer,WHM-5L,3484,1896,1643,70,IS,3085u\Phoenix\Warhammer WHM-5L.mtf
Warhammer,WHM-8D,3494,1744,1735,70,IS,3085u\Phoenix\Warhammer WHM-8D.mtf
Warhammer,WHM-8K,3495,1748,1739,70,IS,3085u\Phoenix\Warhammer WHM-8K.mtf
Warhammer,WHM-8M,3496,1631,1631,70,IS,3085u\Phoenix\Warhammer WHM-8M.mtf
Warhammer,WHM-9D,3497,2152,2152,70,IS,3085u\Phoenix\Warhammer WHM-9D.mtf
Warhammer,WHM-9S,3498,1653,1644,70,IS,3085u\Phoenix\Warhammer WHM-9S.mtf
Wasp,WSP-3A,3526,401,382,20,IS,3085u\Phoenix\Wasp WSP-3A.mtf
Wasp,WSP-3L,3527,534,534,20,IS,3085u\Phoenix\Wasp WSP-3L.mtf
Wasp,WSP-3S,3529,595,595,20,IS,3085u\Phoenix\Wasp WSP-3S.mtf
Wasp,WSP-7MAF,3531,488,488,20,IS,3085u\Phoenix\Wasp WSP-7MAF.mtf
Wasp,WSP-8T,3532,439,439,20,IS,3085u\Phoenix\Wasp WSP-8T.mtf
Wolverine,WVR-8C,3577,1447,1447,55,IS,3085u\Phoenix\Wolverine WVR-8C.mtf
Wolverine,WVR-8D,3578,1547,1683,55,IS,3085u\Phoenix\Wolverine WVR-8D.mtf
Wolverine,WVR-8K,3579,1576,1585,55,IS,3085u\Phoenix\Wolverine WVR-8K.mtf
Wolverine,WVR-9D,3580,1369,1494,55,IS,3085u\Phoenix\Wolverine WVR-9D.mtf
Wolverine,WVR-9K,3581,1419,1311,55,IS,3085u\Phoenix\Wolverine WVR-9K.mtf
Wolverine,WVR-9M,3582,1617,1627,55,IS,3085u\Phoenix\Wolverine WVR-9M.mtf
Wolverine,WVR-9W,3583,1404,1333,55,IS,3085u\Phoenix\Wolverine WVR-9W.mtf
Wolverine,WVR-9W2,3584,1480,1444,55,IS,3085u\Phoenix\Wolverine WVR-9W2.mtf
Eyrie,,6263,1401,1204,35,Clan,3145\Clans\Eyrie.mtf
Gravedigger,GDR-1C,6265,1342,1351,50,IS,3145\Clans\Gravedigger GDR-1C.mtf
Gravedigger,GDR-1D,6264,1707,1347,50,Mixed,3145\Clans\Gravedigger GDR-1D.mtf
Gyrfalcon,2,6267,2105,1978,55,Clan,3145\Clans\Gyrfalcon 2.mtf
Gyrfalcon,3,6268,2228,1907,55,Clan,3145\Clans\Gyrfalcon 3.mtf
Gyrfalcon,4,6269,3716,1876,55,Mixed,3145\Clans\Gyrfalcon 4.mtf
Gyrfalcon,,6266,2367,1969,55,Clan,3145\Clans\Gyrfalcon.mtf
Kodiak II,2,6296,3147,2213,100,Clan,3145\Clans\Kodiak II 2.mtf
Kodiak II,,6295,3066,2929,100,Clan,3145\Clans\Kodiak II.mtf
Loki Mk II,(Prime),6277,2189,2186,65,Clan,3145\Clans\Loki Mk II (Hel) (Prime).mtf
Loki Mk II,A,6278,2249,2249,65,Clan,3145\Clans\Loki Mk II (Hel) A.mtf
Loki Mk II,B,6279,1798,1494,65,Clan,3145\Clans\Loki Mk II (Hel) B.mtf
Shrike,2,6293,2846,2425,95,Clan,3145\Clans\Shrike 2.mtf
Shrike,3,6294,3698,3157,95,Clan,3145\Clans\Shrike 3.mtf
Shrike,,6292,2969,2418,95,Clan,3145\Clans\Shrike.mtf
Thor II,(Prime),6281,2554,2382,70,Clan,3145\Clans\Thor Mk II (Grand Summoner) (Prime).mtf
Thor II,A,6282,2473,2387,70,Clan,3145\Clans\Thor Mk II (Grand Summoner) A.mtf
Thor II,B,6283,2354,2171,70,Clan,3145\Clans\Thor Mk II (Grand Summoner) B.mtf
Thor II,C,6284,2351,2377,70,Clan,3145\Clans\Thor Mk II (Grand Summoner) C.mtf
Thor II,D,6285,2878,2804,70,Clan,3145\Clans\Thor Mk II (Grand Summoner) D.mtf
Tomahawk,(Prime),6298,3101,3072,100,Clan,3145\Clans\Tomahawk (Prime).mtf
Tomahawk,A,6299,2762,3001,100,Clan,3145\Clans\Tomahawk A.mtf
Tomahawk,B,6300,3323,3309,100,Clan,3145\Clans\Tomahawk B.mtf
Tomahawk,C,6301,2985,2985,100,Clan,3145\Clans\Tomahawk C.mtf
Tomahawk II,(Prime),6303,3334,3334,100,Clan,3145\Clans\Tomahawk II (Prime).mtf
Tomahawk II,A,6304,2697,2697,100,Clan,3145\Clans\Tomahawk II A.mtf
Tomahawk II,B,6305,3513,2104,100,Clan,3145\Clans\Tomahawk II B.mtf
Tomahawk II,C,6306,2938,2728,100,Clan,3145\Clans\Tomahawk II C.mtf
Vulture Mk III,B,6273,2572,2396,60,Clan,3145\Clans\Vulture (Mad Dog) Mk III B.mtf
Vulture Mk III,C,6274,2299,2277,60,Clan,3145\Clans\Vulture (Mad Dog) Mk III C.mtf
Vulture Mk III,D,6275,2421,2460,60,Clan,3145\Clans\Vulture (Mad Dog) Mk III D.mtf
Vulture Mk III,Prime,6271,2729,2581,60,Clan,3145\Clans\Vulture (Mad Dog) Mk III Prime.mtf
Vulture Mk III,A,6272,1880,1836,60,Clan,3145\Clans\Vulture Mk III (Mad Dog Mk III) A.mtf
Warwolf,(Prime),6287,2706,2660,75,Clan,3145\Clans\Warwolf (Prime).mtf
Warwolf,A,6288,3100,2827,75,Clan,3145\Clans\Warwolf A.mtf
Warwolf,B,6289,2518,2039,75,Clan,3145\Clans\Warwolf B.mtf
Warwolf,C,6290,2776,2776,75,Clan,3145\Clans\Warwolf C.mtf
Warwolf,H,6291,3184,3323,75,Clan,3145\Clans\Warwolf H.mtf
Wulfen,(Prime),6256,983,987,30,Mixed,3145\Clans\Wulfen (Prime).mtf
Wulfen,A,6257,1615,1646,30,Mixed,3145\Clans\Wulfen A.mtf
Wulfen,B,6258,1806,1838,30,Mixed,3145\Clans\Wulfen B.mtf
Wulfen,C,6259,1334,1529,30,Mixed,3145\Clans\Wulfen C.mtf
Wulfen,D,6260,859,847,30,Mixed,3145\Clans\Wulfen D.mtf
Wulfen,E,6261,1839,1859,30,Mixed,3145\Clans\Wulfen E.mtf
Wulfen,H,6262,1556,1593,30,Mixed,3145\Clans\Wulfen H.mtf
Antlion,LK-3D,6338,859,783,45,Mixed,3145\Davion\Antlion LK-3D.mtf
Atlas III,AS7-D2,6359,2890,2426,100,Mixed,3145\Davion\Atlas III AS7-D2.mtf
Atlas III,AS7-D3,6358,2564,1992,100,Mixed,3145\Davion\Atlas III AS7-D3.mtf
Black Knight,BLK-NT-2Y,6347,1847,1781,75,IS,3145\Davion\Black Knight BLK-NT-2Y.mtf
Black Knight,BLK-NT-3A,6348,1707,1778,75,IS,3145\Davion\Black Knight BLK-NT-3A.mtf
Black Knight,BLK-NT-3B,6349,1911,1735,75,IS,3145\Davion\Black Knight BLK-NT-3B.mtf
Black Knight,BLK-NT-4D,6350,2280,2120,75,Mixed,3145\Davion\Black Knight BLK-NT-4D.mtf
Black Knight,BLK-NT-5H,6351,2423,2430,75,Mixed,3145\Davion\Black Knight BLK-NT-5H.mtf
Centurion,CN11-O,6340,1236,1240,50,IS,3145\Davion\Centurion CN11-O.mtf
Centurion,CN11-OA,6341,1398,1428,50,IS,3145\Davion\Centurion CN11-OA.mtf
Centurion,CN11-OB,6342,1430,1411,50,IS,3145\Davion\Centurion CN11-OB.mtf
Centurion,CN11-OC,6343,1628,1552,50,IS,3145\Davion\Centurion CN11-OC.mtf
Centurion,CN11-OD,6344,1177,1116,50,IS,3145\Davion\Centurion CN11-OD.mtf
Centurion,CN11-OE,6345,1515,1524,50,IS,3145\Davion\Centurion CN11-OE.mtf
Gunsmith,CH11-NG,6332,1465,1465,25,IS,3145\Davion\Gunsmith CH11-NG.mtf
Hollander III,BZK-D1,6333,1116,1126,35,IS,3145\Davion\Hollander III BZK-D1.mtf
Hollander III,BZK-D2,6334,1270,1341,35,IS,3145\Davion\Hollander III BZK-D2.mtf
Hollander III,BZK-D3,6335,1575,1575,35,IS,3145\Davion\Hollander III BZK-D3.mtf
Prey Seeker,PY-SR10,6331,595,290,15,IS,3145\Davion\Prey Seeker PY-SR10.mtf
Scarecrow,UCU-F4r 'Hobbled Scarecrow',6337,1472,1385,40,Mixed,3145\Davion\Scarecrow UCU-F4 Hobbled Scarecrow.mtf
Scarecrow,UCU-F4,6336,1475,1346,40,Mixed,3145\Davion\Scarecrow UCU-F4.mtf
Templar III,TLR2-O,6353,2028,1968,85,IS,3145\Davion\Templar III TLR2-O.mtf
Templar III,TLR2-OA,6354,1677,1608,85,IS,3145\Davion\Templar III TLR2-OA.mtf
Templar III,TLR2-OB,6355,1918,1814,85,IS,3145\Davion\Templar III TLR2-OB.mtf
Templar III,TLR2-OC,6356,1993,1793,85,IS,3145\Davion\Templar III TLR2-OC.mtf
Templar III,TLR2-OD,6357,2108,1775,85,Mixed,3145\Davion\Templar III TLR2-OD.mtf
Vulpes,VLP-1D,6346,2225,2471,60,Mixed,3145\Davion\Vulpes VLP-1D.mtf
Avalanche,AVL-1O,6396,1540,1520,50,IS,3145\Kurita\Avalanche AVL-1O.mtf
Avalanche,AVL-1OA,6397,1484,1465,50,IS,3145\Kurita\Avalanche AVL-1OA.mtf
Avalanche,AVL-1OB,6398,1529,1503,50,IS,3145\Kurita\Avalanche AVL-1OB.mtf
Avalanche,AVL-1OC,6399,1341,1325,50,IS,3145\Kurita\Avalanche AVL-1OC.mtf
Avalanche,AVL-1ON,6400,1873,1857,50,Mixed,3145\Kurita\Avalanche AVL-1ON.mtf
Avalanche,AVL-1OR,6401,2043,1955,50,Mixed,3145\Kurita\Avalanche AVL-1OR.mtf
Dragon II,DRG-11K,6414,1598,1551,65,IS,3145\Kurita\Dragon II DRG-11K.mtf
Dragon II,DRG-11R,6415,2300,2318,65,Mixed,3145\Kurita\Dragon II DRG-11R.mtf
Exhumer,EXR-2X,6410,1468,1449,55,IS,3145\Kurita\Exhumer EXR-2X.mtf
Exhumer,EXR-3P,6411,1469,1282,55,IS,3145\Kurita\Exhumer EXR-3P.mtf
Hatamoto-Godai,HTM-30Z,6419,1899,1594,80,Mixed,3145\Kurita\Hatamoto-Godai HTM-30Z.mtf
Hatamoto-Suna,HTM-30S,6418,2086,2034,80,IS,3145\Kurita\Hatamoto-Suna HTM-30S.mtf
Hitotsume Kozo,HKZ-1F,6412,1998,1800,55,IS,3145\Kurita\Hitotsume Kozo HKZ-1F.mtf
Hitotsume Kozo,HKZ-1P,6413,1611,1557,55,IS,3145\Kurita\Hitotsume Kozo HKZ-1P.mtf
Phoenix Hawk L,'Fenikkusu Taka' PXH-11K,6390,1563,685,35,IS,3145\Kurita\Phoenix Hawk L PXH-11K.mtf
Phoenix Hawk L,'Fenikkusu Taka' PXH-11K2,6391,1233,1053,35,IS,3145\Kurita\Phoenix Hawk L PXH-11K2.mtf
Rokurokubi,RK-4K,6393,1286,1306,35,IS,3145\Kurita\Rokurokubi RK-4K.mtf
Rokurokubi,RK-4T,6392,998,1002,35,IS,3145\Kurita\Rokurokubi RK-4T.mtf
Rokurokubi,RK-4X,6394,1858,1766,35,Mixed,3145\Kurita\Rokurokubi RK-4X.mtf
Shiro,SH-1V,6416,2016,2011,75,Mixed,3145\Kurita\Shiro SH-1V.mtf
Shiro,SH-2P,6417,2570,2492,75,Mixed,3145\Kurita\Shiro SH-2P.mtf
Tenshi,TN-10-O,6421,2542,2550,95,IS,3145\Kurita\Tenshi TN-10-O.mtf
Tenshi,TN-10-OA,6422,1829,1377,95,IS,3145\Kurita\Tenshi TN-10-OA.mtf
Tenshi,TN-10-OB,6423,3002,1974,95,IS,3145\Kurita\Tenshi TN-10-OB.mtf
Tenshi,TN-10-OR,6424,2237,1659,95,Mixed,3145\Kurita\Tenshi TN-10-OR.mtf
Wendigo,(Prime),6402,2122,2114,50,Clan,3145\Kurita\Wendigo (Prime).mtf
Wendigo,A,6404,2072,2049,50,Clan,3145\Kurita\Wendigo A.mtf
Wendigo,B,6405,2369,2287,50,Clan,3145\Kurita\Wendigo B.mtf
Wendigo,C,6406,2623,2076,50,Clan,3145\Kurita\Wendigo C.mtf
Wendigo-VP,(Prime),6408,2360,2361,50,Clan,3145\Kurita\Wendigo-VP (Prime).mtf
Wendigo-VP,A,6409,2414,2339,50,Clan,3145\Kurita\Wendigo-VP A.mtf
Anubis,ABS-5Y,6453,1042,1042,30,IS,3145\Liao\Anubis ABS-5Y.mtf
Anubis,ABS-5Z,6454,1066,1066,30,IS,3145\Liao\Anubis ABS-5Z.mtf
Calliope,CAL-1MAF,6457,1125,1014,40,IS,3145\Liao\Calliope CAL-1MAF.mtf
Catapult II,CPLT-L7,6464,2574,1458,70,IS,3145\Liao\Catapult II CPLT-L7.mtf
Catapult II,CPLT-L7L,6465,1656,1494,70,IS,3145\Liao\Catapult II CPLT-L7L.mtf
Gùn,GN-2O,6450,775,670,20,IS,3145\Liao\Gun GN-2O.mtf
Gùn,GN-2OA,6451,685,685,20,IS,3145\Liao\Gun GN-2OA.mtf
Gùn,GN-2OB,6452,639,620,20,IS,3145\Liao\Gun GN-2OC.mtf
Lu Wei Bing,LN-4B,6471,2045,2279,85,IS,3145\Liao\Lu Wei Bing LN-4B.mtf
Mortis,MS-1A,6466,1834,1619,75,IS,3145\Liao\Mortis MS-1A.mtf
Mortis,MS-1P,6467,2198,1000,75,IS,3145\Liao\Mortis MS-1P.mtf
Raven II,RVN-5X,6458,1858,1077,40,IS,3145\Liao\Raven II RVN-5X.mtf
Tian-Zong,TNZ-N1,6469,2167,2187,75,IS,3145\Liao\Tian-Zong TNZ-N1.mtf
Tian-Zong,TNZ-N2,6470,1726,1740,75,IS,3145\Liao\Tian-Zong TNZ-N2.mtf
Tian-Zong,TNZ-N3,6468,2072,2091,75,IS,3145\Liao\Tian-Zong TNZ-N3.mtf
Vandal,LI-O,6461,1881,1778,65,IS,3145\Liao\Vandal LI-O.mtf
Vandal,LI-OA,6462,1865,1819,65,IS,3145\Liao\Vandal LI-OA.mtf
Vandal,LI-OB,6463,1666,1613,65,IS,3145\Liao\Vandal LI-OB.mtf
Yinghuochong,YHC-3E,6455,1401,1366,35,Mixed,3145\Liao\Yinghuochong YHC-3E.mtf
Yinghuochong,YHC-3Y,6456,1548,534,35,IS,3145\Liao\Yinghuochong YHC-3Y.mtf
Anzu,ZU-G60,6510,1486,1444,60,IS,3145\Marik\Anzu ZU-G60.mtf
Anzu,ZU-J70,6511,1680,1728,60,IS,3145\Marik\Anzu ZU-J70.mtf
Carronade,CRN-7M,6512,1799,1611,70,IS,3145\Marik\Carronade CRN-7M.mtf
Gambit,GBT-1G,6500,777,767,25,IS,3145\Marik\Gambit GBT-1G.mtf
Gambit,GBT-1L,6501,796,796,25,IS,3145\Marik\Gambit GBT-1L.mtf
Havoc,HVC-P6,6502,1255,1234,35,IS,3145\Marik\Havoc HVC-P6.mtf
Juliano,JLN-5A,6516,2105,2045,90,Mixed,3145\Marik\Juliano JLN-5A.mtf
Neanderthal,NTL-AG,6513,2024,1621,80,IS,3145\Marik\Neanderthal NTL-AG.mtf
Neanderthal,NTL-UG,6514,1817,1681,80,IS,3145\Marik\Neanderthal NTL-UG.mtf
Quasimodo,QSM-3D,6509,1575,1116,55,IS,3145\Marik\Quasimodo QSM-3D.mtf
Sarath,SRTH-1O,6506,1630,1521,50,IS,3145\Marik\Sarath SRTH-1O.mtf
Sarath,SRTH-1OA,6507,1738,1504,50,Mixed,3145\Marik\Sarath SRTH-1OA.mtf
Sarath,SRTH-1OB,6508,1475,1212,50,Mixed,3145\Marik\Sarath SRTH-1OB.mtf
Stalker II,STK-9A,6515,2261,2253,85,IS,3145\Marik\Stalker II STK-9A.mtf
Violator,VT-U1,6503,928,858,45,IS,3145\Marik\Violator VT-U1.mtf
Violator,VT-U3,6504,973,927,45,IS,3145\Marik\Violator VT-U3.mtf
Black Hawk (Standard),2,6555,2161,2121,50,Clan,3145\Merc\Black Hawk (Standard) 2.mtf
Black Hawk (Standard),3,6556,2317,2317,50,Clan,3145\Merc\Black Hawk (Standard) 3.mtf
Black Hawk (Standard),,6554,2183,2162,50,Clan,3145\Merc\Black Hawk (Standard).mtf
Cadaver,CVR-A1,6550,962,941,30,IS,3145\Merc\Cadaver CVR-A1.mtf
Cadaver,CVR-T1,6551,1288,1221,30,IS,3145\Merc\Cadaver CVR-T1.mtf
HawkWolf,HWK-4F,6576,1428,1374,80,IS,3145\Merc\HawkWolf HWK-4F.mtf
Hound,HD-2F,6563,1389,1389,70,IS,3145\Merc\Hound HD-2F.mtf
Jade Hawk,2,6567,2455,2239,75,Clan,3145\Merc\Jade Hawk 2.mtf
Jade Hawk,3,6568,2498,2285,75,Clan,3145\Merc\Jade Hawk 3.mtf
Jade Hawk,JHK-03,6564,2160,1929,75,Mixed,3145\Merc\Jade Hawk JHK-03.mtf
Jade Hawk,JHK-04,6565,2102,1135,75,Mixed,3145\Merc\Jade Hawk JHK-04.mtf
Jade Hawk,,6566,2523,2555,75,Clan,3145\Merc\Jade Hawk.mtf
Koshi (Standard),2,6548,948,931,25,Clan,3145\Merc\Koshi (Standard) 2.mtf
Koshi (Standard),3,6549,777,774,25,Clan,3145\Merc\Koshi (Standard) 3.mtf
Koshi (Standard),,6547,760,757,25,Clan,3145\Merc\Koshi (Standard).mtf
Mad Cat Mk IV,(Prime),6570,2781,2836,75,Clan,3145\Merc\Mad Cat Mk IV (Prime).mtf
Mad Cat Mk IV,A,6571,2413,2537,75,Clan,3145\Merc\Mad Cat Mk IV A.mtf
Mad Cat Mk IV,B,6572,2606,3101,75,Clan,3145\Merc\Mad Cat Mk IV B.mtf
Mad Cat Mk IV,C,6573,2796,2666,75,Clan,3145\Merc\Mad Cat Mk IV C.mtf
Mad Cat Mk IV PR,2,6575,2666,2702,75,Clan,3145\Merc\Mad Cat Mk IV PR 2.mtf
Mad Cat Mk IV PR,,6574,2702,2529,75,Clan,3145\Merc\Mad Cat Mk IV PR.mtf
Stalking Spider II,,6553,1362,1345,45,Clan,3145\Merc\Stalking Spider II.mtf
Tiburon,,6552,1841,1841,35,Clan,3145\Merc\Tiburon.mtf
Vulture Mk IV,A,6559,2177,2158,60,Clan,3145\Merc\Vulture Mk IV A.mtf
Vulture Mk IV,B,6560,2649,1851,60,Clan,3145\Merc\Vulture Mk IV B.mtf
Vulture Mk IV,C,6561,2584,2584,60,Clan,3145\Merc\Vulture Mk IV C.mtf
Vulture Mk IV,D,6562,2346,2346,60,Clan,3145\Merc\Vulture Mk IV D.mtf
Vulture Mk IV,Prime,6558,2110,2044,60,Clan,3145\Merc\Vulture Mk IV Prime.mtf
Archer,ARC-9KC,6875,1361,1361,70,IS,3145\NTNU RS\Archer ARC-9KC.mtf
Atlas,AS7-K4,6832,2153,2265,100,IS,3145\NTNU RS\Atlas AS7-K4.mtf
Avatar,AV1-OJ,6874,2223,2242,70,Mixed,3145\NTNU RS\Avatar AV1-OJ.mtf
Balius,E,6883,2156,1320,65,Clan,3145\NTNU RS\Balius E.mtf
Banshee,BNC-9S2,6844,2426,2426,95,IS,3145\NTNU RS\Banshee BNC-9S2.mtf
Berserker,BRZ-D4,6831,2659,2256,100,Mixed,3145\NTNU RS\Berserker BRZ-D4.mtf
Black Hawk,X,6910,2761,1902,50,Mixed,3145\NTNU RS\Black Hawk (Nova) X.mtf
Black Hawk-KU,BHKU-OG,6890,1719,1699,60,IS,3145\NTNU RS\Black Hawk-KU BHKU-OG.mtf
Blackjack,BJ-2r,6914,1136,695,45,IS,3145\NTNU RS\Blackjack BJ-2r.mtf
Blackjack,BJ2-OG,6908,1448,1601,50,IS,3145\NTNU RS\Blackjack BJ2-OG.mtf
Blade,BLD-7R,6929,1227,1354,35,IS,3145\NTNU RS\Blade BLD-7R.mtf
Commando,COM-8S,6945,775,764,25,IS,3145\NTNU RS\Commando COM-8S.mtf
Cougar,X 2,6952,1335,434,35,Mixed,3145\NTNU RS\Cougar X 2.mtf
Cougar,X 3,6953,1410,435,35,Mixed,3145\NTNU RS\Cougar X 3.mtf
Cougar,X,6951,1516,718,35,Mixed,3145\NTNU RS\Cougar X.mtf
Crimson Hawk,4,6944,1372,1345,25,Clan,3145\NTNU RS\Crimson Hawk 4.mtf
Cuirass,CDR-2BC,6922,990,1072,40,IS,3145\NTNU RS\Cuirass CDR-2BC.mtf
Cuirass,CDR-2X,6921,1227,1182,40,IS,3145\NTNU RS\Cuirass CDR-2X.mtf
Cygnus,4,6843,2570,2301,95,Clan,3145\NTNU RS\Cygnus 4.mtf
Dasher II,3,6920,1496,1467,40,Mixed,3145\NTNU RS\Dasher II 3.mtf
Dasher II,4,6919,1749,1757,40,Mixed,3145\NTNU RS\Dasher II 4.mtf
Deimos,D,6856,2682,1729,85,Clan,3145\NTNU RS\Deimos D.mtf
Deimos,E,6855,3620,3567,85,Mixed,3145\NTNU RS\Deimos E.mtf
Diomede,D-M3D-M,6823,1609,1693,100,IS,3145\NTNU RS\Diomede D-M3D-M.mtf
Ebony,MEB-12,6942,1837,575,25,IS,3145\NTNU RS\Ebony MEB-12.mtf
Ebony,MEB-13,6943,750,354,25,IS,3145\NTNU RS\Ebony MEB-13.mtf
Emperor,EMP-8L,6851,2385,2069,90,IS,3145\NTNU RS\Emperor EMP-8L.mtf
Fennec,FEC-5CM,6900,1445,1099,55,Mixed,3145\NTNU RS\Fennec FEC-5CM.mtf
Flamberge,D,6873,2357,2106,70,Mixed,3145\NTNU RS\Flamberge D.mtf
Gallant,GLT-10-0,6872,1555,1029,70,IS,3145\NTNU RS\Gallant GLT-10-0.mtf
Ghost,GST-50,6907,1114,1104,50,IS,3145\NTNU RS\Ghost GST-50.mtf
Ghost,GST-90,6906,1012,1012,50,IS,3145\NTNU RS\Ghost GST-90.mtf
Grand Dragon,DRG-10K,6889,1603,1462,60,IS,3145\NTNU RS\Grand Dragon DRG-10K.mtf
Grand Titan,T-IT-N13M,6830,2553,2159,100,IS,3145\NTNU RS\Grand Titan T-IT-N13M.mtf
Griffin,GRF-6S2,6899,1870,1776,55,Mixed,3145\NTNU RS\Griffin GRF-6S2.mtf
Hauptmann,HA1-OF,6839,2484,1906,95,IS,3145\NTNU RS\Hauptmann HA1-OF.mtf
Hauptmann,HA1-OM,6838,2214,2160,95,Mixed,3145\NTNU RS\Hauptmann HA1-OM.mtf
Hauptmann,HA1-OT,6837,3031,2135,95,Mixed,3145\NTNU RS\Hauptmann HA1-OT.mtf
Hellion,G,6939,1614,1351,30,Mixed,3145\NTNU RS\Hellion G.mtf
Javelin,JVN-11P,6938,680,680,30,IS,3145\NTNU RS\Javelin JVN-11P.mtf
Jupiter,4,6829,2955,2818,100,Clan,3145\NTNU RS\Jupiter 4.mtf
Karhu,G,6882,2895,3020,65,Clan,3145\NTNU RS\Karhu G.mtf
Koschei,KSC-6L,6881,1465,1277,65,IS,3145\NTNU RS\Koschei KSC-6L.mtf
Kuma,4,6888,1865,1827,60,Clan,3145\NTNU RS\Kuma 4.mtf
Legionnaire,LGN-2K,6905,1597,1597,50,IS,3145\NTNU RS\Legionnaire LGN-2K.mtf
Locust,LCT-5M2,6947,693,693,20,IS,3145\NTNU RS\Locust LCT-5M2.mtf
Locust,LCT-5M3,6948,929,929,20,IS,3145\NTNU RS\Locust LCT-5M3.mtf
Loki,G,6879,1943,1232,65,Mixed,3145\NTNU RS\Loki (Hellbringer) G.mtf
Longbow,LGB-14C2,6854,1291,1377,85,IS,3145\NTNU RS\Longbow LGB-14C2.mtf
Mad Cat III,3,6896,2515,2368,55,Clan,3145\NTNU RS\Mad Cat III 3.mtf
Mad Cat III,4,6897,2061,1971,55,Clan,3145\NTNU RS\Mad Cat III 4.mtf
Mad Cat III,5,6898,2095,1993,55,Clan,3145\NTNU RS\Mad Cat III 5.mtf
Mad Cat Mk II,4,6850,2962,2787,90,Clan,3145\NTNU RS\Mad Cat Mk II 4.mtf
Mad Cat Mk II,5,6849,2491,2399,90,Clan,3145\NTNU RS\Mad Cat Mk II 5.mtf
Mad Cat Mk II,6,6848,2663,2535,90,Clan,3145\NTNU RS\Mad Cat Mk II 6.mtf
Maelstrom,MTR-7K,6867,2462,2580,75,Mixed,3145\NTNU RS\Maelstrom MTR-7K.mtf
Man O' War,X,6861,2800,2250,80,Mixed,3145\NTNU RS\Man O' War (Gargoyle) X.mtf
Mangonel,MNL-4S,6871,2659,2672,70,Mixed,3145\NTNU RS\Mangonel MNL-4S.mtf
Marauder II,MAD-4L,6828,2839,2859,100,IS,3145\NTNU RS\Marauder II MAD-4L.mtf
Marauder,MAD-9D,6866,1967,1658,75,Mixed,3145\NTNU RS\Marauder MAD-9D.mtf
Marshal,MHL-3MC,6895,1714,1052,55,IS,3145\NTNU RS\Marshal MHL-3MC.mtf
Men Shen,MS1-OG,6894,2267,1352,55,IS,3145\NTNU RS\Men Shen MS1-OG.mtf
Morrigan,4,6927,2063,1170,35,Mixed,3145\NTNU RS\Morrigan 4.mtf
Morrigan,5,6926,1904,1558,35,Clan,3145\NTNU RS\Morrigan 5.mtf
Awesome,AWS-11V,7977,1855,1555,80,IS,3145\NTNU RS\NTNU\Awesome AWS-11V.mtf
BattleMaster,BLR-6M,7978,1958,1891,85,IS,3145\NTNU RS\NTNU\BattleMaster BLR-6M.mtf
BattleMaster,C 2,7979,2538,2538,85,Mixed,3145\NTNU RS\NTNU\BattleMaster C 2.mtf
Bombard,BMB-016,7980,1247,971,50,IS,3145\NTNU RS\NTNU\Bombard BMB-016.mtf
Brahma,BRM-6T,7981,1642,1627,60,IS,3145\NTNU RS\NTNU\Brahma BRM-6T.mtf
Caesar,CES-5D,7982,3123,2970,70,Mixed,3145\NTNU RS\NTNU\Caesar CES-5D.mtf
Cerberus,MR-7K,7983,2182,2084,95,IS,3145\NTNU RS\NTNU\Cerberus MR-7K.mtf
Devastator,DVS-10,7984,2204,1322,100,IS,3145\NTNU RS\NTNU\Devastator DVS-10.mtf
Enforcer III,ENF-6R,7985,1694,1816,50,IS,3145\NTNU RS\NTNU\Enforcer III ENF-6R.mtf
Goshawk II,4,7986,1936,1829,45,Clan,3145\NTNU RS\NTNU\Goshawk II 4.mtf
Hatamoto-Kaze,HTM-27V2,7926,1725,1707,80,IS,3145\NTNU RS\NTNU\Hatamoto-Kaze HTM-27V2.mtf
Hatchetman,HCT-7D,7988,1296,1235,45,IS,3145\NTNU RS\NTNU\Hatchetman HCT-7D.mtf
Helios,HEL-7L,7989,1459,1441,60,IS,3145\NTNU RS\NTNU\Helios HEL-7L.mtf
Hercules,HRC-LS-9003,7990,1794,1740,70,IS,3145\NTNU RS\NTNU\Hercules HRC-LS-9003.mtf
Hercules,HRC-LS-9004,7991,1824,1630,70,IS,3145\NTNU RS\NTNU\Hercules HRC-LS-9004.mtf
Hollander,BZK-G2,7992,895,933,35,IS,3145\NTNU RS\NTNU\Hollander BZK-G2.mtf
Hunchback,HBK-6P,7993,1374,1348,50,IS,3145\NTNU RS\NTNU\Hunchback HBK-6P.mtf
Huron Warrior,HUR-WO-R5L,7994,1780,1665,50,IS,3145\NTNU RS\NTNU\Huron Warrior HUR-WO-R5L.mtf
Icarus II,ICR-2R,7995,2775,627,40,IS,3145\NTNU RS\NTNU\Icarus II ICR-2R.mtf
Lineholder,KW2-LH10,7996,1606,1385,55,IS,3145\NTNU RS\NTNU\Lineholder KW2-LH10.mtf
Omega,SHP-5R,7997,2753,2495,150,IS,3145\NTNU RS\NTNU\Omega SHP-5R.mtf
Orion,C,7998,2343,1571,75,Mixed,3145\NTNU RS\NTNU\Orion C.mtf
Orochi,OR-3K,7999,2029,1491,90,IS,3145\NTNU RS\NTNU\Orochi OR-3K.mtf
Pendragon,PDG-3R,8000,1991,1931,95,IS,3145\NTNU RS\NTNU\Pendragon PDG-3R.mtf
Penetrator,PTR-7D,8001,2102,1968,75,IS,3145\NTNU RS\NTNU\Penetrator PTR-7D.mtf
Shogun,C 2,8002,2914,2103,85,Clan,3145\NTNU RS\NTNU\Shogun C 2.mtf
Shogun,SHG-3E,8003,1998,1934,85,IS,3145\NTNU RS\NTNU\Shogun SHG-3E.mtf
Striker,STC-2L,8004,1779,1573,80,IS,3145\NTNU RS\NTNU\Striker STC-2L.mtf
Tempest,C,8005,2179,2186,65,Mixed,3145\NTNU RS\NTNU\Tempest C.mtf
Tempest,TMP-4M,8006,1937,1885,65,IS,3145\NTNU RS\NTNU\Tempest TMP-4M.mtf
Venom,SDR-9KE,8007,803,616,35,IS,3145\NTNU RS\NTNU\Venom SDR-9KE.mtf
Vixen,6,8008,1599,1619,30,Clan,3145\NTNU RS\NTNU\Vixen (Incubus) 6.mtf
Watchman,WTC-4DM2,8009,1063,778,40,IS,3145\NTNU RS\NTNU\Watchman WTC-4DM2.mtf
Yu Huang,Y-H12GC,8010,2298,2230,90,Mixed,3145\NTNU RS\NTNU\Yu Huang Y-H12GC.mtf
Nobori-nin,F,6904,2367,2244,50,Mixed,3145\NTNU RS\Nobori-nin (Huntsman) F.mtf
Nova Cat,H,6869,2452,2212,70,Clan,3145\NTNU RS\Nova Cat H.mtf
Nova Cat,I,6870,2918,2011,70,Mixed,3145\NTNU RS\Nova Cat I.mtf
Nyx,NX-100,6937,917,917,30,IS,3145\NTNU RS\Nyx NX-100.mtf
Nyx,NX-110,6936,805,431,30,IS,3145\NTNU RS\Nyx NX-110.mtf
Ocelot,4,6925,1468,1468,35,Clan,3145\NTNU RS\Ocelot 4.mtf
Omen,2,6853,2380,2285,85,Clan,3145\NTNU RS\Omen 2.mtf
Onager,2,6847,2847,2810,90,Clan,3145\NTNU RS\Onager 2.mtf
Owens,OW-1G,6924,1761,572,35,IS,3145\NTNU RS\Owens OW-1G.mtf
Pack Hunter II,4,6935,1447,1419,30,Clan,3145\NTNU RS\Pack Hunter II 4.mtf
Panther,PNT-12KC,6923,1036,1036,35,Mixed,3145\NTNU RS\Panther PNT-12KC.mtf
Peacekeeper,PKP-2K,6836,2863,2241,95,IS,3145\NTNU RS\Peacekeeper PKP-2K.mtf
Prefect,PRF-3R,6865,2412,1783,75,IS,3145\NTNU RS\Prefect PRF-3R.mtf
Quickdraw,QKD-9M,6887,1690,1661,60,IS,3145\NTNU RS\Quickdraw QKD-9M.mtf
Raptor II,RPT-2X2,6918,1868,701,40,IS,3145\NTNU RS\Raptor II RPT-2X2.mtf
Sagittaire,SGT-14D,6835,1960,1449,95,IS,3145\NTNU RS\Sagittaire SGT-14D.mtf
Salamander,PPR-7T,6860,1647,844,80,IS,3145\NTNU RS\Salamander PPR-7T.mtf
Shadow Cat,F,6912,2997,1950,45,Mixed,3145\NTNU RS\Shadow Cat F.mtf
Shadow Cat II,3,6886,2387,2372,60,Clan,3145\NTNU RS\Shadow Cat II 3.mtf
Shadow Cat II,4,6885,1986,1933,60,Clan,3145\NTNU RS\Shadow Cat II 4.mtf
Shadow Hawk IIC,9,6911,1803,1803,45,Clan,3145\NTNU RS\Shadow Hawk IIC 9.mtf
Shen Yi,SHY-5B,6878,1603,1603,65,IS,3145\NTNU RS\Shen Yi SHY-5B.mtf
Shockwave,SKW-6H,6903,1364,1393,50,IS,3145\NTNU RS\Shockwave SKW-6H.mtf
Shockwave,SKW-8X,6902,1065,1041,50,IS,3145\NTNU RS\Shockwave SKW-8X.mtf
Sphinx,3,6864,3396,3581,75,Clan,3145\NTNU RS\Sphinx 3.mtf
Sphinx,4,6863,1952,1952,75,Clan,3145\NTNU RS\Sphinx 4.mtf
Spider,SDR-10K,6934,824,431,30,IS,3145\NTNU RS\Spider SDR-10K.mtf
Spider,SDR-8Xr,6933,754,691,30,IS,3145\NTNU RS\Spider SDR-8Xr.mtf
Strider,SR1-OH,6917,1192,587,40,Mixed,3145\NTNU RS\Strider SR1-OH.mtf
Strider,SR1-OM,6916,607,607,40,IS,3145\NTNU RS\Strider SR1-OM.mtf
Sun Cobra,2,6893,2394,2394,55,Clan,3145\NTNU RS\Sun Cobra 2.mtf
Sunder,SD1-OF,6846,1854,1892,90,Mixed,3145\NTNU RS\Sunder SD1-OF.mtf
Sunder,SD1-OG,6845,2594,1901,90,Mixed,3145\NTNU RS\Sunder SD1-OG.mtf
Tarantula,ZPH-5A,6941,806,775,25,IS,3145\NTNU RS\Tarantula ZPH-5A.mtf
Targe,TRG-3M,6915,1233,1207,40,IS,3145\NTNU RS\Targe TRG-3M.mtf
Templar,TLR1-OR,6852,2423,2178,85,Mixed,3145\NTNU RS\Templar TLR1-OR.mtf
Thunder Fox,TFT-F11,6892,2426,2493,55,Mixed,3145\NTNU RS\Thunder Fox TFT-F11.mtf
Thunderbolt,TDR-10S,6877,1766,1748,65,IS,3145\NTNU RS\Thunderbolt TDR-10S.mtf
Ti Ts'ang,TSG-10L,6884,1730,1380,60,IS,3145\NTNU RS\Ti Ts'ang TSG-10L.mtf
Titan,TI-1Aj,6827,2328,2310,100,IS,3145\NTNU RS\Titan TI-1Aj.mtf
Titan,TI-1Ar,6826,2165,2147,100,IS,3145\NTNU RS\Titan TI-1Ar.mtf
Trebaruna,TR-XH,6834,2453,1748,95,IS,3145\NTNU RS\Trebaruna TR-XH.mtf
Trebuchet,TBT-9R,6901,2165,1990,50,Mixed,3145\NTNU RS\Trebuchet TBT-9R.mtf
Tundra Wolf,5,6862,2645,2628,75,Clan,3145\NTNU RS\Tundra Wolf 5.mtf
Uller,I,6932,1936,1726,30,Clan,3145\NTNU RS\Uller (Kit Fox) I.mtf
Valkyrie,VLK-QD8,6930,787,487,30,IS,3145\NTNU RS\Valkyrie VLK-QD8.mtf
Warhammer IIC,10,6859,2290,2290,80,Clan,3145\NTNU RS\Warhammer IIC 10.mtf
Warhammer IIC,11,6858,2021,2012,80,Clan,3145\NTNU RS\Warhammer IIC 11.mtf
Warhammer IIC,12,6857,2680,2684,80,Clan,3145\NTNU RS\Warhammer IIC 12.mtf
Warhammer,WHM-8D2,6868,1654,1643,70,IS,3145\NTNU RS\Warhammer WHM-8D2.mtf
Wasp,WSP-3K,6949,477,477,20,IS,3145\NTNU RS\Wasp WSP-3K.mtf
Wasp,WSP-3P,6950,537,537,20,IS,3145\NTNU RS\Wasp WSP-3P.mtf
Xanthos,XNT-6O,6825,2300,2273,100,IS,3145\NTNU RS\Xanthos XNT-6O.mtf
Xanthos,XNT-7O,6824,2620,2613,100,Mixed,3145\NTNU RS\Xanthos XNT-7O.mtf
Ares,ARS-V1C Aphrodite,6688,2903,2197,135,Mixed,3145\Republic\Ares ARS-V1 Aphrodite.mtf
Ares,ARS-V1B Hades,6687,2839,2032,135,Mixed,3145\Republic\Ares ARS-V1 Hades.mtf
Ares,ARS-V1D Hephaestus,6689,2960,2493,135,Mixed,3145\Republic\Ares ARS-V1 Hephaestus.mtf
Ares,ARS-V1A Hera,6686,2944,1764,135,Mixed,3145\Republic\Ares ARS-V1 Hera.mtf
Ares,ARS-V1 Zeus,6685,3247,2785,135,Mixed,3145\Republic\Ares ARS-V1 Zeus.mtf
Celerity,CLR-03-O,6671,187,204,15,IS,3145\Republic\Celerity CLR-03-O.mtf
Celerity,CLR-03-OA,6704,275,709,15,Mixed,3145\Republic\Celerity CLR-03-OA.mtf
Celerity,CLR-03-OB,6705,339,192,15,IS,3145\Republic\Celerity CLR-03-OB.mtf
Celerity,CLR-03-OC,6706,202,192,15,IS,3145\Republic\Celerity CLR-03-OC.mtf
Celerity,CLR-03-OD,6707,304,204,15,IS,3145\Republic\Celerity CLR-03-OD.mtf
Celerity,CLR-03-OE,6708,919,1064,15,Mixed,3145\Republic\Celerity CLR-03-OE.mtf
Celerity,CLR-04-R,6709,384,162,15,IS,3145\Republic\Celerity CLR-04-R.mtf
Celerity,CLR-05-X,6710,225,183,15,IS,3145\Republic\Celerity CLR-05-X.mtf
Doloire,DLR-O,6678,2561,2402,80,Mixed,3145\Republic\Doloire DLR-O.mtf
Doloire,DLR-OA,6679,2218,1899,80,Mixed,3145\Republic\Doloire DLR-OA.mtf
Doloire,DLR-OB,6680,2836,2572,80,Mixed,3145\Republic\Doloire DLR-OB.mtf
Doloire,DLR-OC,6681,2242,1912,80,Mixed,3145\Republic\Doloire DLR-OC.mtf
Doloire,DLR-OD,6682,3071,1842,80,Mixed,3145\Republic\Doloire DLR-OD.mtf
Jackalope,JLP-BD,6672,1395,1392,30,Clan,3145\Republic\Jackalope JLP-BD.mtf
Jackalope,JLP-C,6711,1253,1209,30,Mixed,3145\Republic\Jackalope JLP-C.mtf
Jackalope,JLP-KW 'Wolpertinger',6713,1334,1351,30,Mixed,3145\Republic\Jackalope JLP-KA Wolpertinger.mtf
Jackalope,JLP-KA,6712,1488,1501,30,Mixed,3145\Republic\Jackalope JLP-KA.mtf
Kheper,KHP-7R,6675,1568,1518,55,IS,3145\Republic\Kheper KHP-7R.mtf
Lament,LMT-2R,6676,1999,1957,65,IS,3145\Republic\Lament LMT-2R.mtf
Lament,LMT-3C,6722,1874,1874,65,IS,3145\Republic\Lament LMT-3C.mtf
Lament,LMT-3R,6723,1888,1888,65,IS,3145\Republic\Lament LMT-3R.mtf
Lament,LMT-4RC,6724,2474,2287,65,Mixed,3145\Republic\Lament LMT-4RC.mtf
Malice,MAL-XP,6725,2016,2025,100,Mixed,3145\Republic\Malice MAL-XP.mtf
Malice,MAL-XT,6683,1852,1852,100,IS,3145\Republic\Malice MAL-XT.mtf
Malice,MAL-XV,6726,1996,1933,100,Mixed,3145\Republic\Malice MAL-XV.mtf
Malice,MAL-YZ,6727,2982,2699,100,Mixed,3145\Republic\Malice MAL-YZ.mtf
Night Stalker,NSR-K1,6718,1149,1134,40,IS,3145\Republic\Night Stalker NSR-K1.mtf
Night Stalker,NSR-K3,6674,1028,1014,40,IS,3145\Republic\Night Stalker NSR-K3.mtf
Night Stalker,NSR-K4,6719,1159,1155,40,IS,3145\Republic\Night Stalker NSR-K4.mtf
Night Stalker,NSR-K7,6720,857,707,40,IS,3145\Republic\Night Stalker NSR-K7.mtf
Night Stalker,NSR-KC,6721,1037,1023,40,IS,3145\Republic\Night Stalker NSR-KC.mtf
Poseidon,PSD-V2,6684,3677,2585,125,Mixed,3145\Republic\Poseidon PSD-V2.mtf
Revenant,UBM-2R,6673,779,849,30,IS,3145\Republic\Revenant UBM-2R.mtf
Revenant,UBM-2R2,6714,630,658,30,IS,3145\Republic\Revenant UBM-2R2.mtf
Revenant,UBM-2R3,6715,770,827,30,IS,3145\Republic\Revenant UBM-2R3.mtf
Revenant,UBM-2R4,6716,615,589,30,IS,3145\Republic\Revenant UBM-2R4.mtf
Revenant,UBM-2R7,6717,472,452,30,IS,3145\Republic\Revenant UBM-2R7.mtf
Uraeus,UAE-7R,6677,1843,1550,75,IS,3145\Republic\Uraeus UAE-7R.mtf
Firestarter,FS9-M2,6609,751,751,35,IS,3145\Steiner\Firestarter FS9-M2.mtf
Firestarter,FS9-M3,6610,866,866,35,IS,3145\Steiner\Firestarter FS9-M3.mtf
Firestarter,FS9-M4,6611,798,829,35,IS,3145\Steiner\Firestarter FS9-M4.mtf
Gauntlet,GTL-1O,6621,1846,1737,55,IS,3145\Steiner\Gauntlet GTL-1O.mtf
Gauntlet,GTL-1OA,6622,1420,1430,55,IS,3145\Steiner\Gauntlet GTL-1OA.mtf
Gauntlet,GTL-1OB,6623,2076,2101,55,IS,3145\Steiner\Gauntlet GTL-1OB.mtf
Gauntlet,GTL-1OC,6624,2048,1280,55,IS,3145\Steiner\Gauntlet GTL-1OC.mtf
Götterdämmerung,GTD-20S,6629,1727,1727,75,IS,3145\Steiner\Gotterdammerung GTD-20S.mtf
Jaguar,2,6613,1780,1772,35,Clan,3145\Steiner\Jaguar 2.mtf
Jaguar,,6612,1791,1785,35,Clan,3145\Steiner\Jaguar.mtf
King Crab,KGC-009,6635,2260,2029,100,IS,3145\Steiner\King Crab KGC-009.mtf
Mongrel,MGL-T1,6618,1860,1824,50,Mixed,3145\Steiner\Mongrel MGL-T1.mtf
Mongrel,MGL-T2,6619,1949,1791,50,Mixed,3145\Steiner\Mongrel MGL-T2.mtf
Scourge,SCG-WD1,6626,2061,2070,65,IS,3145\Steiner\Scourge SCG-WD1.mtf
Scourge,SCG-WF1,6625,2172,2070,65,IS,3145\Steiner\Scourge SCG-WF1.mtf
Storm Raider,STM-R1,6615,593,589,35,IS,3145\Steiner\Storm Raider STM-R1.mtf
Storm Raider,STM-R2,6616,671,675,35,IS,3145\Steiner\Storm Raider STM-R2.mtf
Storm Raider,STM-R3,6614,791,806,35,IS,3145\Steiner\Storm Raider STM-R3.mtf
Storm Raider,STM-R4,6617,732,727,35,IS,3145\Steiner\Storm Raider STM-R4.mtf
Ursa,URA-2A,6627,1887,1992,65,IS,3145\Steiner\Ursa URA-2A.mtf
Ursa,URA-2C,6628,2570,2069,65,Clan,3145\Steiner\Ursa URA-2C.mtf
Viking IIC,,6634,2780,2804,90,Clan,3145\Steiner\Viking IIC.mtf
Zeus-X,ZEU-X,6631,2119,1382,80,IS,3145\Steiner\Zeus X ZEU-X.mtf
Zeus-X,ZEU-X2,6632,1915,953,80,IS,3145\Steiner\Zeus X ZEU-X2.mtf
Zeus-X,ZEU-X3,6633,2178,2114,80,IS,3145\Steiner\Zeus X ZEU-X3.mtf
Zeus-X,ZEU-X4,6630,2193,2180,80,IS,3145\Steiner\Zeus X ZEU-X4.mtf
Götterdämmerung,GTD-20C,8061,2285,2263,75,Mixed,3150\Gotterdammerung GTD-20C.mtf
Götterdämmerung,GTD-30S,8062,1574,1557,75,IS,3150\Gotterdammerung GTD-30S.mtf
Juliano,JLN-5B,8064,1937,1895,90,IS,3150\Juliano JLN-5B.mtf
Juliano,JLN-5C,8065,2473,2413,90,Mixed,3150\Juliano JLN-5C.mtf
King Crab,KGC-009C,8066,2652,2442,100,Mixed,3150\King Crab KGC-009C.mtf
Kodiak II,3,8067,2238,2011,100,Mixed,3150\Kodiak II 3.mtf
Prey Seeker,PY-SR20,8068,1060,1091,15,IS,3150\Prey Seeker PY-SR20.mtf
Prey Seeker,PY-SR30,8069,331,381,15,IS,3150\Prey Seeker PY-SR30.mtf
Raider,JL-3A,8070,988,862,50,IS,3150\Raider JL-3A.mtf
Raider,JL-3B,8071,1126,972,50,IS,3150\Raider JL-3B.mtf
Raider Mk II,JL-3C,8072,1007,902,50,IS,3150\Raider Mk II JL-3C.mtf
Shrike,'Black Rose',9215,3487,2918,95,Clan,3150\Shrike Black Rose.mtf
Atlas II,AS7-D-HT,7618,2205,2160,100,IS,Arano Restoration\Atlas II AS7-D-HT.mtf
Banshee,BNC-9S,3788,2496,2487,95,IS,Battlecorps\Banshee BNC-9S.mtf
Orion,ON1-K (Kerensky),2333,1821,1812,75,IS,Battlecorps\Orion ON1-K (Kerensky).mtf
Ti Ts'ang,TSG-9 'China Doll',5241,1739,1860,60,IS,Battlecorps\Ti Tsang TSG-9 China Doll.mtf
Agrotera,AGT-1A,6459,1578,1259,50,IS,Dark Age\Agrotera AGT-1A.mtf
Atlas,AS7-K2 (Jedra),5541,1971,2001,100,IS,Dark Age\Atlas AS7-K2 (Jedra).mtf
Inquisitor II,ITW-205,8063,714,756,50,IS,Dark Age\Inquisitor II ITW-205.mtf
Legionnaire,LGN-2D (Raul),8296,1520,1647,50,IS,Dark Age\Legionnaire LGN-2D Raul.mtf
Mad Cat III,(Eve),5543,2393,2318,55,Clan,Dark Age\Mad Cat III (Eve).mtf
Mad Cat III,2 (MWDA),6896,2515,1949,55,Clan,Dark Age\Mad Cat III 2 (MWDA).mtf
Mad Cat III,(Dark Age RS),6896,2515,1971,55,Clan,Dark Age\Mad Cat III Dark Age RS.mtf
Pack Hunter II,(Isis),5540,1276,1276,30,Clan,Dark Age\Pack Hunter II (Isis).mtf
Ryoken II,(Tassa),8219,3103,3033,75,Clan,Dark Age\Ryoken II Tassa.mtf
Yu Huang,(Carson),5544,2464,2480,90,IS,Dark Age\Yu Huang Carson.mtf
Ares,ARS-V1E Apollo,9500,2986,2071,135,Mixed,Dominions Divided (April)\Ares ARS-V1E Apollo.mtf
Javelin,JVN-11D (Farrell),5808,1155,1153,30,Mixed,Dossiers\Bounty Hunter\Javelin JVN-11D Farrell.mtf
Mad Cat,(Bounty Hunter 2),5803,2799,2741,75,Clan,Dossiers\Bounty Hunter\Mad Cat (Timber Wolf) (Bounty Hunter 2).mtf
Phoenix Hawk,PXH-4L (Sante),5807,1442,1443,45,Mixed,Dossiers\Bounty Hunter\Phoenix Hawk PXH-4L Sante.mtf
Shadow Hawk,SHD-5D (Sandy),5806,1517,1517,55,IS,Dossiers\Bounty Hunter\Shadow Hawk SHD-5D (Sandy).mtf
Ti Ts'ang,Jason,7395,1641,1413,60,IS,Dossiers\Jason Zaklan\Ti Ts'ang  Jason.mtf
Karhu,(Syngman),1747,1924,1797,65,Mixed,Dossiers\Lamenkov's Liability\Karhu Syngman.mtf
Osprey,OSP-26 (Lawrence),2347,1461,1509,55,IS,Dossiers\Lamenkov's Liability\Osprey OSP-26 Lawrence.mtf
Prefect,PRF-1R (Veronica),2570,1835,1891,75,IS,Dossiers\Lamenkov's Liability\Prefect PRF-1R Veronica.mtf
Thunderbolt,TDR-10M (Ilyena),3233,1616,1662,65,IS,Dossiers\Lamenkov's Liability\Thunderbolt TDR-10M Ilyena.mtf
Thunderbolt,TDR-10M (Salazar),3234,1763,1642,65,IS,Dossiers\Salazar Tsakalotos\Thunderbolt TDR-10M Salazar.mtf
Duan Gung,(Vaughn),6979,851,851,25,IS,Dossiers\Youling Zhanshi\Duan Gung (Vaughn).mtf
Men Shen,(Li),6981,1550,1550,55,IS,Dossiers\Youling Zhanshi\Men Shen (Li).mtf
Sha Yu,(Bulldog),6980,1379,1379,40,IS,Dossiers\Youling Zhanshi\Sha Yu (Bulldog).mtf
Snake,(Arthur),6982,1477,1505,45,IS,Dossiers\Youling Zhanshi\Snake (Arthur).mtf
BattleMaster,BLR-1GHE 'HellSlinger',5877,,1712,85,IS,ER 2750\BattleMaster BLR-1GHE HellSlinger.mtf
BattleMaster,BLR-1Gd,5867,,1586,85,IS,ER 2750\BattleMaster BLR-1Gd.mtf
Crab,CRB-27sl,5873,,1309,50,IS,ER 2750\Crab CRB-27sl.mtf
Dervish,DV-6Md,5869,,1300,55,IS,ER 2750\Dervish DV-6Md.mtf
Hammerhands,HMH-3D (Kessem),5863,1413,1413,75,IS,ER 2750\Hammerhands HMH-3D Kessem.mtf
Lancelot,LNC25-01sl,5874,,1546,60,IS,ER 2750\Lancelot LNC25-01sl.mtf
Mackie,MSK-9HKR 'Kill-Roy's Little Buddy',5876,,2126,100,IS,ER 2750\Mackie MSK-9HKR Kill Roys Little Buddy.mtf
Phoenix Hawk,PXH-1Kk,5872,,1139,45,IS,ER 2750\Phoenix Hawk PXH-1Kk.mtf
Stalker,STK-3Fk,5870,,1742,85,IS,ER 2750\Stalker STK-3Fk.mtf
Thunderbolt,TDR-5Sd,5868,,1380,65,IS,ER 2750\Thunderbolt TDR-5Sd.mtf
Victor,VTR-9B (Shoji),5864,1531,1531,80,IS,ER 2750\Victor VTR-9B (Shoji).mtf
Warhammer,WHM-6Rk,5871,1621,1621,70,IS,ER 2750\Warhammer WHM-6Rk.mtf
Wyvern,WVE-5Nsl,5875,,1189,45,IS,ER 2750\Wyvern WVE-5Nsl.mtf
Hector,HOR-1B,4283,949,950,70,IS,Era Digests\Age of War\Hector HOR-1B.mtf
Hector,HOR-1C,4284,993,993,70,IS,Era Digests\Age of War\Hector HOR-1C.mtf
Cave Lion,,6954,3044,3044,75,Clan,Era Digests\Dark Age\Cave Lion.mtf
Raider,JL-1,6955,817,715,50,IS,Era Digests\Dark Age\Raider JL-1.mtf
Raider Mk II,JL-2,6956,883,894,50,IS,Era Digests\Dark Age\Raider Mk II JL-2.mtf
Atlas,AS7-D (Ian),,,2479,100,IS,Force Manuals\Davion\Atlas AS7-D (Ian).mtf
Awesome,AWS-8V 'Pretty Baby',,,1893,80,IS,Force Manuals\Davion\Awesome AWS-8V _Pretty Baby_.mtf
Blackjack,BJ-1 'Arrow',,,1160,45,IS,Force Manuals\Davion\Blackjack BJ-1 _Arrow_.mtf
Javelin,JVN-10F (Shinto),,,835,30,IS,Force Manuals\Davion\Javelin JVN-10F (Shinto).mtf
Longbow,LGB-0W (Vijay),,,1425,85,IS,Force Manuals\Davion\Longbow LGB-0W (Vijay).mtf
Marauder,MAD-3D (Sanchez),,,1841,75,IS,Force Manuals\Davion\Marauder MAD-3D (Sanchez).mtf
Rifleman,RFL-4D (Cyrus),,,1428,60,IS,Force Manuals\Davion\Rifleman RFL-4D (Cyrus).mtf
Shadow Hawk,SHD-2H (Berkowitz),,,1429,55,IS,Force Manuals\Davion\Shadow Hawk SHD-2H (Berkowitz).mtf
Thug,THG-11E (Flanagan),,,1809,80,IS,Force Manuals\Davion\Thug THG-11E (Flanagan).mtf
Valkyrie,VLK-QD (Karano),,,807,30,IS,Force Manuals\Davion\Valkyrie VLK-QD (Karano).mtf
Atlas,AS7-S (Hanssen),8291,,2304,100,IS,Force Manuals\Kurita\Atlas AS7-S (Hanssen).mtf
Catapult,CPLT-K2 (Kasigi),8286,1597,1597,65,IS,Force Manuals\Kurita\Catapult CPLT-K2 (Kasigi).mtf
Griffin,GRF-1DS (Almstedt),8289,1204,1184,55,IS,Force Manuals\Kurita\Griffin GRF-1DS (Almstedt).mtf
Guillotine,GLT-3N (Estridsen),,,1837,70,IS,Force Manuals\Kurita\Guillotine GLT-3N (Estridsen).mtf
Hatamoto-Chi,HTM-27T (Lowenbrau),8284,,1846,80,IS,Force Manuals\Kurita\Hatamoto-Chi HTM-27T (Lowenbrau).mtf
Jenner,JR7-D (Webster),8282,,1086,35,IS,Force Manuals\Kurita\Jenner JR7-D (Webster).mtf
Kintaro,KTO-18 (Akbani),,,1420,55,IS,Force Manuals\Kurita\Kintaro KTO-18 (Akbani).mtf
Ostsol,OTL-4D (Ragnar),8287,1308,1308,60,IS,Force Manuals\Kurita\Ostsol OTL-4D (Ragnar).mtf
Ostsol,OTL-5M (Maki),1,,1473,60,IS,Force Manuals\Kurita\Ostsol OTL-5M (Maki).mtf
Panther,PNT-10ALAG,5865,,916,35,IS,Force Manuals\Kurita\Panther PNT-10ALAG.mtf
Panther,PNT-9ALAG,7417,804,804,35,IS,Force Manuals\Kurita\Panther PNT-9ALAG.mtf
Panther,PNT-CM,8298,726,726,35,IS,Force Manuals\Kurita\Panther PNT-CM.mtf
Archer,ARC-4M (Ismail),8275,,1464,70,IS,Force Manuals\Mercs\Archer ARC-4M (Ismail).mtf
Banshee,BNC-3E (El Gaupo),8281,,1974,95,IS,Force Manuals\Mercs\Banshee BNC-3E (El Gaupo).mtf
Crockett,CRK-5003-0 (Saddleford),724,1704,1855,85,IS,Force Manuals\Mercs\Crockett CRK-5003-0 (Saddleford).mtf
Crusader,CRD-3R (Bear),8280,,1206,65,IS,Force Manuals\Mercs\Crusader CRD-3R (Bear).mtf
Dervish,DV-6M (Turner),8279,,1417,55,IS,Force Manuals\Mercs\Dervish DV-6M (Turner).mtf
Orion,ON1-K (Muller),2332,1429,1162,75,IS,Force Manuals\Mercs\Orion ON1-K (Muller).mtf
Scorpion,SCP-1N (Wendall 2),8276,,1211,55,IS,Force Manuals\Mercs\Scorpion SCP-1N (Wendall 2).mtf
Gunsmith,CH11-NG-A,,,1465,25,IS,Force Packs\Davion\Gunsmith CH11-NG-A.mtf
Havoc,HVC-P7,,,1405,35,IS,Force Packs\Third Star League\Havoc HVC-P7.mtf
Kintaro,KTO-22,,,1551,55,Mixed,Force Packs\Third Star League\Kintaro KTO-22.mtf
UrbanMech LAM,S-UM-1XLA,,,1340,35,Mixed,Force Packs\UrbanLAM\UrbanMech LAM S-UM-1XLA.mtf
UrbanMech LAM,UM-A07,,,616,35,IS,Force Packs\UrbanLAM\UrbanMech LAM UM-A07.mtf
UrbanMech,UM-R27,9498,610,541,30,IS,Force Packs\UrbanMech\UrbanMech UM-R27.mtf
Archer,C 2,8387,2167,1929,70,Clan,Force Packs\Wolfs Dragoons\Archer C 2.mtf
Blackjack,C,8388,1639,1635,45,Clan,Force Packs\Wolfs Dragoons\Blackjack C.mtf
Cestus,CTS-6Y-EC,7681,1783,1611,65,Mixed,Golden Century\Cestus CTS-6Y-EC.mtf
Coyotl,A,713,1753,1746,40,Clan,Golden Century\Coyotl A.mtf
Coyotl,B,7606,1447,1447,40,Clan,Golden Century\Coyotl B.mtf
Coyotl,C,7607,1851,1777,40,Clan,Golden Century\Coyotl C.mtf
Coyotl,D,7608,1980,1558,40,Clan,Golden Century\Coyotl D.mtf
Coyotl,Prime,714,1974,1944,40,Clan,Golden Century\Coyotl Prime.mtf
Devastator,DVS-2-EC,7686,2859,2041,100,Mixed,Golden Century\Devastator DVS-2-EC.mtf
Drift Shag,,7605,1512,1512,30,Clan,Golden Century\Drift Shag.mtf
Emperor,EMP-6A-EC,7685,2165,2252,90,Mixed,Golden Century\Emperor EMP-6A-EC.mtf
Enfield,END-6J-EC,7679,1470,1490,50,Mixed,Golden Century\Enfield END-6J-EC.mtf
Excalibur,EXC-B2b-EC,7683,2008,1821,70,Mixed,Golden Century\Excalibur EXC-B2b-EC.mtf
Exterminator,EXT-4Db-EC,7682,1611,1611,65,Mixed,Golden Century\Exterminator EC EXT-4Db.mtf
Fox,CS-1,4182,1574,1527,50,Mixed,Golden Century\Fox CS-1.mtf
Fox,,7609,2091,1984,50,Clan,Golden Century\Fox.mtf
Lancelot,C 2,7627,2571,2571,60,Clan,Golden Century\Lancelot C 2.mtf
Lancelot,C,7626,1960,1960,60,Clan,Golden Century\Lancelot C.mtf
Lupus,A,1963,1927,1927,60,Clan,Golden Century\Lupus A.mtf
Lupus,B,1964,1985,1862,60,Clan,Golden Century\Lupus B.mtf
Lupus,C,7628,2535,2567,60,Clan,Golden Century\Lupus C.mtf
Lupus,D,7629,2030,1523,60,Clan,Golden Century\Lupus D.mtf
Lupus,Prime,1965,2428,2208,60,Clan,Golden Century\Lupus Prime.mtf
Lynx,C,7620,2712,2712,55,Clan,Golden Century\Lynx C.mtf
Masauwu,,7642,2299,2271,75,Clan,Golden Century\Masauwu.mtf
Minsk,2,7641,2363,2009,70,Mixed,Golden Century\Minsk 2.mtf
Minsk,MNK-101,4645,2024,1938,70,Mixed,Golden Century\Minsk MNK-101.mtf
Minsk,,7640,2028,2012,70,Clan,Golden Century\Minsk.mtf
Mongoose,C 2,7604,1620,1617,25,Clan,Golden Century\Mongoose C 2.mtf
Mongoose,C,7603,1386,1383,25,Clan,Golden Century\Mongoose C.mtf
Naja,KTO-19b-EC,7622,1557,1457,55,Mixed,Golden Century\Naja KTO-19b-EC.mtf
Naja,,7621,1880,1780,55,Clan,Golden Century\Naja.mtf
Night Hawk,NTK-2Q-EC,7676,1041,1041,35,Mixed,Golden Century\Night Hawk NTK-2Q-EC.mtf
Omni-Corvis,A,7611,1977,1966,50,Clan,Golden Century\Omni-Corvis A.mtf
Omni-Corvis,B,7612,1640,1419,50,Clan,Golden Century\Omni-Corvis B.mtf
Omni-Corvis,Prime,7610,1678,1678,50,Clan,Golden Century\Omni-Corvis Prime.mtf
Phoenix Hawk,PXH-1-EC,7678,1206,1191,45,Mixed,Golden Century\Phoenix Hawk PXH-1-EC.mtf
Pulverizer,PUL-3R,7647,2068,1690,90,Mixed,Golden Century\Pulverizer PUL-3R.mtf
Pulverizer,,7648,2506,2491,90,Clan,Golden Century\Pulverizer.mtf
Redback,,7684,2076,1625,75,Mixed,Golden Century\Redback.mtf
Spartan,C,7646,2514,2506,80,Clan,Golden Century\Spartan C.mtf
Starslayer,STY-2C-EC,7680,1407,1409,50,Mixed,Golden Century\Starslayer STY-2C-EC.mtf
Storm Giant,2,5145,2891,2870,100,Clan,Golden Century\Storm Giant 2.mtf
Storm Giant,,7649,2676,2527,100,Clan,Golden Century\Storm Giant.mtf
Sun Bear,A,7624,2418,2418,55,Clan,Golden Century\Sun Bear A.mtf
Sun Bear,B,7625,2144,2070,55,Clan,Golden Century\Sun Bear B.mtf
Sun Bear,Prime,7623,2022,1993,55,Clan,Golden Century\Sun Bear Prime.mtf
Talon,TLN-5W-EC,7677,1364,742,35,Mixed,Golden Century\Talon TLN-5W-EC.mtf
Vision Quest,2,7639,2556,2556,60,Clan,Golden Century\Vision Quest 2.mtf
Vision Quest,VQ-1NC,5355,2180,2078,60,Mixed,Golden Century\Vision Quest VQ-1NC.mtf
Vision Quest,,7638,2458,2430,60,Clan,Golden Century\Vision Quest.mtf
Wakazashi,,3475,2909,2723,85,Clan,Golden Century\Wakazashi.mtf
Woodsman,A,3586,2741,2741,75,Clan,Golden Century\Woodsman A.mtf
Woodsman,B,7643,2414,2384,75,Clan,Golden Century\Woodsman B.mtf
Woodsman,C,7644,2230,2230,75,Clan,Golden Century\Woodsman C.mtf
Woodsman,D,7645,1902,1925,75,Clan,Golden Century\Woodsman D.mtf
Woodsman,Prime,3587,2623,2537,75,Clan,Golden Century\Woodsman Prime.mtf
Atlas,AS7-H,,,1839,100,IS,Gothic\Atlas AS7-H.mtf
Firestarter,FS9-HB,,,528,35,IS,Gothic\Firestarter FS9-HB.mtf
King Crab,KGC-0KP,,,1820,100,IS,Gothic\King Crab KGC-0KP.mtf
Marauder,MAD-3H,,,1120,75,IS,Gothic\Marauder MAD-3H.mtf
Phoenix Hawk,PXH-1T,,,1043,45,IS,Gothic\Phoenix Hawk PXH-1T.mtf
Rifleman,RFL-3B,,,689,60,IS,Gothic\Rifleman RFL-3B.mtf
Scorpion,SCP-1B,,,794,55,IS,Gothic\Scorpion SCP-1B.mtf
UrbanMech,UM-R60B,,,418,30,IS,Gothic\UrbanMech UM-R60B.mtf
Rock Hound,AM-PRM-RH7 'Rock Possum' ProspectorMech,4928,,533,40,IS,HBMPS\Rock Hound AM-PRM-RH7 'Rock Possum' ProspectorMech.mtf
Rock Hound,AM-PRM-RH7 ProspectorMech,4926,,576,40,IS,HBMPS\Rock Hound AM-PRM-RH7 ProspectorMech.mtf
Rock Hound,AM-PRM-RH7A 'Rock Otter' ProspectorMech,4927,,509,40,IS,HBMPS\Rock Hound AM-PRM-RH7A 'Rock Otter' ProspectorMech.mtf
Space Hound,AM-PRM-SH1 ProspectorMech,5101,465,517,40,IS,HBMPS\Space Hound AM-PRM-SH1 ProspectorMech.mtf
Dragoon,AEM-01,6780,1669,1669,70,IS,Historicals\Hist LOT II\Dragoon AEM-01.mtf
Dragoon,AEM-02,6781,,1815,70,IS,Historicals\Hist LOT II\Dragoon AEM-02.mtf
Dragoon,AEM-03,6782,,1712,70,IS,Historicals\Hist LOT II\Dragoon AEM-03.mtf
Dragoon,AEM-04,6783,,1833,70,IS,Historicals\Hist LOT II\Dragoon AEM-04.mtf
Alfar,AL-A1,3694,1447,1447,55,IS,Historicals\Hist Reunification War\Alfar AL-A1.mtf
Alfar,AL-D1 'Dökkálfar',3693,,1458,55,IS,Historicals\Hist Reunification War\Alfar AL-D1 Dokkalfar.mtf
Talos,TLS-1B,5175,924,924,50,IS,Historicals\Hist Reunification War\Talos TLS-1B.mtf
Thunderbolt,TDR-5L,7762,,1519,65,IS,Historicals\Hist Second SW\Thunderbolt TDR-5L.mtf
Thunderbolt,TDR-5LS,7763,,1374,65,IS,Historicals\Hist Second SW\Thunderbolt TDR-5LS.mtf
Bakeneko,BKN-1K,6975,2022,1950,55,Mixed,Historicals\Hist WOTRA\Bakeneko BKN-1K.mtf
Rampage,RMP-2G,2635,1444,1444,85,IS,ISP2\Rampage RMP-2G.mtf
Rampage,RMP-4G,2636,2130,2125,85,IS,ISP2\Rampage RMP-4G.mtf
Rampage,RMP-5G,2637,1933,1918,85,IS,ISP2\Rampage RMP-5G.mtf
Araña,ARA-S-1 MilitiaMech,5798,1092,1149,40,Clan,ISP3\Arana MilitiaMech ARA-S-1.mtf
Reptar,EPT-C-1 MilitiaMech,5797,514,459,35,Clan,ISP3\Reptar EPT-C-1 MilitiaMech.mtf
Mad Cat,(Bounty Hunter),1976,2829,2826,75,Clan,ISP\Mad Cat (Timber Wolf) (Bounty Hunter).mtf
Thor II,E,7426,2638,2574,70,Clan,Iron Wind Metals\Thor II (Grand Summoner) E.mtf
Thunderbolt IIC,2,5240,2174,1931,70,Mixed,Iron Wind Metals\Thunderbolt IIC 2.mtf
'Gestalt',D2X-G,4209,2392,1751,45,IS,Jihad Final Reckoning\'Gestalt' D2X-G.mtf
Omega,SHP-4X,4746,3001,2588,150,IS,Jihad Final Reckoning\OMEGA SHP-4X.mtf
Revenant,UBM-1A,4911,784,818,30,IS,Jihad Final Reckoning\Revenant UBM-1A.mtf
Archangel,C-ANG-OS Caelestis,71,2026,1665,100,Mixed,Jihad Secrets\Archangel C-ANG-OS Caelestis.mtf
Deva,C-DVA-OS Caelestis,891,1785,1034,70,IS,Jihad Secrets\Deva C-DVA-OS Caelestis.mtf
Grigori,C-GRG-OS Caelestis,1326,1378,898,60,Mixed,Jihad Secrets\Grigori C-GRG-OS Caelestis.mtf
Malak,C-MK-OS Caelestis,2000,1125,950,30,IS,Jihad Secrets\Malak C-MK-OS Caelestis.mtf
Mercury II,MCY-100,2173,1376,1376,40,IS,Jihad Secrets\Mercury II MCY-100.mtf
Preta,C-PRT-OS Caelestis,2579,1566,657,45,Mixed,Jihad Secrets\Preta C-PRT-OS Caelestis.mtf
Pulverizer,PUL-2V,2590,2065,1687,90,Mixed,Jihad Secrets\Pulverizer PUL-2V.mtf
Seraph,C-SRP-OS Caelestis,2876,2788,1947,85,Mixed,Jihad Secrets\Seraph C-SRP-O Caelestis.mtf
Stag II,ST-24G,3034,1625,1449,45,IS,Jihad Secrets\Stag II ST-24G.mtf
Stag,ST-14G,3033,1351,1372,45,IS,Jihad Secrets\Stag ST-14G.mtf
Phoenix Hawk LAM Mk I,PHX-HK1,4824,,1309,50,IS,LAMS\Phoenix Hawk LAM Mk I PHX-HK1.mtf
Phoenix Hawk LAM Mk I,PHX-HK1R,4825,,1271,50,IS,LAMS\Phoenix Hawk LAM Mk I PHX-HK1R.mtf
Phoenix Hawk LAM,PHX-HK1RB,4821,,1233,50,IS,LAMS\Phoenix Hawk LAM PHX-HK1RB.mtf
Phoenix Hawk LAM,PHX-HK2,4822,1555,1077,50,IS,LAMS\Phoenix Hawk LAM PHX-HK2.mtf
Phoenix Hawk LAM,PHX-HK2M,4823,,1018,50,IS,LAMS\Phoenix Hawk LAM PHX-HK2M.mtf
Pwwka,S-PW-1LAM,4882,1638,1045,30,Mixed,LAMS\Pwwka S-PW-1LAM.mtf
Screamer LAM,SCR-1X-LAM,7320,1144,1144,55,IS,LAMS\Screamer LAM SCR-1X-LAM.mtf
Shadow Hawk LAM,SHD-X1,5039,,828,55,IS,LAMS\Shadow Hawk LAM SHD-X1.mtf
Shadow Hawk LAM,SHD-X2,5040,,1066,55,IS,LAMS\Shadow Hawk LAM SHD-X2.mtf
Stinger LAM Mk I,STG-A1,5140,,572,30,IS,LAMS\Stinger LAM Mk I STG-A1.mtf
Stinger LAM,STG-A10,5138,,591,30,IS,LAMS\Stinger LAM STG-A10.mtf
Stinger LAM,STG-A5,5139,,696,30,IS,LAMS\Stinger LAM STG-A5.mtf
Waneta,S-WN-1LAM,5379,,1405,55,Mixed,LAMS\Waneta S-WN-1LAM.mtf
Waneta,S-WN-2LAM,5380,2713,1507,55,Mixed,LAMS\Waneta S-WN-2LAM.mtf
Wasp LAM Mk I,WSP-100,5392,,485,30,IS,LAMS\Wasp LAM Mk I WSP-100.mtf
Wasp LAM Mk I,WSP-100A,5393,,619,30,IS,LAMS\Wasp LAM Mk I WSP-100A.mtf
Wasp LAM Mk I,WSP-100b,5394,,636,30,IS,LAMS\Wasp LAM Mk I WSP-100b.mtf
Wasp LAM,WSP-105,5389,,548,30,IS,LAMS\Wasp LAM WSP-105.mtf
Wasp LAM,WSP-105M,5390,,599,30,IS,LAMS\Wasp LAM WSP-105M.mtf
Wasp LAM,WSP-110,5391,,460,30,IS,LAMS\Wasp LAM WSP-110.mtf
Yurei,S-YR-1LAM,5431,2106,1387,40,Mixed,LAMS\Yurei S-YR-1LAM.mtf
Annihilator,ANH-1G,37,2274,2297,100,IS,Operation Klondike\Annihilator ANH-1G.mtf
Annihilator,ANH-1X,38,1926,1877,100,IS,Operation Klondike\Annihilator ANH-1X.mtf
Annihilator,C 'Gausszilla',44,2455,2209,100,Clan,Operation Klondike\Annihilator Bryan Gausszilla.mtf
Annihilator,C 2,45,2722,2414,100,Clan,Operation Klondike\Annihilator C2.mtf
Carbine,CON-1 ConstructionMech (RL),462,296,368,30,IS,Operation Klondike\Carbine CON-1 ConstructionMech (Rocket).mtf
Carbine,CON-1 ConstructionMech,461,198,239,30,IS,Operation Klondike\Carbine CON-1 ConstructionMech.mtf
Champion,CHP-1Nb,550,1632,1641,60,IS,Operation Klondike\Champion CHP-1Nb.mtf
Champion,CHP-1Nb2,6765,,1568,60,IS,Operation Klondike\Champion CHP-1Nb2.mtf
Crockett,CRK-5003-1b,726,2307,2315,85,IS,Operation Klondike\Crockett CRK-5003-1b.mtf
Crosscut,ED-X2 (Flamer),7167,248,294,30,IS,Operation Klondike\Crosscut ED-X2 (Flamer).mtf
Crosscut,ED-X2 LoggerMech (RL),6973,422,476,30,IS,Operation Klondike\Crosscut ED-X2 (Rocket).mtf
Crosscut,ED-X2 LoggerMech,741,223,273,30,IS,Operation Klondike\Crosscut ED-X2 ForestryMech.mtf
Daedalus,GTX2 (Militarized),793,849,967,60,IS,Operation Klondike\Daedalus GTX2 (Militarized).mtf
Daedalus,GTX2A 'Stevedore',794,649,737,60,IS,Operation Klondike\Daedalus GTX2A Stevedore.mtf
Daedalus,GTX2B 'Navvy',795,663,737,60,IS,Operation Klondike\Daedalus GTX2B Navvy.mtf
Exterminator,EXT-4Db,1005,1694,1694,65,IS,Operation Klondike\Exterminator EXT-4Db.mtf
Falcon,FLC-4Nb (Saho),1024,774,774,30,IS,Operation Klondike\Falcon FLC-4Nb Saho.mtf
Falcon,FLC-4Nb-PP,1025,881,881,30,IS,Operation Klondike\Falcon FLC-4Nb-PP.mtf
Falcon,FLC-4Nb-PP2,1026,947,947,30,IS,Operation Klondike\Falcon FLC-4Nb-PP2.mtf
Falcon,FLC-4Nb,1023,947,947,30,IS,Operation Klondike\Falcon FLC-4Nb.mtf
Firefly,FFL-3A,4172,797,816,30,IS,Operation Klondike\Firefly FFL-3A.mtf
Firefly,FFL-3PP,1083,888,888,30,IS,Operation Klondike\Firefly FFL-3PP.mtf
Firefly,FFL-3PP2,1084,873,873,30,IS,Operation Klondike\Firefly FFL-3PP2.mtf
Firefly,FFL-3PP3,1085,808,828,30,IS,Operation Klondike\Firefly FFL-3PP3.mtf
Firefly,FFL-3SLE,1086,876,896,30,IS,Operation Klondike\Firefly FFL-3SLE.mtf
Griffin,GRF-2N,1299,1606,1587,55,IS,Operation Klondike\Griffin GRF-2N.mtf
Griffin,GRF-2N2,6767,,1494,55,IS,Operation Klondike\Griffin GRF-2N2.mtf
Harvester Ant,KIC-3M AgroMech (MG),7152,127,227,20,IS,Operation Klondike\Harvester Ant KIC-3 Agromech (MG).mtf
Harvester Ant,KIC-3M-B AgroMech (LRM),7153,214,313,20,IS,Operation Klondike\Harvester Ant KIC-3M-B AgroMech (LRM).mtf
Hermes,HER-1Sb,1488,1112,1112,30,IS,Operation Klondike\Hermes HER-1Sb.mtf
Highlander,HGN-732 (Colleen),4323,2164,2119,90,IS,Operation Klondike\Highlander HGN-732 Colleen.mtf
Hoplite,HOP-4Bb,1541,1413,1372,55,IS,Operation Klondike\Hoplite HOP-4Bb.mtf
Hoplite,HOP-4Cb,1542,1377,1368,55,IS,Operation Klondike\Hoplite HOP-4Cb.mtf
Imp,IMP-1A,1607,2215,2197,100,IS,Operation Klondike\Imp IMP-1A.mtf
Imp,IMP-1B,1608,2349,2322,100,IS,Operation Klondike\Imp IMP-1B.mtf
Imp,IMP-1C,1609,2480,2488,100,IS,Operation Klondike\Imp IMP-1C.mtf
Marco,MR-8C ExplorerMech,4596,304,355,30,IS,Operation Klondike\Marco MR-8C.mtf
Marco,MR-8D,2073,436,504,30,IS,Operation Klondike\Marco MR-8D.mtf
Marco,MR-8E,2074,476,546,30,IS,Operation Klondike\Marco MR-8E.mtf
Powerman,SC XI LoaderMech,2564,198,345,35,IS,Operation Klondike\Powerman SC XI LoaderMech.mtf
Sentinel,STN-3Lb,2861,1260,1269,40,IS,Operation Klondike\Sentinel STN-3Lb.mtf
Shogun,SHG-2H,2934,2087,2051,85,IS,Operation Klondike\Shogun SHG-2H.mtf
Sling,SL-1G,2967,578,578,25,IS,Operation Klondike\Sling SL-1G.mtf
Sling,SL-1H,2968,731,731,25,IS,Operation Klondike\Sling SL-1H.mtf
Stalker,STK-3Fb,3037,2029,2002,85,IS,Operation Klondike\Stalker STK-3Fb.mtf
Thorn,THE-Nb,3194,740,740,20,IS,Operation Klondike\Thorn THE-Nb.mtf
Thunderbolt,TDR-5Sb,3239,1613,1586,65,IS,Operation Klondike\Thunderbolt TDR-5Sb.mtf
Thunderbolt,TDR-5Sb2,6766,,1534,65,IS,Operation Klondike\Thunderbolt TDR-5Sb2.mtf
Apollo,APL-4M,3706,1302,706,55,IS,ProtoTypes\Apollo APL-4M.mtf
Axman,AXM-6T,3771,1830,1850,65,IS,ProtoTypes\Axman AXM-6T.mtf
Barghest,BGS-4T,3790,1734,1107,70,IS,ProtoTypes\Barghest BGS-4T.mtf
Beowulf IIC,,3818,2048,884,45,Clan,ProtoTypes\Beowulf IIC.mtf
Deep Lord,RCL-Z1M MilitiaMech,4057,715,712,65,IS,ProtoTypes\Deep Lord RCL-Z1M MilitiaMech.mtf
Dola,DOL-1A1,4086,950,933,30,IS,ProtoTypes\Dola DOL-1A1.mtf
Dola,DOL-1A2 'Yoh Ti Ts'angs',4087,826,762,30,IS,ProtoTypes\Dola DOL-1A2 Yoh Ti Ts'angs.mtf
Grasshopper,GHR-7P,4234,1806,1710,70,IS,ProtoTypes\Grasshopper GHR-7P.mtf
Hatamoto-Kaeru,HTM-35K,4266,1906,1694,80,IS,ProtoTypes\Hatamoto-Kaeru HTM-35K.mtf
Hunchback,HBK-7R,4338,1248,1230,50,IS,ProtoTypes\Hunchback HBK-7R.mtf
Incubus II,,4363,1261,612,30,Clan,ProtoTypes\Incubus II.mtf
Legionnaire,LGN-2F,4491,1808,2011,50,IS,ProtoTypes\Legionnaire LGN-2F.mtf
Mad Cat III,2,4562,1697,1608,55,Clan,ProtoTypes\Mad Cat III 2.mtf
Mad Cat III,X,4563,2232,1938,55,Clan,ProtoTypes\Mad Cat III X.mtf
Mad Cat III,,4561,2400,2106,55,Clan,ProtoTypes\Mad Cat III.mtf
Mad Cat Mk II,Enhanced,4564,2732,2158,90,Clan,ProtoTypes\Mad Cat Mk II Enhanced.mtf
Orion,ON3-M,4761,1826,1454,75,IS,ProtoTypes\Orion ON3-M.mtf
Pandarus,LFA-1A,4783,1589,974,75,IS,ProtoTypes\Pandarus LFA-1A.mtf
Patron,PTN-2M MilitiaMech,4795,154,270,15,IS,ProtoTypes\Patron PTN-2M MilitiaMech.mtf
Pendragon,PDG-1R,4799,2151,1536,95,IS,ProtoTypes\Pendragon PDG-1R.mtf
Quickdraw,QKD-8P,4887,1598,1546,60,IS,ProtoTypes\Quickdraw QKD-8P.mtf
Sarissa,MN2-A SecurityMech,4974,771,598,50,IS,ProtoTypes\Sarissa MN2-A SecurityMech.mtf
Spindrift Aquatic SecurityMech,SDT-1A,5106,465,496,30,IS,ProtoTypes\Spindrift Aquatic SecurityMech SDT-1A.mtf
Stiletto,STO-6S,5133,1171,1150,35,IS,ProtoTypes\Stiletto STO-6S.mtf
Stinger IIC,2,5136,,1097,20,Clan,ProtoTypes\Stinger IIC 2.mtf
Stinger IIC,,5135,730,730,20,Clan,ProtoTypes\Stinger IIC.mtf
Thunder,THR-C4,5230,2028,1831,70,IS,ProtoTypes\Thunder THR-C4.mtf
Thunderbolt IIC,,5239,2475,2107,70,Clan,ProtoTypes\Thunderbolt IIC.mtf
Ti Ts'ang,TSG-9DDC,5242,2013,1824,60,IS,ProtoTypes\Ti Ts'ang DDC TSG9-DDC.mtf
Trebuchet,TBT-K7R,5275,1408,1287,50,IS,ProtoTypes\Trebuchet TBT-K7R.mtf
Ursus,3,5329,1284,1092,50,Clan,ProtoTypes\Ursus 3.mtf
Wolf Trap (Tora),WFT-2B,5415,1439,1448,45,IS,ProtoTypes\Wolf Trap (Tora) WFT-2B.mtf
Wolfhound,WLF-2H,5417,1511,1434,35,IS,ProtoTypes\Wolfhound WLF-2H.mtf
Arion,,6252,849,812,35,Clan,QuadVees\Arion.mtf
Boreas,A,7352,1221,1206,60,Clan,QuadVees\Boreas A.mtf
Boreas,B,7353,1331,833,60,Clan,QuadVees\Boreas B.mtf
Boreas,C,7354,1502,1487,60,Clan,QuadVees\Boreas C.mtf
Boreas,D,7355,1394,1243,60,Clan,QuadVees\Boreas D.mtf
Boreas,Prime,7351,1583,1435,60,Clan,QuadVees\Boreas Prime.mtf
Cyllaros,,6253,1450,1348,55,Clan,QuadVees\Cyllaros.mtf
Harpagos,,6254,1721,1710,75,Clan,QuadVees\Harpagos.mtf
Notos,A,7371,1469,1457,60,Clan,QuadVees\Notos A.mtf
Notos,B,7372,1788,1587,60,Clan,QuadVees\Notos B.mtf
Notos,C,7373,1572,1436,60,Clan,QuadVees\Notos C.mtf
Notos,D,7374,1777,1765,60,Clan,QuadVees\Notos D.mtf
Notos,Prime,7370,2139,2102,60,Clan,QuadVees\Notos Prime.mtf
Deimos,H,9505,3344,3335,85,Clan,RS Jihad\Deimos H.mtf
Shadow Hawk,SHD-11CS2,5036,1779,1760,55,IS,RS Jihad\Shadow Hawk SHD-11CS2.mtf
Atlas,AS7-A,7433,1787,1787,100,IS,RS Succession Wars\Atlas AS7-A.mtf
Javelin,JVN-10A,7429,653,653,30,IS,RS Succession Wars\Javelin JVN-10A.mtf
Thunderbolt,TDR-5D,7431,1231,1231,65,IS,RS Succession Wars\Thunderbolt TDR-5D.mtf
Wolverine,WVR-6D,7430,1115,1115,55,IS,RS Succession Wars\Wolverine WVR-6D.mtf
Zeus,ZEU-6A,7432,1405,1405,80,IS,RS Succession Wars\Zeus ZEU-6A.mtf
Assassin,ASN-30 (Alice),3738,1507,1542,40,IS,RS Unique\Assassin Alice.mtf
Bandersnatch,BNDR-01A (Horus),3780,1587,1620,75,IS,RS Unique\Bandersnatch Horus.mtf
Daikyu,DAI-01 (Tabitha),798,1804,1853,70,Mixed,RS Unique\Daikyu Tabitha.mtf
Emperor,EMP-6A (Nerran),965,2247,2173,90,Mixed,RS Unique\Emperor Nerran.mtf
Excalibur,EXC-C1 (Cernunnos),1001,1778,1766,70,IS,RS Unique\Excalibur Cernunnos.mtf
Grand Dragon,DRG-1G (Douglas),1257,1076,1107,60,IS,RS Unique\Grand Dragon DRG-1G Douglas.mtf
Great Wyrm,(Aemelia),1283,1772,1772,45,Clan,RS Unique\Great Wyrm Aemelia.mtf
Gunslinger,GUN-1ERD (Jared),1348,1813,1837,85,IS,RS Unique\Gunslinger Jared.mtf
Hercules,HRC-LS-9000 (Julius),1483,1644,1949,70,IS,RS Unique\Hercules Julius.mtf
Jenner,JR7-K (Samuli),1697,1001,1022,35,IS,RS Unique\Jenner Samuli.mtf
Merlin,MLN-1B (Porter),2179,1233,1233,60,IS,RS Unique\Merlin Porter.mtf
Snake,SNK-1V (Alexi),2975,1316,1326,45,IS,RS Unique\Snake Alexi.mtf
Stealth,STH-1D (Anna),3053,1540,1540,45,IS,RS Unique\Stealth Anna.mtf
Thanatos,TNS-4S (Felix),3173,2122,2122,75,IS,RS Unique\Thanatos THS-4S (Felix).mtf
Wolf Trap (Tora),WFT-1 (Daitama),3555,1290,1300,45,IS,RS Unique\Wolf Trap Daitama.mtf
Archer,(Wolf),72,2365,2169,70,Clan,Rec Guides ilClan\Vol 10\Archer (Wolf).mtf
Archer,ARC-2Rb,75,1705,1620,70,IS,Rec Guides ilClan\Vol 10\Archer ARC-2Rb.mtf
Archer,ARC-4M,78,1705,1629,70,IS,Rec Guides ilClan\Vol 10\Archer ARC-4M.mtf
Archer,ARC-4M2,7730,1742,1665,70,IS,Rec Guides ilClan\Vol 10\Archer ARC-4M2.mtf
Archer,ARC-5R,79,1674,1529,70,IS,Rec Guides ilClan\Vol 10\Archer ARC-5R.mtf
Archer,ARC-5S,80,1353,1425,70,IS,Rec Guides ilClan\Vol 10\Archer ARC-5S.mtf
Archer,ARC-5W,81,1337,1427,70,IS,Rec Guides ilClan\Vol 10\Archer ARC-5W.mtf
Archer,ARC-7C,7731,2408,2101,70,Mixed,Rec Guides ilClan\Vol 10\Archer ARC-7C.mtf
Archer,ARC-9R,7732,1668,998,70,IS,Rec Guides ilClan\Vol 10\Archer ARC-9R.mtf
Archer,C,90,1811,1690,70,Mixed,Rec Guides ilClan\Vol 10\Archer C.mtf
Centurion,CN10-D,7725,1260,1224,55,IS,Rec Guides ilClan\Vol 10\Centurion CN10-D.mtf
Crucible,2,7735,3598,3145,100,Clan,Rec Guides ilClan\Vol 10\Crucible 2.mtf
Crucible,3,7736,3230,3230,100,Clan,Rec Guides ilClan\Vol 10\Crucible 3.mtf
Crucible,,7734,3108,3108,100,Clan,Rec Guides ilClan\Vol 10\Crucible.mtf
Hermit Crab,HMC-13,7721,731,730,25,IS,Rec Guides ilClan\Vol 10\Hermit Crab HMC-13.mtf
Hermit Crab,HMC-14,7722,844,844,25,IS,Rec Guides ilClan\Vol 10\Hermit Crab HMC-14.mtf
Hermit Crab,HMC-15,7723,742,742,25,IS,Rec Guides ilClan\Vol 10\Hermit Crab HMC-15.mtf
Highlander,HGN-740,7733,2232,2088,90,IS,Rec Guides ilClan\Vol 10\Highlander HGN-740.mtf
Mongoose,MON-96,7724,1011,958,25,IS,Rec Guides ilClan\Vol 10\Mongoose MON-96.mtf
Vulture,DD,7727,1970,1919,60,Clan,Rec Guides ilClan\Vol 10\Vulture (Mad Dog) DD.mtf
Vulture,G,6891,2503,1699,60,Clan,Rec Guides ilClan\Vol 10\Vulture (Mad Dog) G.mtf
Vulture,I,7728,2042,1859,60,Clan,Rec Guides ilClan\Vol 10\Vulture (Mad Dog) I.mtf
Vulture,T,7726,2555,2136,60,Clan,Rec Guides ilClan\Vol 10\Vulture (Mad Dog) T.mtf
Vulture,V,7729,2182,2197,60,Clan,Rec Guides ilClan\Vol 10\Vulture (Mad Dog) V.mtf
Butcherbird,A,7739,501,453,20,Clan,Rec Guides ilClan\Vol 11\Butcherbird (Ion Sparrow) A.mtf
Butcherbird,B,7740,626,588,20,Clan,Rec Guides ilClan\Vol 11\Butcherbird (Ion Sparrow) B.mtf
Butcherbird,C,7741,889,838,20,Clan,Rec Guides ilClan\Vol 11\Butcherbird (Ion Sparrow) C.mtf
Butcherbird,D,7742,1121,1056,20,Clan,Rec Guides ilClan\Vol 11\Butcherbird (Ion Sparrow) D.mtf
Butcherbird,Prime,7738,885,834,20,Clan,Rec Guides ilClan\Vol 11\Butcherbird (Ion Sparrow) Prime.mtf
Man O' War,F,7755,1894,1893,80,Clan,Rec Guides ilClan\Vol 11\Man O' War (Gargoyle) F.mtf
Man O' War,I,7756,2516,2516,80,Clan,Rec Guides ilClan\Vol 11\Man O' War (Gargoyle) I.mtf
Man O' War,J,7757,2134,2093,80,Clan,Rec Guides ilClan\Vol 11\Man O' War (Gargoyle) J.mtf
Man O' War,K,7759,2182,2215,80,Mixed,Rec Guides ilClan\Vol 11\Man O' War (Gargoyle) K.mtf
Man O' War,P,7758,2320,2234,80,Clan,Rec Guides ilClan\Vol 11\Man O' War (Gargoyle) P.mtf
Man O' War,T,7754,1632,1422,80,Clan,Rec Guides ilClan\Vol 11\Man O' War (Gargoyle) T.mtf
Peregrine,2,2473,1191,1138,35,Clan,Rec Guides ilClan\Vol 11\Peregrine (Horned Owl) 2.mtf
Peregrine,3,2474,1545,1546,35,Clan,Rec Guides ilClan\Vol 11\Peregrine (Horned Owl) 3.mtf
Peregrine,6,7748,1475,1475,35,Clan,Rec Guides ilClan\Vol 11\Peregrine (Horned Owl) 6.mtf
Peregrine,7,7749,1725,1605,35,Clan,Rec Guides ilClan\Vol 11\Peregrine (Horned Owl) 7.mtf
Peregrine,,2472,1434,1434,35,Clan,Rec Guides ilClan\Vol 11\Peregrine (Horned Owl).mtf
Phoenix Hawk,C 2,7753,2187,2190,45,Mixed,Rec Guides ilClan\Vol 11\Phoenix Hawk C 2.mtf
Phoenix Hawk,C,7752,1396,1393,45,Clan,Rec Guides ilClan\Vol 11\Phoenix Hawk C.mtf
Phoenix Hawk,PXH-2K,2497,1271,1271,45,IS,Rec Guides ilClan\Vol 11\Phoenix Hawk PXH-2K.mtf
Phoenix Hawk,PXH-3D,7760,1315,1287,45,IS,Rec Guides ilClan\Vol 11\Phoenix Hawk PXH-3D.mtf
Phoenix Hawk,PXH-3K,2498,1359,1359,45,IS,Rec Guides ilClan\Vol 11\Phoenix Hawk PXH-3K.mtf
Phoenix Hawk,PXH-3M,2499,1307,1308,45,IS,Rec Guides ilClan\Vol 11\Phoenix Hawk PXH-3M.mtf
Phoenix Hawk,PXH-3S,2502,1237,1238,45,IS,Rec Guides ilClan\Vol 11\Phoenix Hawk PXH-3S.mtf
Phoenix Hawk,PXH-4M,7750,1327,1327,45,IS,Rec Guides ilClan\Vol 11\Phoenix Hawk PXH-4M.mtf
Phoenix Hawk,PXH-9,7751,1244,1193,45,IS,Rec Guides ilClan\Vol 11\Phoenix Hawk PXH-9.mtf
Uller,G,5486,1368,1326,30,Clan,Rec Guides ilClan\Vol 11\Uller (Kit Fox) G.mtf
Uller,J,7744,1178,1173,30,Clan,Rec Guides ilClan\Vol 11\Uller (Kit Fox) J.mtf
Uller,K,7745,1109,1109,30,Clan,Rec Guides ilClan\Vol 11\Uller (Kit Fox) K.mtf
Uller,R,6931,1232,1226,30,Clan,Rec Guides ilClan\Vol 11\Uller (Kit Fox) R.mtf
Uller,T,7743,1397,1273,30,Clan,Rec Guides ilClan\Vol 11\Uller (Kit Fox) T.mtf
Uller,V,7746,974,1307,30,Clan,Rec Guides ilClan\Vol 11\Uller (Kit Fox) V.mtf
Axman,AXM-5N,7790,2575,2184,65,Mixed,Rec Guides ilClan\Vol 12\Axman AXM-5N.mtf
Black Knight,BL-18-KNT,7791,2585,2585,75,Mixed,Rec Guides ilClan\Vol 12\Black Knight BL-18-KNT.mtf
Carrion Crow,A,7776,1622,1625,40,Clan,Rec Guides ilClan\Vol 12\Carrion Crow A.mtf
Carrion Crow,B,7777,2083,2083,40,Clan,Rec Guides ilClan\Vol 12\Carrion Crow B.mtf
Carrion Crow,C,7778,1826,1312,40,Clan,Rec Guides ilClan\Vol 12\Carrion Crow C.mtf
Carrion Crow,D,7779,1930,1920,40,Clan,Rec Guides ilClan\Vol 12\Carrion Crow D.mtf
Carrion Crow,Prime,7775,2397,2137,40,Clan,Rec Guides ilClan\Vol 12\Carrion Crow Prime.mtf
Hatchetman,HCT-8S,7780,1479,1374,45,Mixed,Rec Guides ilClan\Vol 12\Hatchetman HCT-8S.mtf
Nobori-nin,E,7782,2104,2073,50,Clan,Rec Guides ilClan\Vol 12\Nobori-nin (Huntsman) E.mtf
Nobori-nin,G,7783,2377,1501,50,Clan,Rec Guides ilClan\Vol 12\Nobori-nin (Huntsman) G.mtf
Nobori-nin,I,7784,2277,2171,50,Clan,Rec Guides ilClan\Vol 12\Nobori-nin (Huntsman) I.mtf
Nobori-nin,T,7781,2105,1926,50,Clan,Rec Guides ilClan\Vol 12\Nobori-nin (Huntsman) T.mtf
Shadow Hawk,C,2895,1309,1274,55,Mixed,Rec Guides ilClan\Vol 12\Shadow Hawk C.mtf
Shadow Hawk,SHD-2D2,2900,1049,1049,55,IS,Rec Guides ilClan\Vol 12\Shadow Hawk SHD-2D2.mtf
Shadow Hawk,SHD-2Hb,2902,1354,1325,55,IS,Rec Guides ilClan\Vol 12\Shadow Hawk SHD-2Hb.mtf
Shadow Hawk,SHD-4H,7785,1569,1569,55,IS,Rec Guides ilClan\Vol 12\Shadow Hawk SHD-4H.mtf
Shadow Hawk,SHD-5M,2906,1430,1460,55,IS,Rec Guides ilClan\Vol 12\Shadow Hawk SHD-5M.mtf
Shadow Hawk,SHD-5R,7787,1296,1340,55,IS,Rec Guides ilClan\Vol 12\Shadow Hawk SHD-5R.mtf
Shadow Hawk,SHD-5S,7786,1590,1590,55,IS,Rec Guides ilClan\Vol 12\Shadow Hawk SHD-5S.mtf
Shadow Hawk,SHD-6D,7788,1371,996,55,IS,Rec Guides ilClan\Vol 12\Shadow Hawk SHD-6D.mtf
Shadow Hawk,SHD-7H,7789,1394,1251,55,IS,Rec Guides ilClan\Vol 12\Shadow Hawk SHD-7H.mtf
Viper,,3432,2813,2813,75,Clan,Rec Guides ilClan\Vol 12\Viper (Black Python) .mtf
Viper,2,3433,2520,2516,75,Clan,Rec Guides ilClan\Vol 12\Viper (Black Python) 2.mtf
Viper,5,7792,2925,2925,75,Clan,Rec Guides ilClan\Vol 12\Viper (Black Python) 5.mtf
White Raven,2,7795,2703,2694,75,Clan,Rec Guides ilClan\Vol 12\White Raven 2.mtf
White Raven,,7794,2941,2941,75,Clan,Rec Guides ilClan\Vol 12\White Raven.mtf
Daishi,E,6833,2814,2619,100,Clan,Rec Guides ilClan\Vol 13\Daishi (Dire Wolf) E.mtf
Daishi,T,8133,3317,3096,100,Clan,Rec Guides ilClan\Vol 13\Daishi (Dire Wolf) T.mtf
Daishi,X,4046,2645,2566,100,Clan,Rec Guides ilClan\Vol 13\Daishi (Dire Wolf) X.mtf
Firestorm,,8129,2330,2201,50,Mixed,Rec Guides ilClan\Vol 13\Firestorm.mtf
Galahad,2,1171,2038,2038,60,Clan,Rec Guides ilClan\Vol 13\Galahad (Glass Spider) 2.mtf
Galahad,4,8131,2309,2309,60,Clan,Rec Guides ilClan\Vol 13\Galahad (Glass Spider) 4.mtf
Galahad,,1170,1825,1825,60,Clan,Rec Guides ilClan\Vol 13\Galahad (Glass Spider).mtf
Hunchback IIC,5,8130,1534,1452,50,Clan,Rec Guides ilClan\Vol 13\Hunchback IIC 5.mtf
Piranha,5,8122,1132,1135,20,Clan,Rec Guides ilClan\Vol 13\Piranha 5.mtf
Stinger,C 2,8128,754,754,20,Clan,Rec Guides ilClan\Vol 13\Stinger C 2.mtf
Stinger,C,8127,592,593,20,Clan,Rec Guides ilClan\Vol 13\Stinger C.mtf
Stinger,STG-3Gb,3059,674,674,20,IS,Rec Guides ilClan\Vol 13\Stinger STG-3Gb.mtf
Stinger,STG-4G,8123,541,541,20,IS,Rec Guides ilClan\Vol 13\Stinger STG-4G.mtf
Stinger,STG-5G,3062,614,523,20,IS,Rec Guides ilClan\Vol 13\Stinger STG-5G.mtf
Stinger,STG-5M,3063,432,418,20,IS,Rec Guides ilClan\Vol 13\Stinger STG-5M.mtf
Stinger,STG-6G,8125,503,504,20,IS,Rec Guides ilClan\Vol 13\Stinger STG-6G.mtf
Stinger,STG-6M,8126,503,473,20,IS,Rec Guides ilClan\Vol 13\Stinger STG-6M.mtf
Stinger,STG-6R,8124,454,474,20,IS,Rec Guides ilClan\Vol 13\Stinger STG-6R.mtf
Supernova,5,8132,3075,2921,90,Clan,Rec Guides ilClan\Vol 13\Supernova 5.mtf
Black Hawk,G,8165,1822,1648,50,Clan,Rec Guides ilClan\Vol 14\Black Hawk (Nova) G.mtf
Black Hawk,I,6909,2224,2224,50,Clan,Rec Guides ilClan\Vol 14\Black Hawk (Nova) I.mtf
Black Hawk,J,8166,2295,1487,50,Clan,Rec Guides ilClan\Vol 14\Black Hawk (Nova) J.mtf
Black Hawk,K,8167,1932,1936,50,Clan,Rec Guides ilClan\Vol 14\Black Hawk (Nova) K.mtf
Black Hawk,L,8168,2177,2103,50,Clan,Rec Guides ilClan\Vol 14\Black Hawk (Nova) L.mtf
Black Hawk,R,8169,1597,1119,50,Mixed,Rec Guides ilClan\Vol 14\Black Hawk (Nova) R.mtf
Black Hawk,T,8164,1579,762,50,Clan,Rec Guides ilClan\Vol 14\Black Hawk (Nova) T.mtf
Exterminator,EXT-7X,8161,1674,1374,65,IS,Rec Guides ilClan\Vol 14\Exterminator EXT-7X.mtf
Griffin IIC,2,1311,1516,1513,40,Clan,Rec Guides ilClan\Vol 14\Griffin IIC 2.mtf
Griffin IIC,9,8159,1106,1060,40,Mixed,Rec Guides ilClan\Vol 14\Griffin IIC 9.mtf
Griffin IIC,,1310,1608,1582,40,Clan,Rec Guides ilClan\Vol 14\Griffin IIC.mtf
Lightning,LHN-C5,8170,2024,1314,70,IS,Rec Guides ilClan\Vol 14\Lightning LHN-C5.mtf
Ostsol,C,8163,2277,2277,60,Clan,Rec Guides ilClan\Vol 14\Ostsol C.mtf
Ostsol,OTL-5M,2374,1245,1231,60,IS,Rec Guides ilClan\Vol 14\Ostsol OTL-5M.mtf
Ostsol,OTL-8E,8172,1552,1552,60,IS,Rec Guides ilClan\Vol 14\Ostsol OTL-8E.mtf
Ostsol,OTL-8E3,8162,1671,1593,60,IS,Rec Guides ilClan\Vol 14\Ostsol OTL-8E3.mtf
Ostsol,OTL-8F,8173,1698,1698,60,IS,Rec Guides ilClan\Vol 14\Ostsol OTL-8F.mtf
Sentinel,STN-6S,8160,1089,1054,40,Mixed,Rec Guides ilClan\Vol 14\Sentinel STN-6S.mtf
Thug,THG-13U,8171,2545,2261,80,IS,Rec Guides ilClan\Vol 14\Thug THG-13U.mtf
Black Lanner,F,8185,2154,2152,55,Clan,Rec Guides ilClan\Vol 15\Black Lanner F.mtf
Black Lanner,G,8186,1929,1311,55,Clan,Rec Guides ilClan\Vol 15\Black Lanner G.mtf
Black Lanner,I,8187,1803,1623,55,Mixed,Rec Guides ilClan\Vol 15\Black Lanner I.mtf
Black Lanner,J,8188,2022,1695,55,Clan,Rec Guides ilClan\Vol 15\Black Lanner J.mtf
Black Lanner,T,8184,2040,1919,55,Clan,Rec Guides ilClan\Vol 15\Black Lanner T.mtf
Black Lanner,X,370,1672,1676,55,Clan,Rec Guides ilClan\Vol 15\Black Lanner X.mtf
Fire Falcon,F,1068,1135,1140,25,Clan,Rec Guides ilClan\Vol 15\Fire Falcon F.mtf
Fire Falcon,G,8180,1269,1090,25,Clan,Rec Guides ilClan\Vol 15\Fire Falcon G.mtf
Fire Falcon,I,8181,1678,1638,25,Clan,Rec Guides ilClan\Vol 15\Fire Falcon I.mtf
Fire Falcon,L,8182,1665,1665,25,Clan,Rec Guides ilClan\Vol 15\Fire Falcon L.mtf
Fire Falcon,R,8183,846,655,25,Mixed,Rec Guides ilClan\Vol 15\Fire Falcon R.mtf
Fire Falcon,T,8179,1661,1632,25,Clan,Rec Guides ilClan\Vol 15\Fire Falcon T.mtf
Phoenix Hawk IIC,10,8197,2762,2720,80,Mixed,Rec Guides ilClan\Vol 15\Phoenix Hawk IIC 10.mtf
Phoenix Hawk IIC,2,2512,2892,2512,80,Clan,Rec Guides ilClan\Vol 15\Phoenix Hawk IIC 2.mtf
Phoenix Hawk IIC,9,8196,2469,2279,80,Clan,Rec Guides ilClan\Vol 15\Phoenix Hawk IIC 9.mtf
Phoenix Hawk IIC,,2511,2057,2058,80,Clan,Rec Guides ilClan\Vol 15\Phoenix Hawk IIC.mtf
Rawhide,RWD-R1,8189,1939,1817,55,IS,Rec Guides ilClan\Vol 15\Rawhide RWD-R1.mtf
Thunderbolt,C 2,8195,2170,2139,65,Clan,Rec Guides ilClan\Vol 15\Thunderbolt C 2.mtf
Thunderbolt,C,3231,1671,1671,65,Mixed,Rec Guides ilClan\Vol 15\Thunderbolt C.mtf
Thunderbolt,TDR-11S,8193,1570,1491,65,IS,Rec Guides ilClan\Vol 15\Thunderbolt TDR-11S.mtf
Thunderbolt,TDR-12R,8194,1975,1779,65,Mixed,Rec Guides ilClan\Vol 15\Thunderbolt TDR-12R.mtf
Thunderbolt,TDR-7M,3244,1495,1459,65,IS,Rec Guides ilClan\Vol 15\Thunderbolt TDR-7M.mtf
Thunderbolt,TDR-7S,8190,1582,1516,65,IS,Rec Guides ilClan\Vol 15\Thunderbolt TDR-7S.mtf
Thunderbolt,TDR-8M,8191,1644,1626,65,IS,Rec Guides ilClan\Vol 15\Thunderbolt TDR-8M.mtf
Thunderbolt,TDR-9S,3249,1494,1454,65,IS,Rec Guides ilClan\Vol 15\Thunderbolt TDR-9S.mtf
Thunderbolt,TDR-9SE,3250,1439,1430,65,IS,Rec Guides ilClan\Vol 15\Thunderbolt TDR-9SE.mtf
Thunderbolt,TDR-9W,8192,1985,1929,65,Mixed,Rec Guides ilClan\Vol 15\Thunderbolt TDR-9W.mtf
Cauldron-Born,E,494,2391,2391,65,Clan,Rec Guides ilClan\Vol 16\Cauldron-Born (Ebon Jaguar) E.mtf
Cauldron-Born,F,8210,2681,2681,65,Clan,Rec Guides ilClan\Vol 16\Cauldron-Born (Ebon Jaguar) F.mtf
Cauldron-Born,G,8211,2849,3765,65,Clan,Rec Guides ilClan\Vol 16\Cauldron-Born (Ebon Jaguar) G.mtf
Cauldron-Born,T,8209,2219,1862,65,Mixed,Rec Guides ilClan\Vol 16\Cauldron-Born (Ebon Jaguar) T.mtf
Cauldron-Born,X,498,2435,1772,65,Clan,Rec Guides ilClan\Vol 16\Cauldron-Born (Ebon Jaguar) X.mtf
Locust,C,7601,672,672,20,Mixed,Rec Guides ilClan\Vol 16\Locust C.mtf
Locust IIC,10,8203,1248,1248,25,Clan,Rec Guides ilClan\Vol 16\Locust IIC 10.mtf
Locust IIC,2,1915,937,935,25,Clan,Rec Guides ilClan\Vol 16\Locust IIC 2.mtf
Locust IIC,3,1916,980,980,25,Clan,Rec Guides ilClan\Vol 16\Locust IIC 3.mtf
Locust IIC,,1914,1100,1100,25,Clan,Rec Guides ilClan\Vol 16\Locust IIC.mtf
Locust,LCT-1Vb,1903,642,642,20,IS,Rec Guides ilClan\Vol 16\Locust LCT-1Vb.mtf
Locust,LCT-3D,1904,436,446,20,IS,Rec Guides ilClan\Vol 16\Locust LCT-3D.mtf
Locust,LCT-3M,1905,522,496,20,IS,Rec Guides ilClan\Vol 16\Locust LCT-3M.mtf
Locust,LCT-3S,1906,483,472,20,IS,Rec Guides ilClan\Vol 16\Locust LCT-3S.mtf
Locust,LCT-5S,8199,509,499,20,IS,Rec Guides ilClan\Vol 16\Locust LCT-5S.mtf
Locust,LCT-7S,8200,706,696,20,Mixed,Rec Guides ilClan\Vol 16\Locust LCT-7S.mtf
Locust,LCT-7V,8201,585,655,20,IS,Rec Guides ilClan\Vol 16\Locust LCT-7V.mtf
Locust,LCT-7V2,8202,634,634,20,IS,Rec Guides ilClan\Vol 16\Locust LCT-7V2.mtf
Stormwolf,A,8205,2655,2395,50,Mixed,Rec Guides ilClan\Vol 16\Stormwolf A.mtf
Stormwolf,B,8206,3286,3117,50,Clan,Rec Guides ilClan\Vol 16\Stormwolf B.mtf
Stormwolf,C,8207,3261,3153,50,Clan,Rec Guides ilClan\Vol 16\Stormwolf C.mtf
Stormwolf,D,8208,3122,3017,50,Clan,Rec Guides ilClan\Vol 16\Stormwolf D.mtf
Stormwolf,Prime,8204,2788,2699,50,Clan,Rec Guides ilClan\Vol 16\Stormwolf Prime.mtf
Turkina,E,3330,3147,3163,95,Clan,Rec Guides ilClan\Vol 16\Turkina E.mtf
Turkina,M,8213,2495,2442,95,Clan,Rec Guides ilClan\Vol 16\Turkina M.mtf
Turkina,T,8212,3080,2256,95,Clan,Rec Guides ilClan\Vol 16\Turkina T.mtf
Turkina,X,3334,3056,2788,95,Clan,Rec Guides ilClan\Vol 16\Turkina X.mtf
Amarok,2,8240,3351,2786,100,Clan,Rec Guides ilClan\Vol 17\Amarok 2.mtf
Amarok,3,8241,2675,2656,100,Mixed,Rec Guides ilClan\Vol 17\Amarok 3.mtf
Amarok,,8239,3185,3347,100,Clan,Rec Guides ilClan\Vol 17\Amarok.mtf
Banshee,BNC-12S,8246,2562,2553,95,Mixed,Rec Guides ilClan\Vol 17\Banshee BNC-12S.mtf
Crossbow,E,737,1558,1558,65,Clan,Rec Guides ilClan\Vol 17\Crossbow E.mtf
Crossbow,F,8236,1854,1854,65,Clan,Rec Guides ilClan\Vol 17\Crossbow F.mtf
Crossbow,G,8237,1725,958,65,Clan,Rec Guides ilClan\Vol 17\Crossbow G.mtf
Crossbow,J,8245,1839,1899,65,Clan,Rec Guides ilClan\Vol 17\Crossbow J.mtf
Crossbow,T,8235,1729,1967,65,Clan,Rec Guides ilClan\Vol 17\Crossbow T.mtf
Crossbow,W,8238,2051,2012,65,Clan,Rec Guides ilClan\Vol 17\Crossbow W.mtf
Crusader,CRD-3R (Crael),753,1204,1175,65,IS,Rec Guides ilClan\Vol 17\Crusader CRD-3R (Crael).mtf
Crusader,CRD-4BR,754,1407,1389,65,IS,Rec Guides ilClan\Vol 17\Crusader CRD-4BR.mtf
Crusader,CRD-4D,755,1309,1309,65,IS,Rec Guides ilClan\Vol 17\Crusader CRD-4D.mtf
Crusader,CRD-4K,756,1268,1268,65,IS,Rec Guides ilClan\Vol 17\Crusader CRD-4K.mtf
Crusader,CRD-5M,759,1408,1440,65,IS,Rec Guides ilClan\Vol 17\Crusader CRD-5M.mtf
Crusader,CRD-5S,760,1446,1437,65,IS,Rec Guides ilClan\Vol 17\Crusader CRD-5S.mtf
Crusader,CRD-6D,8224,1498,1527,65,IS,Rec Guides ilClan\Vol 17\Crusader CRD-6D.mtf
Crusader,CRD-6T,8225,1890,1890,65,IS,Rec Guides ilClan\Vol 17\Crusader CRD-6T.mtf
Crusader,CRD-7D,8226,1681,1238,65,IS,Rec Guides ilClan\Vol 17\Crusader CRD-7D.mtf
Crusader,CRD-7M,8227,1502,1435,65,IS,Rec Guides ilClan\Vol 17\Crusader CRD-7M.mtf
Crusader,CRD-7M2,8228,1434,1367,65,IS,Rec Guides ilClan\Vol 17\Crusader CRD-7M2.mtf
Crusader,CRD-8R,8231,1600,1555,65,IS,Rec Guides ilClan\Vol 17\Crusader CRD-8R.mtf
Crusader,CRD-9BR,8232,1653,1492,65,IS,Rec Guides ilClan\Vol 17\Crusader CRD-9BR.mtf
Crusader,CRD-9R,8233,1612,1573,65,IS,Rec Guides ilClan\Vol 17\Crusader CRD-9R.mtf
Kraken,2,1842,2502,2502,100,Clan,Rec Guides ilClan\Vol 17\Kraken (Bane) 2.mtf
Kraken,3,1843,2941,2668,100,Clan,Rec Guides ilClan\Vol 17\Kraken (Bane) 3.mtf
Kraken,5,8242,2554,2532,100,Clan,Rec Guides ilClan\Vol 17\Kraken (Bane) 5.mtf
Kraken,6,8243,2339,1890,100,Clan,Rec Guides ilClan\Vol 17\Kraken (Bane) 6.mtf
Kraken,7,8244,3740,3740,100,Clan,Rec Guides ilClan\Vol 17\Kraken (Bane) 7.mtf
Kraken,,1841,1950,1946,100,Clan,Rec Guides ilClan\Vol 17\Kraken (Bane).mtf
Panther,PNT-14R,8222,1291,1277,35,Mixed,Rec Guides ilClan\Vol 17\Panther PNT-14R.mtf
Wolfhound,WLF-6S,8223,1266,906,35,IS,Rec Guides ilClan\Vol 17\Wolfhound WLF-6S.mtf
Enforcer,ENF-5R,8249,1192,954,50,IS,Rec Guides ilClan\Vol 18\Enforcer ENF-5R.mtf
Eris,ERS-2H,9328,1674,1664,50,IS,Rec Guides ilClan\Vol 18\Eris ERS-2H.mtf
Eris,ERS-2N,8251,1400,1264,50,IS,Rec Guides ilClan\Vol 18\Eris ERS-2N.mtf
Eris,ERS-3R,8252,1868,1674,50,IS,Rec Guides ilClan\Vol 18\Eris ERS-3R.mtf
Jenner IIC,2,1699,1406,1386,35,Clan,Rec Guides ilClan\Vol 18\Jenner IIC 2.mtf
Jenner IIC,3,1700,788,788,35,Clan,Rec Guides ilClan\Vol 18\Jenner IIC 3.mtf
Jenner IIC,5,8248,1440,1437,35,Clan,Rec Guides ilClan\Vol 18\Jenner IIC 5.mtf
Jenner IIC,,1698,1047,1039,35,Clan,Rec Guides ilClan\Vol 18\Jenner IIC.mtf
Jenner,JR7-N,8247,1233,1222,35,IS,Rec Guides ilClan\Vol 18\Jenner JR7-N.mtf
Kingfisher,F,1784,2568,2568,90,Clan,Rec Guides ilClan\Vol 18\Kingfisher F.mtf
Kingfisher,G,8261,2319,2237,90,Clan,Rec Guides ilClan\Vol 18\Kingfisher G.mtf
Kingfisher,I,8262,2348,2348,90,Clan,Rec Guides ilClan\Vol 18\Kingfisher I.mtf
Kingfisher,T,8260,2637,2427,90,Clan,Rec Guides ilClan\Vol 18\Kingfisher T.mtf
Kingfisher,X,1787,2761,2498,90,Clan,Rec Guides ilClan\Vol 18\Kingfisher X.mtf
Victor,VTR-12D,8259,1935,1655,80,IS,Rec Guides ilClan\Vol 18\Victor VTR-12D.mtf
Wolverine,WVR-10D,8255,1925,2071,55,IS,Rec Guides ilClan\Vol 18\Wolverine WVR-10D.mtf
Wolverine,WVR-10R,8256,1791,1780,55,IS,Rec Guides ilClan\Vol 18\Wolverine WVR-10R.mtf
Wolverine,WVR-10V2,8257,1747,1756,55,IS,Rec Guides ilClan\Vol 18\Wolverine WVR-10V2.mtf
Wolverine,WVR-11M,8258,1778,1839,55,IS,Rec Guides ilClan\Vol 18\Wolverine WVR-11M.mtf
Wolverine,WVR-7D,3574,1314,1377,55,IS,Rec Guides ilClan\Vol 18\Wolverine WVR-7D.mtf
Wolverine,WVR-7K,3575,1331,1331,55,IS,Rec Guides ilClan\Vol 18\Wolverine WVR-7K.mtf
Wolverine,WVR-7M,3576,1673,1742,55,IS,Rec Guides ilClan\Vol 18\Wolverine WVR-7M.mtf
Wolverine,WVR-7M2,8253,1752,1826,55,IS,Rec Guides ilClan\Vol 18\Wolverine WVR-7M2.mtf
Wolverine,WVR-9R,8254,1481,1510,55,IS,Rec Guides ilClan\Vol 18\Wolverine WVR-9R.mtf
Cougar,E,708,1442,1442,35,Clan,Rec Guides ilClan\Vol 19\Cougar E.mtf
Cougar,F,709,1401,1376,35,Clan,Rec Guides ilClan\Vol 19\Cougar F.mtf
Cougar,G,710,1453,1443,35,Clan,Rec Guides ilClan\Vol 19\Cougar G.mtf
Cougar,H,711,1323,1321,35,Clan,Rec Guides ilClan\Vol 19\Cougar H.mtf
Cougar,I,6928,1738,1789,35,Clan,Rec Guides ilClan\Vol 19\Cougar I.mtf
Cougar,T,8325,1748,640,35,Clan,Rec Guides ilClan\Vol 19\Cougar T.mtf
Iron Cheetah,A,8320,2708,2681,100,Clan,Rec Guides ilClan\Vol 19\Iron Cheetah A.mtf
Iron Cheetah,B,8321,3303,3303,100,Clan,Rec Guides ilClan\Vol 19\Iron Cheetah B.mtf
Iron Cheetah,C,8322,2915,2891,100,Clan,Rec Guides ilClan\Vol 19\Iron Cheetah C.mtf
Iron Cheetah,D,8323,2871,2779,100,Clan,Rec Guides ilClan\Vol 19\Iron Cheetah D.mtf
Iron Cheetah,L,8324,3416,4247,100,Clan,Rec Guides ilClan\Vol 19\Iron Cheetah L.mtf
Iron Cheetah,Prime,8319,3155,3070,100,Clan,Rec Guides ilClan\Vol 19\Iron Cheetah Prime.mtf
Mercury,MCY-105,8305,795,795,20,IS,Rec Guides ilClan\Vol 19\Mercury MCY-105.mtf
Orion,C 2,8317,2026,1783,75,Mixed,Rec Guides ilClan\Vol 19\Orion C 2.mtf
Rime Otter,A,8310,2358,2320,55,Clan,Rec Guides ilClan\Vol 19\Rime Otter A.mtf
Rime Otter,B,8311,1961,1884,55,Clan,Rec Guides ilClan\Vol 19\Rime Otter B.mtf
Rime Otter,C,8312,2718,2579,55,Mixed,Rec Guides ilClan\Vol 19\Rime Otter C.mtf
Rime Otter,D,8313,1998,2062,55,Clan,Rec Guides ilClan\Vol 19\Rime Otter D.mtf
Rime Otter,Prime,8309,2169,2222,55,Clan,Rec Guides ilClan\Vol 19\Rime Otter Prime.mtf
Scorpion,C,8316,2331,2046,55,Mixed,Rec Guides ilClan\Vol 19\Scorpion C.mtf
Scorpion,SCP-1BR,8314,1473,1450,55,IS,Rec Guides ilClan\Vol 19\Scorpion SCP-1BR.mtf
Scorpion,SCP-1O,2839,1098,1083,55,IS,Rec Guides ilClan\Vol 19\Scorpion SCP-1O.mtf
Scorpion,SCP-1TB,2840,1185,1173,55,IS,Rec Guides ilClan\Vol 19\Scorpion SCP-1TB.mtf
Scorpion,SCP-2N,8315,1562,1409,55,IS,Rec Guides ilClan\Vol 19\Scorpion SCP-2N.mtf
Spider,SDR-9M,8306,687,414,30,IS,Rec Guides ilClan\Vol 19\Spider SDR-9M.mtf
Commando,COM-9S,7439,719,771,25,IS,Rec Guides ilClan\Vol 1\Commando COM-9S.mtf
Dominator,2,7435,2906,2772,65,Clan,Rec Guides ilClan\Vol 1\Dominator 2.mtf
Dominator,,7434,3018,3156,65,Clan,Rec Guides ilClan\Vol 1\Dominator.mtf
Goliath,C,7438,2222,2187,80,Mixed,Rec Guides ilClan\Vol 1\Goliath C.mtf
Grasshopper,GHR-8K,7450,1754,1745,70,IS,Rec Guides ilClan\Vol 1\Grasshopper GHR-8K.mtf
Griffin,C,7437,2131,1660,55,Mixed,Rec Guides ilClan\Vol 1\Griffin C.mtf
Griffin,GRF-1RG,9402,1167,1142,55,IS,Rec Guides ilClan\Vol 1\Griffin GRF-1RG.mtf
Griffin,GRF-3N,7436,1560,1275,55,IS,Rec Guides ilClan\Vol 1\Griffin GRF-3N.mtf
Griffin,GRF-3RG,9401,1213,1204,55,IS,Rec Guides ilClan\Vol 1\Griffin GRF-3RG.mtf
Griffin,GRF-6R,9403,1515,1476,55,IS,Rec Guides ilClan\Vol 1\Griffin GRF-6R.mtf
Loki,J,7442,2415,2396,65,Clan,Rec Guides ilClan\Vol 1\Loki (Hellbringer) J.mtf
Loki,T,7441,2444,2416,65,Clan,Rec Guides ilClan\Vol 1\Loki (Hellbringer) T.mtf
Pack Hunter,5,7440,1644,1644,30,Mixed,Rec Guides ilClan\Vol 1\Pack Hunter 5.mtf
Hellion,D,5657,1761,1670,30,Clan,Rec Guides ilClan\Vol 20\Hellion D.mtf
Hellion,E,5658,1292,1292,30,Clan,Rec Guides ilClan\Vol 20\Hellion E.mtf
Hellion,F,5659,1594,1556,30,Clan,Rec Guides ilClan\Vol 20\Hellion F.mtf
Hellion,P,8327,1685,1589,30,Clan,Rec Guides ilClan\Vol 20\Hellion P.mtf
Hellion,T,8326,1637,1815,30,Clan,Rec Guides ilClan\Vol 20\Hellion T.mtf
Longbow,LGB-0H,8330,1813,1813,85,IS,Rec Guides ilClan\Vol 20\Longbow LGB-0H.mtf
Longbow,LGB-0W2,8331,1410,1410,85,IS,Rec Guides ilClan\Vol 20\Longbow LGB-0W2.mtf
Longbow,LGB-10C,8333,1898,1835,85,IS,Rec Guides ilClan\Vol 20\Longbow LGB-10C.mtf
Longbow,LGB-10K,8334,1791,1950,85,IS,Rec Guides ilClan\Vol 20\Longbow LGB-10K.mtf
Longbow,LGB-14Q,8347,1828,1774,85,IS,Rec Guides ilClan\Vol 20\Longbow LGB-14Q.mtf
Longbow,LGB-14V,8336,1763,1672,85,IS,Rec Guides ilClan\Vol 20\Longbow LGB-14V.mtf
Longbow,LGB-8C,8332,1653,1652,85,IS,Rec Guides ilClan\Vol 20\Longbow LGB-8C.mtf
Masakari,F,5491,2775,2715,85,Clan,Rec Guides ilClan\Vol 20\Masakari (Warhawk) F.mtf
Masakari,G,8338,2909,2800,85,Clan,Rec Guides ilClan\Vol 20\Masakari (Warhawk) G.mtf
Masakari,I,8339,3026,3018,85,Clan,Rec Guides ilClan\Vol 20\Masakari (Warhawk) I.mtf
Masakari,L,8340,3695,3207,85,Clan,Rec Guides ilClan\Vol 20\Masakari (Warhawk) L.mtf
Masakari,T,8337,2938,2796,85,Mixed,Rec Guides ilClan\Vol 20\Masakari (Warhawk) T.mtf
Mastodon,A,8343,2856,2814,95,Clan,Rec Guides ilClan\Vol 20\Mastodon A.mtf
Mastodon,B,8344,2793,2268,95,Clan,Rec Guides ilClan\Vol 20\Mastodon B.mtf
Mastodon,C,8345,3092,3026,95,Clan,Rec Guides ilClan\Vol 20\Mastodon C.mtf
Mastodon,D,8346,2961,2685,95,Clan,Rec Guides ilClan\Vol 20\Mastodon D.mtf
Mastodon,Prime,8342,3109,2246,95,Clan,Rec Guides ilClan\Vol 20\Mastodon Prime.mtf
Shadow Hawk IIC,10,8328,1760,1760,45,Clan,Rec Guides ilClan\Vol 20\Shadow Hawk IIC 10.mtf
Shadow Hawk IIC,11,8329,1692,1692,45,Clan,Rec Guides ilClan\Vol 20\Shadow Hawk IIC 11.mtf
Shadow Hawk IIC,2,2912,1763,1763,45,Clan,Rec Guides ilClan\Vol 20\Shadow Hawk IIC 2.mtf
Shadow Hawk IIC,,2911,1732,1728,45,Clan,Rec Guides ilClan\Vol 20\Shadow Hawk IIC.mtf
Cyclops,C,8357,2252,2149,90,Clan,Rec Guides ilClan\Vol 21\Cyclops C.mtf
Hankyu,E,1382,1084,1082,30,Clan,Rec Guides ilClan\Vol 21\Hankyu (Arctic Cheetah) E.mtf
Hankyu,F,6940,1394,973,30,Clan,Rec Guides ilClan\Vol 21\Hankyu (Arctic Cheetah) F.mtf
Hankyu,I,8350,1299,1251,30,Clan,Rec Guides ilClan\Vol 21\Hankyu (Arctic Cheetah) I.mtf
Hankyu,J,8351,1179,1092,30,Clan,Rec Guides ilClan\Vol 21\Hankyu (Arctic Cheetah) J.mtf
Hankyu,T,8349,1429,982,30,Clan,Rec Guides ilClan\Vol 21\Hankyu (Arctic Cheetah) T.mtf
Hunchback,C,8353,1893,1851,50,Clan,Rec Guides ilClan\Vol 21\Hunchback C.mtf
Kodiak,6,8364,2922,2743,100,Clan,Rec Guides ilClan\Vol 21\Kodiak 6.mtf
Kontio,,8352,1912,1718,40,Mixed,Rec Guides ilClan\Vol 21\Kontio.mtf
Ostroc,OSR-2D,2351,1396,1396,60,IS,Rec Guides ilClan\Vol 21\Ostroc OSR-2D.mtf
Ostroc,OSR-3M,8354,1594,1651,60,IS,Rec Guides ilClan\Vol 21\Ostroc OSR-3M.mtf
Ostroc,OSR-6R,8355,2095,2085,60,Mixed,Rec Guides ilClan\Vol 21\Ostroc OSR-6R.mtf
Ostroc,OSR-9C,8356,1230,1230,60,IS,Rec Guides ilClan\Vol 21\Ostroc OSR-9C.mtf
Regent,A,8360,3412,2909,90,Clan,Rec Guides ilClan\Vol 21\Regent A.mtf
Regent,B,8361,2744,2737,90,Clan,Rec Guides ilClan\Vol 21\Regent B.mtf
Regent,C,8362,2561,2032,90,Mixed,Rec Guides ilClan\Vol 21\Regent C.mtf
Regent,D,8363,2116,2018,90,Clan,Rec Guides ilClan\Vol 21\Regent D.mtf
Regent,Prime,8359,2437,2374,90,Clan,Rec Guides ilClan\Vol 21\Regent Prime.mtf
Battle Cobra,F,271,1507,1505,40,Clan,Rec Guides ilClan\Vol 22\Battle Cobra F.mtf
Battle Cobra,G,8390,1593,1467,40,Clan,Rec Guides ilClan\Vol 22\Battle Cobra G.mtf
Battle Cobra,I,8391,1385,1210,40,Clan,Rec Guides ilClan\Vol 22\Battle Cobra I.mtf
Battle Cobra,J,8392,1272,924,40,Clan,Rec Guides ilClan\Vol 22\Battle Cobra J.mtf
Battle Cobra,T,8389,1666,1666,40,Clan,Rec Guides ilClan\Vol 22\Battle Cobra T.mtf
Battle Cobra,X,274,1492,1492,40,Clan,Rec Guides ilClan\Vol 22\Battle Cobra X.mtf
Doom Courser,A,8394,2139,2124,70,Clan,Rec Guides ilClan\Vol 22\Doom Courser A.mtf
Doom Courser,B,8395,2091,1953,70,Clan,Rec Guides ilClan\Vol 22\Doom Courser B.mtf
Doom Courser,C,8396,2147,1921,70,Clan,Rec Guides ilClan\Vol 22\Doom Courser C.mtf
Doom Courser,D,8397,2453,2439,70,Clan,Rec Guides ilClan\Vol 22\Doom Courser D.mtf
Doom Courser,Prime,8393,2283,2208,70,Clan,Rec Guides ilClan\Vol 22\Doom Courser Prime.mtf
Goliath,GOL-3M,1232,1537,1574,80,IS,Rec Guides ilClan\Vol 22\Goliath GOL-3M.mtf
Goliath,GOL-3M2,8405,1631,1651,80,IS,Rec Guides ilClan\Vol 22\Goliath GOL-3M2.mtf
Goliath,GOL-7C,8406,1790,1725,80,IS,Rec Guides ilClan\Vol 22\Goliath GOL-7C.mtf
Goliath,GOL-7K,8407,1894,1739,80,IS,Rec Guides ilClan\Vol 22\Goliath GOL-7K.mtf
Goliath,GOL-7R,8408,1888,1859,80,IS,Rec Guides ilClan\Vol 22\Goliath GOL-7R.mtf
Jade Phoenix,A,8294,2739,2444,85,Clan,Rec Guides ilClan\Vol 22\Jade Phoenix A.mtf
Jade Phoenix,B,8295,2998,2749,85,Clan,Rec Guides ilClan\Vol 22\Jade Phoenix B.mtf
Jade Phoenix,C,8401,2854,2565,85,Clan,Rec Guides ilClan\Vol 22\Jade Phoenix C.mtf
Jade Phoenix,D,8402,2986,2986,85,Clan,Rec Guides ilClan\Vol 22\Jade Phoenix D.mtf
Jade Phoenix,E,8403,2734,2624,85,Mixed,Rec Guides ilClan\Vol 22\Jade Phoenix E.mtf
Jade Phoenix,Prime,8293,3277,3004,85,Clan,Rec Guides ilClan\Vol 22\Jade Phoenix Prime.mtf
Night Gyr,F,2268,2958,2958,75,Clan,Rec Guides ilClan\Vol 22\Night Gyr F.mtf
Night Gyr,G,8399,3069,2699,75,Clan,Rec Guides ilClan\Vol 22\Night Gyr G.mtf
Night Gyr,T,8398,2767,2806,75,Clan,Rec Guides ilClan\Vol 22\Night Gyr T.mtf
Night Gyr,X,8400,2781,2277,75,Clan,Rec Guides ilClan\Vol 22\Night Gyr X.mtf
Fujin,RJN-301-F,8414,1770,1776,50,IS,Rec Guides ilClan\Vol 23\Fujin RJN-301-F.mtf
Grand Crusader,GRN-D-01-X,8430,1895,1828,80,IS,Rec Guides ilClan\Vol 23\Grand Crusader GRN-D-01-X.mtf
Grand Crusader,GRN-D-02-B,8423,1937,1884,80,IS,Rec Guides ilClan\Vol 23\Grand Crusader GRN-D-02-B.mtf
Guillotine,GLT-7M,8420,1877,1759,70,IS,Rec Guides ilClan\Vol 23\Guillotine GLT-7M.mtf
Katana (Crockett),CRK-5006-1,8428,2363,2271,85,IS,Rec Guides ilClan\Vol 23\Katana (Crockett) CRK-5006-1.mtf
Lancelot,LNC25-09,8417,2099,1982,60,Mixed,Rec Guides ilClan\Vol 23\Lancelot LNC25-09.mtf
Nexus,NXS1-C,8412,804,647,25,IS,Rec Guides ilClan\Vol 23\Nexus NXS1-C.mtf
Nova Cat,M,8422,2024,1885,70,Clan,Rec Guides ilClan\Vol 23\Nova Cat M.mtf
Nova Cat,T,8421,2855,2855,70,Clan,Rec Guides ilClan\Vol 23\Nova Cat T.mtf
Raijin,RJN-101-B,8429,1383,1383,50,IS,Rec Guides ilClan\Vol 23\Raijin RJN 101-B.mtf
Raijin,RJN-101-C,2627,1389,1389,50,IS,Rec Guides ilClan\Vol 23\Raijin RJN 101-C.mtf
Raijin,RJN-101-X,8415,1302,1366,50,IS,Rec Guides ilClan\Vol 23\Raijin RJN 101-X.mtf
Raijin,RJN-301-B,8416,1365,1346,50,IS,Rec Guides ilClan\Vol 23\Raijin RJN 301-B.mtf
Rifleman IIC,10,8419,1587,1050,65,Clan,Rec Guides ilClan\Vol 23\Rifleman IIC 10.mtf
Rifleman IIC,9,8418,2794,2794,65,Clan,Rec Guides ilClan\Vol 23\Rifleman IIC 9.mtf
Star Crusader,A,8426,2904,2818,80,Clan,Rec Guides ilClan\Vol 23\Star Crusader A.mtf
Star Crusader,B,8427,2565,2565,80,Clan,Rec Guides ilClan\Vol 23\Star Crusader B.mtf
Star Crusader,Prime,8425,3325,2229,80,Clan,Rec Guides ilClan\Vol 23\Star Crusader Prime.mtf
Star Python,,8413,1234,1203,25,Clan,Rec Guides ilClan\Vol 23\Star Python.mtf
Ryoken III,A,8449,3500,2692,55,Clan,Rec Guides ilClan\Vol 24\(Ryoken III) Skinwalker A.mtf
Ryoken III,B,8450,2851,2023,55,Clan,Rec Guides ilClan\Vol 24\(Ryoken III) Skinwalker B.mtf
Ryoken III,C,8451,3175,2267,55,Mixed,Rec Guides ilClan\Vol 24\(Ryoken III) Skinwalker C.mtf
Ryoken III,D,8452,2545,1958,55,Clan,Rec Guides ilClan\Vol 24\(Ryoken III) Skinwalker D.mtf
Ryoken III,E,8453,3102,2435,55,Clan,Rec Guides ilClan\Vol 24\(Ryoken III) Skinwalker E.mtf
Ryoken III,F,8454,3704,2849,55,Clan,Rec Guides ilClan\Vol 24\(Ryoken III) Skinwalker F.mtf
Ryoken III,Prime,8448,2809,2161,55,Clan,Rec Guides ilClan\Vol 24\(Ryoken III) Skinwalker Prime.mtf
Alpha Wolf,A,8441,3359,3303,90,Mixed,Rec Guides ilClan\Vol 24\Alpha Wolf A.mtf
Alpha Wolf,B,8442,2672,2625,90,Mixed,Rec Guides ilClan\Vol 24\Alpha Wolf B.mtf
Alpha Wolf,C,8443,2535,2298,90,Mixed,Rec Guides ilClan\Vol 24\Alpha Wolf C.mtf
Alpha Wolf,Prime,8440,2966,2788,90,Mixed,Rec Guides ilClan\Vol 24\Alpha Wolf Prime.mtf
Annihilator,ANH-5W,8386,2595,2595,100,Mixed,Rec Guides ilClan\Vol 24\Annihilator ANH-5W.mtf
Atlas,AS7-K-DC,3749,2158,2171,100,IS,Rec Guides ilClan\Vol 24\Atlas AS7-K-DC.mtf
Atlas,AS7-S3-DC,8437,2276,2238,100,IS,Rec Guides ilClan\Vol 24\Atlas AS7-S3-DC.mtf
Atlas,AS7-S3,5461,2378,2338,100,IS,Rec Guides ilClan\Vol 24\Atlas AS7-S3.mtf
Atlas,AS7-S4,8436,2568,2568,100,IS,Rec Guides ilClan\Vol 24\Atlas AS7-S4.mtf
Atlas,AS8-K,8435,2668,2581,100,IS,Rec Guides ilClan\Vol 24\Atlas AS8-K.mtf
Atlas,AS8-KE,8434,2658,2580,100,IS,Rec Guides ilClan\Vol 24\Atlas AS8-KE.mtf
Atlas,AS8-S,8433,2789,2091,100,Mixed,Rec Guides ilClan\Vol 24\Atlas AS8-S.mtf
Atlas,C 2,8431,2736,2672,100,Clan,Rec Guides ilClan\Vol 24\Atlas C 2.mtf
Atlas,C 3,8432,2606,2618,100,Clan,Rec Guides ilClan\Vol 24\Atlas C 3.mtf
Atlas,C,3750,2340,2165,100,Mixed,Rec Guides ilClan\Vol 24\Atlas C.mtf
Atlas II,AS7-DK-H,8459,2599,2552,100,Mixed,Rec Guides ilClan\Vol 24\Atlas II AS7-DK-H.mtf
Flashman,FLS-10E,8445,3349,3471,75,Mixed,Rec Guides ilClan\Vol 24\Flashman FLS-10E.mtf
Grand Dragon,DRG-12K,8446,2265,2189,60,Mixed,Rec Guides ilClan\Vol 24\Grand Dragon DRG-12K.mtf
Stalker,STK-9F,8444,2469,2676,85,Mixed,Rec Guides ilClan\Vol 24\Stalker STK-9F.mtf
Chameleon,CLN-8V,9267,1426,1417,50,IS,Rec Guides ilClan\Vol 25\Chameleon CLN-8V.mtf
Chameleon,CLN-9V,9268,1276,1267,50,IS,Rec Guides ilClan\Vol 25\Chameleon CLN-9V.mtf
Chameleon,TRC-4B,546,999,999,50,IS,Rec Guides ilClan\Vol 25\Chameleon TRC-4B.mtf
Chameleon,TRC-4C,9405,999,999,50,IS,Rec Guides ilClan\Vol 25\Chameleon TRC-4C.mtf
Pouncer,F,4850,1308,1112,40,Clan,Rec Guides ilClan\Vol 25\Pouncer F.mtf
Pouncer,G,9261,1808,1808,40,Clan,Rec Guides ilClan\Vol 25\Pouncer G.mtf
Pouncer,I,9263,1781,1072,40,Clan,Rec Guides ilClan\Vol 25\Pouncer I.mtf
Pouncer,T,9262,1573,1367,40,Mixed,Rec Guides ilClan\Vol 25\Pouncer T.mtf
Pouncer,W,9264,1751,1751,40,Clan,Rec Guides ilClan\Vol 25\Pouncer W.mtf
Pouncer,X,9265,1455,1367,40,Mixed,Rec Guides ilClan\Vol 25\Pouncer X.mtf
Vindicator,VND-7L,9266,1566,1557,45,Mixed,Rec Guides ilClan\Vol 25\Vindicator VND-7L.mtf
Wraith,TR5,9269,1581,1581,55,IS,Rec Guides ilClan\Vol 25\Wraith TR5.mtf
Caesar,CES-5R,9321,2192,2288,70,IS,Rec Guides ilClan\Vol 26\Caesar CES-5R.mtf
Flea,FLE-21,9313,823,779,20,IS,Rec Guides ilClan\Vol 26\Flea FLE-21.mtf
Hermes II,HER-7A,9314,1121,1092,40,Mixed,Rec Guides ilClan\Vol 26\Hermes II HER-7A.mtf
Merlin,C,9319,1870,1737,60,Clan,Rec Guides ilClan\Vol 26\Merlin C.mtf
Merlin,MLN-1D,9316,1370,1360,60,IS,Rec Guides ilClan\Vol 26\Merlin MLN-1D.mtf
Merlin,MLN-1E,9317,1369,1351,60,IS,Rec Guides ilClan\Vol 26\Merlin MLN-1E.mtf
Merlin,MLN-1P,9318,1181,860,60,IS,Rec Guides ilClan\Vol 26\Merlin MLN-1P.mtf
Naga II,A,9323,2160,2031,80,Clan,Rec Guides ilClan\Vol 26\Naga II A.mtf
Naga II,B,9324,2347,2096,80,Clan,Rec Guides ilClan\Vol 26\Naga II B.mtf
Naga II,C,9325,2177,2111,80,Clan,Rec Guides ilClan\Vol 26\Naga II C.mtf
Naga II,H,9326,2284,2210,80,Clan,Rec Guides ilClan\Vol 26\Naga II H.mtf
Naga II,Prime,9322,1840,1766,80,Clan,Rec Guides ilClan\Vol 26\Naga II Prime.mtf
Naga II,W,9327,2655,2212,80,Clan,Rec Guides ilClan\Vol 26\Naga II W.mtf
Quickdraw,QKD-9G,9320,2224,2106,60,Mixed,Rec Guides ilClan\Vol 26\Quickdraw QKD-9G.mtf
Starslayer,STY-4C,9315,2218,2152,50,Mixed,Rec Guides ilClan\Vol 26\Starslayer STY-4C.mtf
Gunslinger,GUN-3ERD,9354,2844,2844,85,Mixed,Rec Guides ilClan\Vol 27\Gunslinger GUN-3ERD.mtf
Nightsky,NGS-7S,9352,1591,1546,50,Mixed,Rec Guides ilClan\Vol 27\Nightsky NGS-7S.mtf
Penetrator,PTR-8D,9353,2130,1721,75,IS,Rec Guides ilClan\Vol 27\Penetrator PTR-8D.mtf
Phantom,F,4818,1375,1339,40,Clan,Rec Guides ilClan\Vol 27\Phantom F.mtf
Phantom,G,9346,975,856,40,Clan,Rec Guides ilClan\Vol 27\Phantom G.mtf
Phantom,I,9347,1713,1713,40,Clan,Rec Guides ilClan\Vol 27\Phantom I.mtf
Phantom,J,9348,1902,1902,40,Clan,Rec Guides ilClan\Vol 27\Phantom J.mtf
Phantom,K,9349,1387,1387,40,Clan,Rec Guides ilClan\Vol 27\Phantom K.mtf
Phantom,L,9350,1178,1132,40,Clan,Rec Guides ilClan\Vol 27\Phantom L.mtf
Phantom,R,9351,1365,1344,40,Mixed,Rec Guides ilClan\Vol 27\Phantom R.mtf
Phantom,T,9345,1138,858,40,Clan,Rec Guides ilClan\Vol 27\Phantom T.mtf
Cicada,CDA-4A,9376,1097,659,40,IS,Rec Guides ilClan\Vol 28\Cicada CDA-4A.mtf
Devastator,DVS-11,9377,3170,3188,100,Mixed,Rec Guides ilClan\Vol 28\Devastator DVS-11.mtf
Firestarter,FS9-N 'Mirage II',9374,1660,1601,35,Mixed,Rec Guides ilClan\Vol 28\Firestarter FS9-N 'Mirage II'.mtf
Spector,SPR-6F,9375,1476,1344,35,Mixed,Rec Guides ilClan\Vol 28\Spector SPR-6F.mtf
Assassin,ASN-109,9395,1158,1172,40,IS,Rec Guides ilClan\Vol 29\Assassin ASN-109.mtf
Charger,C,9397,2756,2716,80,Mixed,Rec Guides ilClan\Vol 29\Charger C.mtf
Dervish,DV-11DK,9396,1919,1543,55,Mixed,Rec Guides ilClan\Vol 29\Dervish DV-11DK.mtf
Firefly,FFL-5A,9394,996,934,30,IS,Rec Guides ilClan\Vol 29\Firefly FFL-5A.mtf
Sagittaire,SGT-14R,9398,2626,2450,95,Mixed,Rec Guides ilClan\Vol 29\Sagittaire SGT-14R.mtf
Behemoth,7,7448,2916,2916,100,Clan,Rec Guides ilClan\Vol 2\Behemoth (Stone Rhino) 7.mtf
Behemoth,8,7449,2804,2652,100,Clan,Rec Guides ilClan\Vol 2\Behemoth (Stone Rhino) 8.mtf
Behemoth,BHN-6H,8301,1703,1703,100,IS,Rec Guides ilClan\Vol 2\Behemoth BHN-6H.mtf
Bushwacker,BSW-X4,7454,1751,1699,55,IS,Rec Guides ilClan\Vol 2\Bushwacker BSW-X4.mtf
Grendel,G,7459,2209,2209,45,Clan,Rec Guides ilClan\Vol 2\Grendel (Mongrel) G.mtf
Grendel,I,7458,1675,1468,45,Mixed,Rec Guides ilClan\Vol 2\Grendel (Mongrel) I.mtf
Grendel,J,7460,1811,1709,45,Clan,Rec Guides ilClan\Vol 2\Grendel (Mongrel) J.mtf
Grendel,M,7457,1744,1746,45,Clan,Rec Guides ilClan\Vol 2\Grendel (Mongrel) M.mtf
Grendel,T,7456,1936,1936,45,Clan,Rec Guides ilClan\Vol 2\Grendel (Mongrel) T.mtf
Ostscout,OTT-12R,7452,1209,1209,35,Mixed,Rec Guides ilClan\Vol 2\Ostscout OTT-12R.mtf
Ostscout,OTT-8J,7451,894,873,35,IS,Rec Guides ilClan\Vol 2\Ostscout OTT-8J.mtf
Sojourner,A,7444,1911,1647,60,Clan,Rec Guides ilClan\Vol 2\Sojourner A.mtf
Sojourner,B,7445,2397,1273,60,Clan,Rec Guides ilClan\Vol 2\Sojourner B.mtf
Sojourner,C,7446,2235,1921,60,Clan,Rec Guides ilClan\Vol 2\Sojourner C.mtf
Sojourner,D,7447,2452,2231,60,Clan,Rec Guides ilClan\Vol 2\Sojourner D.mtf
Sojourner,Prime,7443,2491,2316,60,Clan,Rec Guides ilClan\Vol 2\Sojourner Prime.mtf
UrbanMech,UM-R96,7453,852,823,30,IS,Rec Guides ilClan\Vol 2\UrbanMech UM-R96.mtf
Zeus,ZEU-11S,7455,2280,2183,80,Mixed,Rec Guides ilClan\Vol 2\Zeus ZEU-11S.mtf
Grizzly,3,9432,2331,2199,70,Mixed,Rec Guides ilClan\Vol 30\Grizzly 3.mtf
Hellcat,,9409,1801,1881,50,Clan,Rec Guides ilClan\Vol 30\Hellcat (Hellhound II).mtf
Hellhound,6,9429,2223,2026,50,Clan,Rec Guides ilClan\Vol 30\Hellhound (Conjurer) 6.mtf
Hellhound II-P,,9430,1777,1777,50,Clan,Rec Guides ilClan\Vol 30\Hellhound II-P (Hellcat-P).mtf
Highlander IIC,4,9433,2958,2830,90,Clan,Rec Guides ilClan\Vol 30\Highlander IIC 4.mtf
Hoplite,HOP-5C,9431,1520,1391,55,Mixed,Rec Guides ilClan\Vol 30\Hoplite HOP-5C.mtf
Vulcan,VT-7T,9427,1499,1319,40,IS,Rec Guides ilClan\Vol 30\Vulcan VT-7T.mtf
Whitworth,WTH-2H,9428,1148,1101,40,IS,Rec Guides ilClan\Vol 30\Whitworth WTH-2H.mtf
Clint,CLNT-3-4T,9462,1157,1147,40,IS,Rec Guides ilClan\Vol 31\Clint CLNT-3 4T.mtf
Javelin,JVN-12N,9461,795,774,30,Mixed,Rec Guides ilClan\Vol 31\Javelin JVN-12N.mtf
Pillager,PLG-6Z,9464,2714,2319,100,Mixed,Rec Guides ilClan\Vol 31\Pillager_PLG-6Z.mtf
Shogun,C 3,9463,2935,2588,85,Clan,Rec Guides ilClan\Vol 31\Shogun_C_3.mtf
JagerMech,JM7-DD,9487,1690,1638,70,Mixed,Rec Guides ilClan\Vol 32\JagerMech_JM7-DD.mtf
Star Adder,E,403,3179,3179,90,Clan,Rec Guides ilClan\Vol 32\Star Adder (Blood Asp)_E.mtf
Star Adder,F,404,2908,2873,90,Clan,Rec Guides ilClan\Vol 32\Star Adder (Blood Asp)_F.mtf
Star Adder,G,405,3192,3863,90,Clan,Rec Guides ilClan\Vol 32\Star Adder (Blood Asp)_G.mtf
Star Adder,I,9485,2242,1248,90,Mixed,Rec Guides ilClan\Vol 32\Star Adder (Blood Asp)_I.mtf
Star Adder,T,9486,3069,2832,90,Mixed,Rec Guides ilClan\Vol 32\Star Adder (Blood Asp)_T.mtf
Viper,VP-1,9466,1609,1050,70,IS,Rec Guides ilClan\Vol 32\Viper_VP-1.mtf
Viper,VP-5,9488,1539,1539,70,IS,Rec Guides ilClan\Vol 32\Viper_VP-5.mtf
Viper,VP-7,9489,1864,1332,70,Mixed,Rec Guides ilClan\Vol 32\Viper_VP-7.mtf
Viper,VP-8,9490,2679,2676,70,Mixed,Rec Guides ilClan\Vol 32\Viper_VP-8.mtf
Viper,VP-9,9491,2244,1694,70,Mixed,Rec Guides ilClan\Vol 32\Viper_VP-9.mtf
Blood Reaper,3,9576,2837,2688,70,Clan,Rec Guides ilClan\Vol 33\Blood Reaper 3.mtf
Gyrfalcon,5,7694,2151,1902,55,Clan,Rec Guides ilClan\Vol 33\Gyrfalcon 5.mtf
Hatamoto-Chi,HTM-30T,9577,2196,2178,80,IS,Rec Guides ilClan\Vol 33\Hatamoto-Chi HTM-30T.mtf
Loki Mk II (Hel),C,9571,2214,2214,65,Clan,Rec Guides ilClan\Vol 33\Loki Mk II (Hel) C.mtf
Loki Mk II (Hel),D,9572,2370,2102,65,Clan,Rec Guides ilClan\Vol 33\Loki Mk II (Hel) D.mtf
Loki Mk II (Hel),E,9574,2443,2825,65,Clan,Rec Guides ilClan\Vol 33\Loki Mk II (Hel) E.mtf
Loki Mk II,F,9575,2512,2292,65,Clan,Rec Guides ilClan\Vol 33\Loki Mk II (Hel) F.mtf
Loki Mk II,T,9573,2077,2078,65,Clan,Rec Guides ilClan\Vol 33\Loki Mk II (Hel) T.mtf
Mauler,MAL-4R,9580,2050,1898,90,Mixed,Rec Guides ilClan\Vol 33\Mauler MAL-4R.mtf
Naga,T,9578,1885,2218,80,Clan,Rec Guides ilClan\Vol 33\Naga T.mtf
Spartan,SPT-N4,9579,2108,2069,80,Mixed,Rec Guides ilClan\Vol 33\Spartan SPT-N4.mtf
Thunder Hawk,TDK-7Z,9581,2419,2269,100,IS,Rec Guides ilClan\Vol 33\Thunder Hawk TDK-7Z.mtf
BattleMaster,BLR-3M-DC,3806,1627,1600,85,IS,Rec Guides ilClan\Vol 3\BattleMaster BLR-3M-DC.mtf
BattleMaster,BLR-6C,7476,1557,1517,85,IS,Rec Guides ilClan\Vol 3\BattleMaster BLR-6C.mtf
BattleMaster,BLR-6G,7475,1960,1951,85,IS,Rec Guides ilClan\Vol 3\BattleMaster BLR-6G.mtf
BattleMaster,BLR-6R,9404,2181,2224,85,Mixed,Rec Guides ilClan\Vol 3\BattleMaster BLR-6R.mtf
BattleMaster,C 3,7477,2532,2528,85,Clan,Rec Guides ilClan\Vol 3\BattleMaster C 3.mtf
Hierofalcon,A,7485,1963,1772,45,Clan,Rec Guides ilClan\Vol 3\Hierofalcon A.mtf
Hierofalcon,B,7486,1737,1565,45,Clan,Rec Guides ilClan\Vol 3\Hierofalcon B.mtf
Hierofalcon,C,7487,1983,1854,45,Clan,Rec Guides ilClan\Vol 3\Hierofalcon C.mtf
Hierofalcon,D,7488,2183,1740,45,Clan,Rec Guides ilClan\Vol 3\Hierofalcon D.mtf
Hierofalcon,Prime,7484,1878,1752,45,Clan,Rec Guides ilClan\Vol 3\Hierofalcon Prime.mtf
Puma,I,7479,1575,1575,35,Clan,Rec Guides ilClan\Vol 3\Puma (Adder) I.mtf
Puma,K,7481,1281,874,35,Clan,Rec Guides ilClan\Vol 3\Puma (Adder) K.mtf
Puma,L,7482,1738,1046,35,Clan,Rec Guides ilClan\Vol 3\Puma (Adder) L.mtf
Puma,S,7483,1427,1424,35,Clan,Rec Guides ilClan\Vol 3\Puma (Adder) S.mtf
Puma,T,7478,2182,1774,35,Clan,Rec Guides ilClan\Vol 3\Puma (Adder) T.mtf
Shadow Cat III,A,7492,2005,2005,45,Clan,Rec Guides ilClan\Vol 3\Shadow Cat III A.mtf
Shadow Cat III,B,7493,2183,2180,45,Clan,Rec Guides ilClan\Vol 3\Shadow Cat III B.mtf
Shadow Cat III,C,7494,2153,2190,45,Clan,Rec Guides ilClan\Vol 3\Shadow Cat III C.mtf
Shadow Cat III,Prime,7491,2021,2021,45,Clan,Rec Guides ilClan\Vol 3\Shadow Cat III Prime.mtf
Thor,AA,6876,2216,1737,70,Clan,Rec Guides ilClan\Vol 3\Thor (Summoner) AA.mtf
Thor,J,7489,2666,3605,70,Clan,Rec Guides ilClan\Vol 3\Thor (Summoner) J.mtf
Thor,Q,3184,2479,2479,70,Clan,Rec Guides ilClan\Vol 3\Thor (Summoner) Q.mtf
Thor,T,7490,2355,1642,70,Clan,Rec Guides ilClan\Vol 3\Thor (Summoner) T.mtf
Awesome,AWS-11H,7501,2036,2036,80,Mixed,Rec Guides ilClan\Vol 4\Awesome AWS-11H.mtf
Blackjack,BJ-5,7499,1165,1157,45,IS,Rec Guides ilClan\Vol 4\Blackjack BJ-5.mtf
Fenris,F,7508,1771,1771,45,Clan,Rec Guides ilClan\Vol 4\Fenris (Ice Ferret) F.mtf
Fenris,G,7507,1196,1060,45,Clan,Rec Guides ilClan\Vol 4\Fenris (Ice Ferret) G.mtf
Fenris,I,7506,1096,1019,45,Mixed,Rec Guides ilClan\Vol 4\Fenris (Ice Ferret) I.mtf
Fenris,J,7505,1771,1676,45,Clan,Rec Guides ilClan\Vol 4\Fenris (Ice Ferret) J.mtf
Fenris,K,7504,1769,1769,45,Clan,Rec Guides ilClan\Vol 4\Fenris (Ice Ferret) K.mtf
Fenris,T,7503,1825,1756,45,Clan,Rec Guides ilClan\Vol 4\Fenris (Ice Ferret) T.mtf
Thresher Mk II,,7502,3364,3131,60,Clan,Rec Guides ilClan\Vol 4\Thresher Mk II.mtf
Trebuchet,TBT-9N,7500,1550,1174,50,Mixed,Rec Guides ilClan\Vol 4\Trebuchet TBT-9N.mtf
Warhammer IIC,13,7498,2715,2645,80,Clan,Rec Guides ilClan\Vol 4\Warhammer IIC 13.mtf
Warhammer IIC,2,3501,2482,2411,80,Clan,Rec Guides ilClan\Vol 4\Warhammer IIC 2.mtf
Warhammer IIC,,3500,2570,2570,80,Clan,Rec Guides ilClan\Vol 4\Warhammer IIC.mtf
Wasp,C,7496,755,815,20,Mixed,Rec Guides ilClan\Vol 4\Wasp C.mtf
Wasp,WSP-1S,3524,423,423,20,IS,Rec Guides ilClan\Vol 4\Wasp WSP-1S.mtf
Wasp,WSP-3M,3528,394,384,20,IS,Rec Guides ilClan\Vol 4\Wasp WSP-3M.mtf
Wasp,WSP-3W,3530,342,342,20,IS,Rec Guides ilClan\Vol 4\Wasp WSP-3W.mtf
Wasp,WSP-4W,7497,551,551,20,IS,Rec Guides ilClan\Vol 4\Wasp WSP-4W.mtf
Wasp,WSP-5A,7495,517,507,20,IS,Rec Guides ilClan\Vol 4\Wasp WSP-5A.mtf
Catapult,CPLT-K6,7509,1619,859,65,IS,Rec Guides ilClan\Vol 5\Catapult CPLT-K6.mtf
Crab,CRB-54,7510,1964,1733,50,IS,Rec Guides ilClan\Vol 5\Crab CRB-54.mtf
Hammerhead,,7511,1686,1739,45,Clan,Rec Guides ilClan\Vol 5\Hammerhead.mtf
Hellhound,7,7512,1845,1832,50,Clan,Rec Guides ilClan\Vol 5\Hellhound (Conjurer) 7.mtf
Hellhound,8,7513,2197,2443,50,Mixed,Rec Guides ilClan\Vol 5\Hellhound (Conjurer) 8.mtf
Hellhound,,1473,1813,1811,50,Clan,Rec Guides ilClan\Vol 5\Hellhound (Conjurer).mtf
King Crab,KGC-011,7514,2406,2930,100,IS,Rec Guides ilClan\Vol 5\King Crab KGC-011.mtf
Mad Cat,M,7515,2741,2708,75,Clan,Rec Guides ilClan\Vol 5\Mad Cat (Timber Wolf) M.mtf
Mad Cat,N,7516,2862,2825,75,Clan,Rec Guides ilClan\Vol 5\Mad Cat (Timber Wolf) N.mtf
Mad Cat,T,7517,2714,2343,75,Clan,Rec Guides ilClan\Vol 5\Mad Cat (Timber Wolf) T.mtf
Mad Cat,W,7518,2791,2874,75,Clan,Rec Guides ilClan\Vol 5\Mad Cat (Timber Wolf) W.mtf
Marauder II,MAD-10D,7519,2741,2569,100,Mixed,Rec Guides ilClan\Vol 5\Marauder II MAD-10D.mtf
Marauder II,MAD-5A,2059,2058,2085,100,IS,Rec Guides ilClan\Vol 5\Marauder II MAD-5A.mtf
Marauder II,MAD-5B,2060,2589,2597,100,IS,Rec Guides ilClan\Vol 5\Marauder II MAD-5B.mtf
Marauder II,MAD-5C,2061,2024,2013,100,IS,Rec Guides ilClan\Vol 5\Marauder II MAD-5C.mtf
Marauder II,MAD-6A,7520,2367,2340,100,IS,Rec Guides ilClan\Vol 5\Marauder II MAD-6A.mtf
Marauder II,MAD-6C,7521,2346,2346,100,IS,Rec Guides ilClan\Vol 5\Marauder II MAD-6C.mtf
Marauder II,MAD-8K,7522,2849,2849,100,IS,Rec Guides ilClan\Vol 5\Marauder II MAD-8K.mtf
Cataphract,CTF-5L,7527,2090,2041,70,IS,Rec Guides ilClan\Vol 6\Cataphract CTF-5L.mtf
Cataphract,CTF-5LL,9407,2322,2322,70,IS,Rec Guides ilClan\Vol 6\Cataphract CTF-5LL.mtf
Cricket,RWN-01,7523,1169,1169,30,IS,Rec Guides ilClan\Vol 6\Cricket RWN-01.mtf
Cricket,RWN-02,9406,1169,1169,30,IS,Rec Guides ilClan\Vol 6\Cricket RWN-02.mtf
Linebacker,F,4523,1928,1964,65,Clan,Rec Guides ilClan\Vol 6\Linebacker F.mtf
Linebacker,G,6880,2433,2554,65,Clan,Rec Guides ilClan\Vol 6\Linebacker G.mtf
Linebacker,I,7525,1853,1324,65,Clan,Rec Guides ilClan\Vol 6\Linebacker I.mtf
Linebacker,T,7526,1851,1577,65,Clan,Rec Guides ilClan\Vol 6\Linebacker T.mtf
Marauder,(Bounty Hunter-3015),2030,1919,1919,75,IS,Rec Guides ilClan\Vol 6\Marauder Bounty Hunter 3015.mtf
Marauder,(Bounty Hunter-3044),2031,2103,2112,75,IS,Rec Guides ilClan\Vol 6\Marauder Bounty Hunter 3044.mtf
Marauder,(Bounty Hunter-3138),7535,2708,2715,75,Mixed,Rec Guides ilClan\Vol 6\Marauder Bounty Hunter 3138.mtf
Marauder,C,2032,1711,1666,75,Mixed,Rec Guides ilClan\Vol 6\Marauder C.mtf
Marauder IIC,10,7538,2877,2806,85,Clan,Rec Guides ilClan\Vol 6\Marauder IIC 10.mtf
Marauder IIC,8,2072,2554,2539,85,Clan,Rec Guides ilClan\Vol 6\Marauder IIC 8.mtf
Marauder IIC,9,7537,2595,2609,85,Clan,Rec Guides ilClan\Vol 6\Marauder IIC 9.mtf
Marauder IIC,,2065,2680,2680,85,Clan,Rec Guides ilClan\Vol 6\Marauder IIC.mtf
Marauder,MAD-11D,7534,2263,1986,75,Mixed,Rec Guides ilClan\Vol 6\Marauder MAD-11D.mtf
Marauder,MAD-2T,7528,1646,1637,75,IS,Rec Guides ilClan\Vol 6\Marauder MAD-2T.mtf
Marauder,MAD-5D-DC,7529,1787,1787,75,IS,Rec Guides ilClan\Vol 6\Marauder MAD-5D-DC.mtf
Marauder,MAD-5D,2039,1787,1796,75,IS,Rec Guides ilClan\Vol 6\Marauder MAD-5D.mtf
Marauder,MAD-5S,2043,1799,1807,75,IS,Rec Guides ilClan\Vol 6\Marauder MAD-5S.mtf
Marauder,MAD-7C,7530,1810,1810,75,IS,Rec Guides ilClan\Vol 6\Marauder MAD-7C.mtf
Marauder,MAD-7M,7531,1908,1917,75,IS,Rec Guides ilClan\Vol 6\Marauder MAD-7M.mtf
Marauder,MAD-7R,7532,1832,1832,75,IS,Rec Guides ilClan\Vol 6\Marauder MAD-7R.mtf
Marauder,MAD-7S,7533,1903,1903,75,IS,Rec Guides ilClan\Vol 6\Marauder MAD-7S.mtf
Marauder,(Red Hunter-3146),7536,2509,2403,75,Mixed,Rec Guides ilClan\Vol 6\Marauder Red Hunter.mtf
Nightstar,NSR-10D,7539,2539,2344,95,Mixed,Rec Guides ilClan\Vol 6\Nightstar NSR-10D.mtf
Raven,RVN-5L,7524,1035,1183,35,IS,Rec Guides ilClan\Vol 6\Raven RVN-5L.mtf
Koshi,I,7557,689,686,25,Clan,Rec Guides ilClan\Vol 7\Koshi (Mist Lynx) I.mtf
Koshi,J,7558,1704,1701,25,Clan,Rec Guides ilClan\Vol 7\Koshi (Mist Lynx) J.mtf
Koshi,K,7559,976,854,25,Clan,Rec Guides ilClan\Vol 7\Koshi (Mist Lynx) K.mtf
Koshi,L,7560,901,862,25,Clan,Rec Guides ilClan\Vol 7\Koshi (Mist Lynx) L.mtf
Koshi,M,7561,961,867,25,Clan,Rec Guides ilClan\Vol 7\Koshi (Mist Lynx) M.mtf
Koshi,N,7562,976,958,25,Clan,Rec Guides ilClan\Vol 7\Koshi (Mist Lynx) N.mtf
Koshi,T,7556,971,938,25,Clan,Rec Guides ilClan\Vol 7\Koshi (Mist Lynx) T.mtf
Ryoken,I,5487,2319,2254,55,Clan,Rec Guides ilClan\Vol 7\Ryoken (Stormcrow) I.mtf
Ryoken,J,7553,2300,2300,55,Clan,Rec Guides ilClan\Vol 7\Ryoken (Stormcrow) J.mtf
Ryoken,K,7554,2001,2001,55,Clan,Rec Guides ilClan\Vol 7\Ryoken (Stormcrow) K.mtf
Ryoken,P,7555,2213,2207,55,Clan,Rec Guides ilClan\Vol 7\Ryoken (Stormcrow) P.mtf
Ryoken,T,7550,2280,2141,55,Clan,Rec Guides ilClan\Vol 7\Ryoken (Stormcrow) T.mtf
Vixen,2,3442,1913,1935,30,Clan,Rec Guides ilClan\Vol 7\Vixen (Incubus) 2.mtf
Vixen,3,3443,1324,1337,30,Clan,Rec Guides ilClan\Vol 7\Vixen (Incubus) 3.mtf
Vixen,7,7541,1175,1195,30,Clan,Rec Guides ilClan\Vol 7\Vixen (Incubus) 7.mtf
Vixen,8,7543,1557,1521,30,Clan,Rec Guides ilClan\Vol 7\Vixen (Incubus) 8.mtf
Vixen,9,7544,1849,855,30,Mixed,Rec Guides ilClan\Vol 7\Vixen (Incubus) 9.mtf
War Crow,A,7546,3030,3181,70,Clan,Rec Guides ilClan\Vol 7\War Crow A.mtf
War Crow,B,7547,2787,2219,70,Clan,Rec Guides ilClan\Vol 7\War Crow B.mtf
War Crow,C,7548,2572,2572,70,Clan,Rec Guides ilClan\Vol 7\War Crow C.mtf
War Crow,Prime,7545,2835,2684,70,Clan,Rec Guides ilClan\Vol 7\War Crow Prime.mtf
Warhammer,C 2,7565,2157,2153,70,Mixed,Rec Guides ilClan\Vol 7\Warhammer C 2.mtf
Warhammer,C 3,7566,2772,2763,70,Clan,Rec Guides ilClan\Vol 7\Warhammer C 3.mtf
Warhammer,C,3479,1728,1724,70,Mixed,Rec Guides ilClan\Vol 7\Warhammer C.mtf
Warhammer,WHM-10K,7564,2033,2011,70,Mixed,Rec Guides ilClan\Vol 7\Warhammer WHM-10K.mtf
Warhammer,WHM-7A,3490,1679,1670,70,IS,Rec Guides ilClan\Vol 7\Warhammer WHM-7A.mtf
Warhammer,WHM-7K,3491,1651,1651,70,IS,Rec Guides ilClan\Vol 7\Warhammer WHM-7K.mtf
Warhammer,WHM-7M-DC,5386,1402,1402,70,IS,Rec Guides ilClan\Vol 7\Warhammer WHM-7M-DC.mtf
Warhammer,WHM-7M,3492,1487,1474,70,IS,Rec Guides ilClan\Vol 7\Warhammer WHM-7M.mtf
Warhammer,WHM-7S,3493,1477,1477,70,IS,Rec Guides ilClan\Vol 7\Warhammer WHM-7S.mtf
Warhammer,WHM-8R,7563,1697,1679,70,IS,Rec Guides ilClan\Vol 7\Warhammer WHM-8R.mtf
Warhammer,WHM-9K,7567,1744,1726,70,IS,Rec Guides ilClan\Vol 7\Warhammer WHM-9K.mtf
Baboon,4,7568,506,490,20,Clan,Rec Guides ilClan\Vol 8\Baboon (Howler) 4.mtf
Baboon,5,7569,1363,1363,20,Clan,Rec Guides ilClan\Vol 8\Baboon (Howler) 5.mtf
Baboon,6,7570,550,550,20,Clan,Rec Guides ilClan\Vol 8\Baboon (Howler) 6.mtf
Dasher,G,6946,2041,1882,20,Clan,Rec Guides ilClan\Vol 8\Dasher (Fire Moth) G.mtf
Dasher,I,7578,1260,1239,20,Clan,Rec Guides ilClan\Vol 8\Dasher (Fire Moth) I.mtf
Dasher,J,7579,1140,969,20,Clan,Rec Guides ilClan\Vol 8\Dasher (Fire Moth) J.mtf
Dasher,M,7580,1200,1137,20,Clan,Rec Guides ilClan\Vol 8\Dasher (Fire Moth) M.mtf
Dasher,P,7581,841,777,20,Clan,Rec Guides ilClan\Vol 8\Dasher (Fire Moth) P.mtf
Dasher,R,7582,1160,1154,20,Mixed,Rec Guides ilClan\Vol 8\Dasher (Fire Moth) R.mtf
Dasher,T,7577,1305,1421,20,Clan,Rec Guides ilClan\Vol 8\Dasher (Fire Moth) T.mtf
Devil,,7571,1691,1691,30,Clan,Rec Guides ilClan\Vol 8\Devil.mtf
Dragonfly,J,7584,1259,1259,40,Clan,Rec Guides ilClan\Vol 8\Dragonfly (Viper) J.mtf
Dragonfly,K,7585,1545,1542,40,Clan,Rec Guides ilClan\Vol 8\Dragonfly (Viper) K.mtf
Dragonfly,L,7586,1417,734,40,Clan,Rec Guides ilClan\Vol 8\Dragonfly (Viper) L.mtf
Dragonfly,M,7587,2054,2054,40,Clan,Rec Guides ilClan\Vol 8\Dragonfly (Viper) M.mtf
Dragonfly,R,7588,1335,1314,40,Mixed,Rec Guides ilClan\Vol 8\Dragonfly (Viper) R.mtf
Dragonfly,T,7583,1704,1663,40,Clan,Rec Guides ilClan\Vol 8\Dragonfly (Viper) T.mtf
Rifleman,C 3,7576,1871,1809,60,Clan,Rec Guides ilClan\Vol 8\Rifleman C 3.mtf
Rifleman,C,2693,1335,1321,60,Mixed,Rec Guides ilClan\Vol 8\Rifleman C.mtf
Rifleman,RFL-5D,2699,1395,1395,60,IS,Rec Guides ilClan\Vol 8\Rifleman RFL-5D.mtf
Rifleman,RFL-5M,2700,1227,1185,60,IS,Rec Guides ilClan\Vol 8\Rifleman RFL-5M.mtf
Rifleman,RFL-7G,7572,1302,763,60,IS,Rec Guides ilClan\Vol 8\Rifleman RFL-7G.mtf
Rifleman,RFL-7N,7574,1398,1380,60,IS,Rec Guides ilClan\Vol 8\Rifleman RFL-7N.mtf
Rifleman,RFL-7N2,7575,1452,1425,60,IS,Rec Guides ilClan\Vol 8\Rifleman RFL-7N2.mtf
Gladiator,F,6842,3606,3355,95,Clan,Rec Guides ilClan\Vol 9\Gladiator (Executioner) F.mtf
Gladiator,G,6841,3825,3409,95,Clan,Rec Guides ilClan\Vol 9\Gladiator (Executioner) G.mtf
Gladiator,I,6840,3339,3099,95,Clan,Rec Guides ilClan\Vol 9\Gladiator (Executioner) I.mtf
Gladiator,J,7712,2891,3763,95,Clan,Rec Guides ilClan\Vol 9\Gladiator (Executioner) J.mtf
Gladiator,L,7713,3132,2079,95,Clan,Rec Guides ilClan\Vol 9\Gladiator (Executioner) L.mtf
Gladiator,T,7714,2558,1671,95,Clan,Rec Guides ilClan\Vol 9\Gladiator (Executioner) T.mtf
Goshawk,2,1244,1989,1990,55,Clan,Rec Guides ilClan\Vol 9\Goshawk (Vapor Eagle) 2.mtf
Goshawk,5,7710,2572,2419,55,Clan,Rec Guides ilClan\Vol 9\Goshawk (Vapor Eagle) 5.mtf
Goshawk,6,7709,1959,1956,55,Clan,Rec Guides ilClan\Vol 9\Goshawk (Vapor Eagle) 6.mtf
Goshawk,7,7711,2876,2704,55,Clan,Rec Guides ilClan\Vol 9\Goshawk (Vapor Eagle) 7.mtf
Goshawk,,1243,2368,2367,55,Clan,Rec Guides ilClan\Vol 9\Goshawk (Vapor Eagle).mtf
Inferno,INF-NO,7715,1597,1433,75,IS,Rec Guides ilClan\Vol 9\Inferno INF-NO.mtf
Inferno,INF-NOA,7716,1846,1846,75,IS,Rec Guides ilClan\Vol 9\Inferno INF-NOA.mtf
Inferno,INF-NOB,7717,1658,1622,75,IS,Rec Guides ilClan\Vol 9\Inferno INF-NOB.mtf
Inferno,INF-NOC,7718,1698,1581,75,IS,Rec Guides ilClan\Vol 9\Inferno INF-NOC.mtf
Inferno,INF-NOR,7719,2360,2351,75,Mixed,Rec Guides ilClan\Vol 9\Inferno INF-NOR.mtf
Shadow Cat,D,7704,2298,2288,45,Clan,Rec Guides ilClan\Vol 9\Shadow Cat D.mtf
Shadow Cat,E,6913,2084,2084,45,Clan,Rec Guides ilClan\Vol 9\Shadow Cat E.mtf
Shadow Cat,I,7706,2408,1850,45,Clan,Rec Guides ilClan\Vol 9\Shadow Cat I.mtf
Shadow Cat,J,2891,1802,1799,45,Clan,Rec Guides ilClan\Vol 9\Shadow Cat J.mtf
Shadow Cat,M,7707,2438,2438,45,Clan,Rec Guides ilClan\Vol 9\Shadow Cat M.mtf
Shadow Cat,T,7708,1852,1849,45,Clan,Rec Guides ilClan\Vol 9\Shadow Cat T.mtf
Valkyrie,C,7701,936,834,30,Mixed,Rec Guides ilClan\Vol 9\Valkyrie C.mtf
Valkyrie,VLK-QD,3373,807,797,30,IS,Rec Guides ilClan\Vol 9\Valkyrie VLK-QD.mtf
Valkyrie,VLK-QD6,7703,827,553,30,IS,Rec Guides ilClan\Vol 9\Valkyrie VLK-QD6.mtf
Valkyrie,VLK-QDD,7702,834,824,30,IS,Rec Guides ilClan\Vol 9\Valkyrie VLK-QDD.mtf
Templar III,TLR2-J 'Arthur',7955,2722,2658,85,Mixed,Shattered Fortress\Templar III TLR2-J Arthur.mtf
Phoenix Hawk 'Hammer Hawk',PXH-1S,,,887,45,IS,Shrapnel\Gothic\Phoenix Hawk 'Hammer Hawk' PXH-1S.mtf
Phoenix Hawk,PXH-1GU 'Special',,,712,45,IS,Shrapnel\Gothic\Phoenix Hawk PXH-1GU 'Special'.mtf
Phoenix Hawk,PXH-1VC,,,702,45,IS,Shrapnel\Gothic\Phoenix Hawk PXH-1VC.mtf
Hel,HL-1,8250,1674,1664,50,IS,Shrapnel\Vol 10\Hel HL-1.mtf
Hel,HL-2,9251,1549,1539,50,IS,Shrapnel\Vol 10\Hel HL-2.mtf
Tiburon,2,9252,1691,1691,35,Clan,Shrapnel\Vol 10\Tiburon 2.mtf
Toro,TR-B-12,9250,1029,1010,35,IS,Shrapnel\Vol 10\Toro TR-B-12.mtf
Toro,TR-B-9,9249,915,897,35,IS,Shrapnel\Vol 10\Toro TR-B-9.mtf
Battle Cobra,BTL-C-2OG,9492,1217,1117,40,IS,Shrapnel\Vol 11\Battle Cobra BTL-C-2OG.mtf
Battle Cobra,BTL-C-2OH,9493,1305,1227,40,IS,Shrapnel\Vol 11\Battle Cobra BTL-C-2OH.mtf
Battle Cobra,BTL-C-2OI,9494,1019,1009,40,IS,Shrapnel\Vol 11\Battle Cobra BTL-C-2OI.mtf
Battle Cobra,BTL-C-2OJ,9495,1269,813,40,IS,Shrapnel\Vol 11\Battle Cobra BTL-C-2OJ.mtf
Jinggau,JN-G7Lr,9503,2703,2507,65,Mixed,Shrapnel\Vol 12\Jinggau JN-G7Lr.mtf
Jinggau,JN-G8Ar,9502,2730,2737,65,Mixed,Shrapnel\Vol 12\Jinggau JN-G8Ar.mtf
Jinggau,JN-G9B,9501,2747,2605,65,Mixed,Shrapnel\Vol 12\Jinggau JN-G8B.mtf
Jinggau,JN-G9CCr,9504,2058,1866,65,Mixed,Shrapnel\Vol 12\Jinggau JN-G9CCr.mtf
Albatross,ALB-4Ur,9510,1893,1938,95,IS,Shrapnel\Vol 13\Albatross ALB-4Ur.mtf
Albatross,ALB-5U,9511,1885,1817,95,IS,Shrapnel\Vol 13\Albatross ALB-5U.mtf
Albatross,ALB-5W,9509,2370,1886,95,IS,Shrapnel\Vol 13\Albatross ALB-5W.mtf
Albatross,ALB-6U,9507,2162,2030,95,IS,Shrapnel\Vol 13\Albatross ALB-6U.mtf
Albatross,C 'Sooty Albatross',9508,2885,2396,95,Mixed,Shrapnel\Vol 13\Albatross C 'Sooty Albatross'.mtf
Shadow Hawk,SHD-3H,5037,1043,1043,55,IS,Shrapnel\Vol 14\Shadow Hawk SHD-3H.mtf
Shadow Hawk,SHD-3H2,9538,1112,1092,55,IS,Shrapnel\Vol 14\Shadow Hawk SHD-3H2.mtf
Gladiator,GLD-7R,9539,1890,1637,55,IS,Shrapnel\Vol 15\Gladiator GLD-7R.mtf
Gladiator,GLD-7R/SF,9540,1748,1549,55,Mixed,Shrapnel\Vol 15\Gladiator GLD-7R_SF.mtf
Gladiator,GLD-9SF,9541,2119,1613,55,Mixed,Shrapnel\Vol 15\Gladiator GLD-9SF.mtf
Mauler,MAL-1KX,9544,1678,1682,90,IS,Shrapnel\Vol 15\Mauler MAL-1KX.mtf
Mauler,MAL-1PT5,9542,1400,1400,90,IS,Shrapnel\Vol 15\Mauler MAL-1PT5.mtf
Mauler,MAL-1PT6,9543,1270,1270,90,IS,Shrapnel\Vol 15\Mauler MAL-1PT6.mtf
Mauler,MAL-1X-AFFC,9545,1286,1214,90,IS,Shrapnel\Vol 15\Mauler MAL-1X-AFFC.mtf
Mauler,MAL-1Y,9546,1448,1502,90,IS,Shrapnel\Vol 15\Mauler MAL-1Y.mtf
Mauler,MAL-2D,9547,1737,1731,90,IS,Shrapnel\Vol 15\Mauler MAL-2D.mtf
Mauler,MAL-3K,9548,1622,1502,90,IS,Shrapnel\Vol 15\Mauler MAL-3K.mtf
Commando,COM-7A,9630,625,605,25,IS,Shrapnel\Vol 16\Commando COM-7A.mtf
Commando,COM-7J,9631,599,589,25,IS,Shrapnel\Vol 16\Commando COM-7J.mtf
Commando,COM-7T 'Blazing Inferno II',9638,1018,897,25,IS,Shrapnel\Vol 16\Commando COM-7T 'Blazing Inferno II'.mtf
Commando,COM-7W,9632,608,579,25,IS,Shrapnel\Vol 16\Commando COM-7W.mtf
Commando,COM-7X,3979,623,623,25,IS,Shrapnel\Vol 16\Commando COM-7X.mtf
Commando,COM-7Y,9626,684,684,25,IS,Shrapnel\Vol 16\Commando COM-7Y.mtf
Commando,COM-7Y2 'Blazing Inferno',9627,728,728,25,IS,Shrapnel\Vol 16\Commando COM-7Y2 'Blazing Inferno'.mtf
Commando,COM-7Z,9628,661,651,25,IS,Shrapnel\Vol 16\Commando COM-7Z.mtf
Commando,COM-7Z2,9629,543,543,25,IS,Shrapnel\Vol 16\Commando COM-7Z2.mtf
Jackalope,JLP-BD-L 'Harvey',9635,1028,848,30,Mixed,Shrapnel\Vol 16\Jackalope JLP-BD-L 'Harvey'.mtf
Jackalope,JLP-IC,9636,1337,1337,30,Clan,Shrapnel\Vol 16\Jackalope JLP-IC.mtf
Jackalope,JLP-KA,6712,1488,1501,30,Mixed,Shrapnel\Vol 16\Jackalope JLP-KA.mtf
Jackalope,JLP-KB,9634,1259,1125,30,Mixed,Shrapnel\Vol 16\Jackalope JLP-KB.mtf
Jackalope,JLP-NH 'Tepoztecatl',9637,1208,1168,30,Mixed,Shrapnel\Vol 16\Jackalope JLP-NH.mtf
'Wing' Wraith,TR4-X,,,1177,55,IS,Shrapnel\Vol 17\Wing Wraith TR4-X.mtf
'Wing' Wraith,TR4,,,1172,55,IS,Shrapnel\Vol 17\Wing Wraith TR4.mtf
'Wing' Wraith,TR6,,,1529,55,IS,Shrapnel\Vol 17\Wing Wraith TR6.mtf
'Wing' Wraith,TR7,,,1922,55,Mixed,Shrapnel\Vol 17\Wing Wraith TR7.mtf
Thunder Hawk,TDK-7XEM,,,2564,100,IS,Shrapnel\Vol 18\Thunder Hawk TDK-7XEM.mtf
Thunder Hawk,TDK-7ZEM,,,2259,100,IS,Shrapnel\Vol 18\Thunder Hawk TDK-7ZEM.mtf
Orion,(Kerensky),,,1812,75,IS,Shrapnel\Vol 20\Orion (Kerensky).mtf
Orion,ON1-Kb,,,1542,75,IS,Shrapnel\Vol 20\Orion ON1-Kb.mtf
Blackjack,BJ-2A,,,1143,45,Clan,Shrapnel\Vol 21\Blackjack BJ-2A.mtf
Blackjack,BJ-2t,,,1127,45,IS,Shrapnel\Vol 21\Blackjack BJ-2t.mtf
Blackjack,C,8388,1639,1635,45,Clan,Shrapnel\Vol 21\Blackjack C.mtf
Thanatos,TNS-6S2,,,1884,75,IS,Shrapnel\Vol 22\Thanatos TNS-6S2.mtf
Thanatos,TNS-6T,,,1811,75,IS,Shrapnel\Vol 22\Thanatos TNS-6T.mtf
Thanatos,TNS-7D,,,2457,75,Mixed,Shrapnel\Vol 22\Thanatos TNS-7D.mtf
Thanatos,TNS-7D2,,,2455,75,Mixed,Shrapnel\Vol 22\Thanatos TNS-7D2.mtf
Tian-Zong,TNZ-N4,,,1719,75,IS,Shrapnel\Vol 22\Tian-Zong TNZ-N4.mtf
Tian-Zong,TNZ-N5,,,2388,75,Mixed,Shrapnel\Vol 22\Tian-Zong TNZ-N5.mtf
Tian-Zong,TNZ-N6,,,1693,75,Mixed,Shrapnel\Vol 22\Tian-Zong TNZ-N6.mtf
Hermes II,HER-2R,,,1100,40,IS,Shrapnel\Vol 23\Hermes II HER-2R.mtf
Hermes III,HER-4K,1498,976,976,40,IS,Shrapnel\Vol 23\Hermes III HER-4K.mtf
Hermes III,HER-6K,,,1265,40,IS,Shrapnel\Vol 23\Hermes III HER-6K.mtf
Hermes III,HER-7K,,,1916,40,Mixed,Shrapnel\Vol 23\Hermes III HER-7K.mtf
Centurion,CN10-J,7696,1257,1221,55,IS,Shrapnel\Vol 2\Centurion CN10-J.mtf
Centurion,CN10-W,7695,1112,1148,55,IS,Shrapnel\Vol 2\Centurion CN10-W.mtf
Thunder Stallion,4,7720,2607,2558,85,Clan,Shrapnel\Vol 3\Thunder Stallion 4.mtf
SuburbanMech,UM-R100,7929,915,915,30,IS,Shrapnel\Vol 4\SuburbanMech UM-R100.mtf
SuburbanMech,UM-R90,7928,773,773,30,IS,Shrapnel\Vol 4\SuburbanMech UM-R90.mtf
Crusader,CRD-10S,8234,2264,1817,65,Clan,Shrapnel\Vol 5\Crusader CRD-10S.mtf
Crusader,CRD-9S,8263,1642,1081,65,IS,Shrapnel\Vol 5\Crusader CRD-9S.mtf
Victor,C,3403,1925,1928,80,Mixed,Shrapnel\Vol 6\Victor C.mtf
Hatchetman,HCT-5DT,8438,1788,1429,45,IS,Shrapnel\Vol 7\Hatchetman HCT-5DT.mtf
Gladiator-B,A,8464,2194,2194,95,Clan,Shrapnel\Vol 8\Gladiator-B (Executioner-B) A.mtf
Gladiator-B,B,8465,3157,3157,95,Clan,Shrapnel\Vol 8\Gladiator-B (Executioner-B) B.mtf
Gladiator-B,C,8466,2979,2976,95,Clan,Shrapnel\Vol 8\Gladiator-B (Executioner-B) C.mtf
Gladiator-B,Prime,8463,2721,2835,95,Clan,Shrapnel\Vol 8\Gladiator-B (Executioner-B) Prime.mtf
Longshot,LNG-2 (Reskov),9243,1787,1770,35,Mixed,Shrapnel\Vol 9\Longshot LNG-2 Reskov.mtf
Rattlesnake II,RSN-1,9241,1962,1962,45,Mixed,Shrapnel\Vol 9\Rattlesnake II RSN-1.mtf
Rattlesnake II,RSN-2,9242,1480,1479,45,Mixed,Shrapnel\Vol 9\Rattlesnake II RSN-2.mtf
Rattlesnake,JR7-31,9238,1398,1398,35,IS,Shrapnel\Vol 9\Rattlesnake JR7-31.mtf
Rattlesnake,JR7-31P,9239,1323,1323,35,IS,Shrapnel\Vol 9\Rattlesnake JR7-31P.mtf
Rattlesnake,JR7-31R (Gideon),9240,1959,1960,35,Mixed,Shrapnel\Vol 9\Rattlesnake JR7-31R Gideon.mtf
Dragon Fire,DGR-4/6N,,,1958,75,IS,Shrapnel\vol 19\Dragon Fire DGR-4 6N.mtf
Dragon Fire,DGR-5F,,,1978,75,IS,Shrapnel\vol 19\Dragon Fire DGR-5F.mtf
Dragon Fire,DGR-7K,,,2420,75,IS,Shrapnel\vol 19\Dragon Fire DGR-7K.mtf
Dragon Fire,DGR-9D,,,2417,75,Mixed,Shrapnel\vol 19\Dragon Fire DGR-9D.mtf
Grotesque (Mongrel),Prime,,,2728,80,Clan,Shrapnel\vol 19\Grotesque (Mongrel) Prime.mtf
Sidewinder,Prime,,,2964,75,Clan,Shrapnel\vol 19\Sidewinder Prime.mtf
Starhawk,Prime,,,1728,70,Clan,Shrapnel\vol 19\Starhawk Prime.mtf
Awesome,C,8470,2737,2737,80,Clan,Spotlight On\Hellion Keshik\Awesome C.mtf
Nightstar,NSR-9J (Holt),7619,3433,3233,95,Mixed,Spotlight On\Holts Hilltoppers\Nightstar NSR-9J (Holt).mtf
Titan,TI-1Ak 'Highshooter',,,2266,100,IS,Spotlight On\Jade Warriors\Titan TI-1Ak _Highshooter_.mtf
Avatar,AV1-OBLO,7634,1550,1577,70,IS,Spotlight On\Unending Faith\Avatar AV1-OBLO.mtf
Doloire,DLR-OBLO,7636,2441,2282,80,Mixed,Spotlight On\Unending Faith\Doloire DLR-OBLO.mtf
Mad Cat,BLO,7635,2611,2558,75,Mixed,Spotlight On\Unending Faith\Mad Cat (Timber Wolf) BLO.mtf
Templar,TLR1-OBLO,7637,2062,2070,85,IS,Spotlight On\Unending Faith\Templar TLR1-OBLO.mtf
Uller,BLO,7632,988,949,30,Mixed,Spotlight On\Unending Faith\Uller (Kit Fox) BLO.mtf
Vulture Mk III,BLO,7633,2397,2204,60,Mixed,Spotlight On\Unending Faith\Vulture Mk III (Mad Dog Mk III) BLO.mtf
Black Knight,BL-6-KNT (Ian),359,1830,1570,75,IS,Starterbook Sword and Dragon\Black Knight BL-6-KNT Ian.mtf
Cataphract,CTF-2X (George),468,1311,1342,70,IS,Starterbook Sword and Dragon\Cataphract CTF-2X George.mtf
Enforcer,ENF-4R (Daniel),977,1357,1366,50,IS,Starterbook Sword and Dragon\Enforcer ENF-4R Daniel.mtf
Grand Dragon,DRG-5K (Emory),1259,1431,1412,60,IS,Starterbook Sword and Dragon\Grand Dragon DRG-5K Emory.mtf
Hatamoto-Chi,HTM-27T (Daniel),1400,1520,1050,80,IS,Starterbook Sword and Dragon\Hatamoto-Chi HTM-27T Daniel.mtf
Hatchetman,HCT-3F (Austin),1411,962,689,45,IS,Starterbook Sword and Dragon\Hatchetman HCT-3F Austin.mtf
Hunchback,HBK-4G (Shakir),1554,968,968,50,IS,Starterbook Sword and Dragon\Hunchback HBK-4G Shakir.mtf
Black Knight,BL-10-KNT (Ross),355,2103,1777,75,IS,Starterpack Sword and Dragon\Black Knight BL-10-KNT Ross.mtf
Cataphract,CTF-3X (Sara),472,1734,1765,70,IS,Starterpack Sword and Dragon\Cataphract CTF-3X Sara.mtf
Enforcer,ENF-5D (Daniel),979,1738,1747,50,IS,Starterpack Sword and Dragon\Enforcer ENF-5D Daniel.mtf
Grand Dragon,DRG-7K (Mark),1261,1817,1875,60,IS,Starterpack Sword and Dragon\Grand Dragon DRG-7K Mark.mtf
Hatamoto-Chi,HTM-27T (Daniel II),1399,1661,1607,80,IS,Starterpack Sword and Dragon\Hatamoto-Chi HTM-27T Daniel II.mtf
Hatchetman,HCT-5S (Austin),1414,1174,1138,45,IS,Starterpack Sword and Dragon\Hatchetman HCT-5S Austin.mtf
Hunchback,HBK-4G (Hohiro),1553,1126,1126,50,IS,Starterpack Sword and Dragon\Hunchback HBK-4G Hohiro.mtf
Jenner,JR7-K (Grace II),1695,787,787,35,IS,Starterpack Sword and Dragon\Jenner JR7-K Grace II.mtf
Burrower,DTM-1 MiningMech,7874,482,567,65,IS,TRO Irregulars\Burrower DTM-1 MiningMech.mtf
Burrower,DTM-1M MiningMech MOD,7875,556,644,65,IS,TRO Irregulars\Burrower DTM-1M MiningMech MOD.mtf
Buster,BC XXI-M HaulerMech MOD,7865,504,571,50,IS,TRO Irregulars\Buster BC XXI-M HaulerMech MOD.mtf
Carbine,CON-9M (Karenna),7851,280,328,30,IS,TRO Irregulars\Carbine CON-9M Karenna.mtf
Carbine,CON-9M-J ConstructionMech MOD,7849,271,318,30,IS,TRO Irregulars\Carbine CON-9M-J ConstructionMech MOD.mtf
Carbine,CON-9M-JB ConstructionMech MOD,7850,302,365,30,IS,TRO Irregulars\Carbine CON-9M-JB ConstructionMech MOD.mtf
Centurion,CN9-H2 MilitiaMech,7866,799,874,50,IS,TRO Irregulars\Centurion CN9-H2 MilitiaMech.mtf
Centurion,CN9-H2H MilitiaMech,7867,919,994,50,IS,TRO Irregulars\Centurion CN9-H2H MilitiaMech.mtf
Centurion,CN9-H3 MilitiaMech,7868,962,1047,50,Mixed,TRO Irregulars\Centurion CN9-H3 MilitiaMech.mtf
Crosscut,ED-X4M-A LoggerMech MOD,7852,279,321,30,IS,TRO Irregulars\Crosscut ED-X4M-A LoggerMech MOD.mtf
Crosscut,ED-X4M-E LoggerMech MOD,7853,480,526,30,IS,TRO Irregulars\Crosscut ED-X4M-E LoggerMech MOD.mtf
Crosscut,ED-X4M-L LoggerMech MOD,7854,230,272,30,IS,TRO Irregulars\Crosscut ED-X4M-L LoggerMech MOD.mtf
Deep Lord,RCL-Z1M-B MilitiaMech,7830,773,854,65,IS,TRO Irregulars\Deep Lord RCL-Z1M-B MilitiaMech.mtf
Demeter,WLD-1 AgroMech,7855,321,383,30,IS,TRO Irregulars\Demeter WLD-1 AgroMech.mtf
Demeter,WLD-1-M AgroMech MOD,7856,327,372,30,IS,TRO Irregulars\Demeter WLD-1-M AgroMech MOD.mtf
DemolitionMech,WI-DMM MOD,7839,444,521,35,IS,TRO Irregulars\DemolitionMech WI-DMM MOD.mtf
Dig Lord,RCL-4M MiningMech MOD,5542,706,805,65,IS,TRO Irregulars\Dig Lord RCL-4M MiningMech MOD.mtf
Dig Lord,RCL-4M-B MiningMech MOD,7829,699,803,65,IS,TRO Irregulars\Dig Lord RCL-4M-B MiningMech MOD.mtf
Exo,HMX-1 HaulerMech,7840,96,230,10,IS,TRO Irregulars\Exo HMX-1 Haulermech.mtf
Exo,HMX-2 HaulerMech,7841,98,230,10,IS,TRO Irregulars\Exo HMX-2 Haulermech.mtf
Exo,HMX-3 HaulerMech,7842,107,239,10,IS,TRO Irregulars\Exo HMX-3 Haulermech.mtf
Exo,HMX-3M HaulerMech,7843,108,239,10,IS,TRO Irregulars\Exo HMX-3M Haulermech.mtf
Firebee,WI-WAM MilitiaMech,7838,456,498,35,IS,TRO Irregulars\Firebee WI-WAM MilitiaMech.mtf
Ground Pounder,DVM-2 MiningMech,7872,465,555,65,IS,TRO Irregulars\Ground Pounder DVM-2 MiningMech.mtf
Ground Pounder,DVM-2M MiningMech MOD,7873,548,637,65,IS,TRO Irregulars\Ground Pounder DVM-2M MiningMech MOD.mtf
Guard,GS-107X SecurityMech,7823,367,491,15,IS,TRO Irregulars\Guard GS-107X SecurityMech.mtf
Guard,GS-54 SecurityMech,4253,156,292,15,IS,TRO Irregulars\Guard GS-54 SecurityMech.mtf
Gulon,C SolahmaMech,7846,533,565,25,Clan,TRO Irregulars\Gulon C SolahmaMech.mtf
Gulon,GLN-1A MiningMech,7844,352,391,25,IS,TRO Irregulars\Gulon GLN-1A MiningMech.mtf
Gulon,GLN-1B SecurityMech,7845,410,442,25,IS,TRO Irregulars\Gulon GLN-1B SecurityMech.mtf
Harvester,HVR-199 AgroMech,7860,490,549,40,IS,TRO Irregulars\Harvester HVR-199 AgroMech.mtf
Harvester,HVR-199M AgroMech MOD,7861,406,462,40,IS,TRO Irregulars\Harvester HVR-199M AgroMech MOD.mtf
Harvester,HVR-199M-A AgroMech MOD,7862,605,691,40,IS,TRO Irregulars\Harvester HVR-199M-A AgroMech MOD.mtf
Harvester,HVR-199M-B AgroMech MOD,7863,462,540,40,IS,TRO Irregulars\Harvester HVR-199M-B AgroMech MOD.mtf
Harvester,HVR-199M-M AgroMech MOD,7864,438,462,40,IS,TRO Irregulars\Harvester HVR-199M-M AgroMech MOD.mtf
Heavy Forester,HFL-1 LoggerMech,4529,433,742,60,IS,TRO Irregulars\Heavy Forester HFL-1 LoggerMech.mtf
Heavy Forester,HFL-1M LoggerMech MOD,7871,465,794,60,IS,TRO Irregulars\Heavy Forester HFL-1M LoggerMech MOD.mtf
Heavy Lifter,HCL-1M CargoMech MOD,7869,915,987,60,IS,TRO Irregulars\Heavy Lifter HCL-1M CargoMech MOD.mtf
Heavy Lifter,HCL-1MM MilitiaMech,7870,991,1063,60,IS,TRO Irregulars\Heavy Lifter HCL-1MM MilitiaMech.mtf
Inquisitor,ITW-80 SecurityMech,4364,613,669,35,IS,TRO Irregulars\Inquisitor ITW-80 SecurityMech.mtf
Inquisitor,ITW-85 SecurityMech,7825,664,702,35,IS,TRO Irregulars\Inquisitor ITW-85 SecurityMech.mtf
MuckRaker,GMMM-2 MiningMech,4220,709,797,70,IS,TRO Irregulars\MuckRaker GMMM-2 MiningMech.mtf
MuckRaker,GMMM-2M MiningMech MOD,7827,1001,1167,70,IS,TRO Irregulars\MuckRaker GMMM-2M MiningMech MOD.mtf
MuckRaker,GMMM-2M-B MiningMech MOD,7828,815,920,70,IS,TRO Irregulars\MuckRaker GMMM-2M-B MiningMech MOD.mtf
Opossum,OPO-2 SalvageMech,7847,240,261,25,IS,TRO Irregulars\Opossum OPO-2 SalvageMech.mtf
Opossum,OPO-3 SalvageMech MOD,7848,239,278,25,IS,TRO Irregulars\Opossum OPO-3 SalvageMech MOD.mtf
Pacifier,CCU-36 SecurityMech,4780,299,346,30,IS,TRO Irregulars\Pacifier CCU-36 SecurityMech.mtf
Pacifier,CCU-40 SecurityMech,7824,356,403,30,IS,TRO Irregulars\Pacifier CCU-40 SecurityMech.mtf
Pompier,GM-4P PoliceMech,7837,148,274,15,IS,TRO Irregulars\Pompier GM-4P PoliceMech.mtf
St. Florian,FLN-366 FireMech,5118,833,944,90,IS,TRO Irregulars\St. Florian FLN-366 FireMech.mtf
St. Florian,FLN-366-M FireMech MOD,7826,1266,1244,90,IS,TRO Irregulars\St. Florian FLN-366-M FireMech MOD.mtf
StrongArm,SC CV ConstructionMech,7857,315,372,35,IS,TRO Irregulars\StrongArm SC CV ConstructionMech.mtf
StrongArm,SC CV-M ConstructionMech MOD,7858,315,372,35,IS,TRO Irregulars\StrongArm SC CV-M ConstructionMech MOD.mtf
StrongArm,SC CVI ConstructionMech,7859,315,372,35,IS,TRO Irregulars\StrongArm SC CVI ConstructionMech.mtf
Flea,FLE-16,7427,506,506,20,IS,TRO SW\Flea FLE-16.mtf
Buster,BC XV HaulerMech,452,222,373,50,IS,TRO Vehicle Annex\Buster BC XV HaulerMech.mtf
Buster,BC XV-M HaulerMech MOD,453,443,661,50,IS,TRO Vehicle Annex\Buster BC XV-M HaulerMech MOD.mtf
Buster,BC XV-M-B HaulerMech MOD,454,475,693,50,IS,TRO Vehicle Annex\Buster BC XV-M-B HaulerMech MOD.mtf
Buster,BC XV-M-C HaulerMech MOD,7178,726,953,50,IS,TRO Vehicle Annex\Buster BC XV-M-C HaulerMech MOD.mtf
Buster,BC XV-M-W HaulerMech MOD,7179,713,787,50,IS,TRO Vehicle Annex\Buster BC XV-M-W HaulerMech MOD.mtf
Buster,BC XXI HaulerMech,7220,228,373,50,IS,TRO Vehicle Annex\Buster BC XXI HaulerMech.mtf
Carbine,CON-7 ConstructionMech,3894,198,239,30,IS,TRO Vehicle Annex\Carbine CON-7 ConstructionMech.mtf
Carbine,CON-7M ConstructionMech MOD,7161,306,355,30,IS,TRO Vehicle Annex\Carbine CON-7M ConstructionMech MOD.mtf
Carbine,CON-8 ConstructionMech,3895,185,239,30,IS,TRO Vehicle Annex\Carbine CON-8 ConstructionMech.mtf
Carbine,CON-8H HaulerMech,7162,177,239,30,IS,TRO Vehicle Annex\Carbine CON-8H HaulerMech.mtf
Carbine,CON-9 ConstructionMech,7163,246,287,30,IS,TRO Vehicle Annex\Carbine CON-9 ConstructionMech.mtf
Carbine,CON-9M ConstructionMech MOD,7164,289,336,30,IS,TRO Vehicle Annex\Carbine CON-9M ConstructionMech MOD.mtf
Carbine,CON-9M-B ConstructionMech MOD,7165,293,341,30,IS,TRO Vehicle Annex\Carbine CON-9M-B ConstructionMech MOD.mtf
CattleMaster,CTL-3R 'Herder' IndustrialMech,3905,228,264,25,IS,TRO Vehicle Annex\CattleMaster CTL-3R 'Herder' IndustrialMech.mtf
CattleMaster,CTL-3R2 'Hunter' IndustrialMech,3906,245,284,25,IS,TRO Vehicle Annex\CattleMaster CTL-3R2 'Hunter' IndustrialMech.mtf
CattleMaster,CTL-3R3 SecurityMech,7158,358,397,25,IS,TRO Vehicle Annex\CattleMaster CTL-3R3 SecurityMech.mtf
Chaffee,BT1 Servicemech,7151,212,348,15,IS,TRO Vehicle Annex\Chaffee BT1 Servicemech.mtf
Copper,CPK-19 SecurityMech,3993,310,349,25,IS,TRO Vehicle Annex\Copper CPK-19 SecurityMech.mtf
Copper,CPK-65 SecurityMech,3994,325,364,25,IS,TRO Vehicle Annex\Copper CPK-65 SecurityMech.mtf
Crosscut,ED-X1 LoggerMech,7166,251,297,30,IS,TRO Vehicle Annex\Crosscut ED-X1 LoggerMech.mtf
Crosscut,ED-X2M LoggerMech MOD,7167,248,294,30,IS,TRO Vehicle Annex\Crosscut ED-X2M LoggerMech MOD.mtf
Crosscut,ED-X4 LoggerMech,4024,223,266,30,IS,TRO Vehicle Annex\Crosscut ED-X4 LoggerMech.mtf
Crosscut,ED-X4B DemolitionMech,7168,224,266,30,IS,TRO Vehicle Annex\Crosscut ED-X4B DemolitionMech.mtf
Crosscut,ED-X4D DemolitionMech,4025,225,266,30,IS,TRO Vehicle Annex\Crosscut ED-X4D DemolitionMech.mtf
Crosscut,ED-X4M LoggerMech MOD,7169,430,476,30,IS,TRO Vehicle Annex\Crosscut ED-X4M LoggerMech MOD.mtf
Crosscut,ED-X4X LoggerMech,4026,230,266,30,IS,TRO Vehicle Annex\Crosscut ED-X4X LoggerMech.mtf
Crosscut,ED-X5M LoggerMech MOD,7170,317,363,30,IS,TRO Vehicle Annex\Crosscut ED-X5M LoggerMech MOD.mtf
Crosscut,ED-X5M-B DemolitionMech MOD,7171,460,497,30,IS,TRO Vehicle Annex\Crosscut ED-X5M-B DemolitionMech MOD.mtf
Dig King,RCL-1 MiningMech MOD,7172,460,506,35,IS,TRO Vehicle Annex\Dig King RCL-1 MiningMech MOD.mtf
Dig King,RCL-1 MiningMech,4078,409,453,35,IS,TRO Vehicle Annex\Dig King RCL-1 MiningMech.mtf
Dig Lord,RCL-4 MiningMech,4079,599,699,65,IS,TRO Vehicle Annex\Dig Lord RCL-4 MiningMech.mtf
ForestryMech,ED-X3,7160,202,238,25,IS,TRO Vehicle Annex\ForestryMech ED-X3.mtf
Grommet,D90 MilitiaMech,7180,836,933,75,IS,TRO Vehicle Annex\Grommet D90 MilitiaMech.mtf
Harvester Ant,KIC-3 AgroMech,4265,143,261,25,IS,TRO Vehicle Annex\Harvester Ant KIC-3 Agromech.mtf
Harvester Ant,KIC-3M AgroMech MOD,7152,127,227,20,IS,TRO Vehicle Annex\Harvester Ant KIC-3M AgroMech MOD.mtf
Harvester Ant,KIC-3M-B AgroMech MOD,7153,214,313,20,IS,TRO Vehicle Annex\Harvester Ant KIC-3M-B AgroMech MOD.mtf
Harvester,HVR-99 AgroMech,4264,339,383,30,IS,TRO Vehicle Annex\Harvester HVR-99 Agromech .mtf
Heavy Lifter,HCL-1 CargoMech,4274,667,746,60,IS,TRO Vehicle Annex\Heavy Lifter HCL-1 CargoMech.mtf
Jabberwocky,JAW-67 MilitiaMech,7176,907,971,50,IS,TRO Vehicle Annex\Jabberwocky MilitiaMech JAW-67.mtf
Lumberjack,LM5/M MilitiaMech,7177,1360,1457,70,IS,TRO Vehicle Annex\Lumberjack LM5M.mtf
Marco,MR-6 ExplorerMech,4594,295,345,30,IS,TRO Vehicle Annex\Marco MR-6.mtf
Marco,MR-7 ExplorerMech,4595,295,345,30,IS,TRO Vehicle Annex\Marco MR-7.mtf
Peacekeeper,PK-6 SecurityMech,7159,422,461,25,IS,TRO Vehicle Annex\Peacekeeper PK-6 SecurityMech.mtf
Peacemaker,PM-6 PoliceMech,7173,426,540,35,IS,TRO Vehicle Annex\Peacemaker PM6 PoliceMech.mtf
Pompier,GM-3A Firemech,4842,106,223,15,IS,TRO Vehicle Annex\Pompier GM-3A Firemech.mtf
Pompier,GM-3CD Firemech,4843,118,223,15,IS,TRO Vehicle Annex\Pompier GM-3CD FireMech.mtf
Pompier,GM-3HT Firemech,4844,106,223,15,IS,TRO Vehicle Annex\Pompier GM-3HT FireMech.mtf
Powerman,SC XI-M LoaderMech MOD,2565,294,436,35,IS,TRO Vehicle Annex\Powerman SC XI-M LoaderMech MOD.mtf
Powerman,SC XI-M-B LoaderMech MOD,2566,277,420,35,IS,TRO Vehicle Annex\Powerman SC XI-M-B LoaderMech MOD.mtf
Powerman,SC XV HaulerMech,4852,198,345,35,IS,TRO Vehicle Annex\Powerman SC XV HaulerMech.mtf
Powerman,SC XVI HaulerMech,4853,198,345,35,IS,TRO Vehicle Annex\Powerman SC XVI HaulerMech.mtf
Scavenger,SC-V SalvageMech,4987,528,693,80,IS,TRO Vehicle Annex\ScavengerMech SC-V SalvageMech.mtf
Scavenger,SC-V-M MilitiaMech,7174,672,829,80,IS,TRO Vehicle Annex\ScavengerMech SC-V-M MilitiaMech.mtf
Shugosha,LAW-QM1 Q-Mech,7154,161,272,20,IS,TRO Vehicle Annex\Shugosha LAW-QM1 Q-Mech.mtf
Shugosha,LAW-QM2 Q-Mech,7155,157,271,20,IS,TRO Vehicle Annex\Shugosha LAW-QM2 Q-Mech.mtf
Shugosha,LAW-QM3 Q-Mech,7156,189,313,20,IS,TRO Vehicle Annex\Shugosha LAW-QM3 Q-Mech.mtf
Shugosha,PTN-LAW LoaderMech,7157,102,177,20,IS,TRO Vehicle Annex\Shugosha PTN-LAW LoaderMech.mtf
Uni,ATAE-70 CargoMech,5321,533,953,70,IS,TRO Vehicle Annex\Uni ATAE-70 CargoMech.mtf
Uni,ATAE-70 MilitiaMech,6977,736,1149,70,IS,TRO Vehicle Annex\Uni ATAE-70 MilitiaMech.mtf
Uni,ATAE-70T CargoMech,7175,542,953,70,IS,TRO Vehicle Annex\Uni ATAE-70T CargoMech.mtf
Vampyr,SC-V-1 SalvageMech,5334,540,693,80,IS,TRO Vehicle Annex\Vampyr SC-V-1 SalvageMech.mtf
Commando,COM-1AK,7461,533,533,25,IS,ToS\ToS Kaumberg\Commando COM-1AK.mtf
Copper,CPK-65KM SecurityMech,7465,339,378,25,IS,ToS\ToS Kaumberg\Copper CPK-65KM SecurityMech.mtf
Crosscut,ED-X4K LoggerMech,7466,367,413,30,IS,ToS\ToS Kaumberg\Crosscut ED-X4K LoggerMech.mtf
Phoenix,PX-1KC,7467,766,766,50,IS,ToS\ToS Kaumberg\Phoenix PX-1KC.mtf
Phoenix,PX-1KL,7468,930,930,50,IS,ToS\ToS Kaumberg\Phoenix PX-1KL.mtf
Phoenix,PX-1KR,7469,760,670,50,IS,ToS\ToS Kaumberg\Phoenix PX-1KR.mtf
Phoenix,PX-1KT,7470,857,844,50,IS,ToS\ToS Kaumberg\Phoenix PX-1KT.mtf
Reconquista,,7472,927,928,75,IS,ToS\ToS Valencia\Reconquista.mtf
Atlas II,AS7-D-H (Devlin),7398,2491,2316,100,Mixed,Total Chaos\Atlas II AS7-D-H (Devlin).mtf
Awesome,AWS-10KM (Cameron),7397,2466,2419,80,Mixed,Total Chaos\Awesome AWS-10KM (Cameron).mtf
Archer,ARC-5CS,7598,1609,1518,70,IS,Tukayyid\Archer ARC-5CS.mtf
Black Knight,BL-9-KNT,362,1678,1652,75,IS,Tukayyid\Black Knight BL-9-KNT.mtf
Gladiator,TC,7596,3363,3361,95,Clan,Tukayyid\Gladiator (Executioner) TC.mtf
Loki,M,7594,2200,2194,65,Clan,Tukayyid\Loki (Hellbringer) M.mtf
Mad Cat,TC,7595,2903,2889,75,Clan,Tukayyid\Mad Cat (Timber Wolf) TC.mtf
Marauder,MAD-5CS,7600,1648,1648,75,IS,Tukayyid\Marauder MAD-5CS.mtf
Phoenix Hawk,PXH-1bC,7602,1174,1233,45,IS,Tukayyid\Phoenix Hawk PXH-1bC.mtf
Puma,TC,7589,1247,1217,35,Clan,Tukayyid\Puma (Adder) TC.mtf
Rifleman,RFL-5CS,7597,1303,1303,60,IS,Tukayyid\Rifleman RFL-5CS.mtf
Ryoken,Attwater,7591,1482,1445,55,Clan,Tukayyid\Ryoken (Stormcrow) Attwater.mtf
Ryoken,TC,7592,2373,2373,55,Clan,Tukayyid\Ryoken (Stormcrow) TC.mtf
Shadow Cat,TC,7590,1378,1376,45,Clan,Tukayyid\Shadow Cat TC.mtf
Shadow Hawk,SHD-2Ht,7737,1453,1444,55,IS,Tukayyid\Shadow Hawk SHD-2Ht.mtf
Vulture,S,7593,2676,2673,60,Clan,Tukayyid\Vulture (Mad Dog) S.mtf
Warhammer,WHM-7CS,7599,1751,1760,70,IS,Tukayyid\Warhammer WHM-7CS.mtf
Annihilator,ANH-1E,36,1625,1625,100,IS,Turning Points\HTP Death to Mercenaries\Annihilator ANH-1E.mtf
Victor,VTR-9B (Li),3402,1625,1625,80,IS,Turning Points\HTP Death to Mercenaries\Victor Li.mtf
Atlas,AS7-WGS (Samsonov),150,1884,1884,100,IS,Turning Points\HTP Galtor\Atlas AS7-WGS Samsonov.mtf
Dragon,DRG-2Y (Yoriyoshi),910,1257,1257,60,IS,Turning Points\HTP Galtor\Dragon DRG-2Y Yoriyoshi.mtf
Marauder,MAD-SD (Douglass),2052,1459,1459,75,IS,Turning Points\HTP Galtor\Marauder MAD-SD Douglass.mtf
Thunderbolt,TDR-5S-T (Tallman),3242,1447,1447,65,IS,Turning Points\HTP Galtor\Thunderbolt TDR-5S-T Tallman.mtf
Zeus,(Leonidas),3638,1878,1886,80,IS,Turning Points\HTP Glengary\Zeus (Leonidas).mtf
Cauldron-Born,(Samantha),5862,2372,2463,65,Clan,Turning Points\HTP Luzerne\Cauldron-Born (Ebon Jaguar) (Samantha).mtf
Grasshopper,(Reynolds),5861,2344,2344,70,Mixed,Turning Points\HTP Luzerne\Grasshopper (Reynolds).mtf
Atlas,AS7-D (Danielle),141,1976,1976,100,IS,Turning Points\HTP Misery\Atlas AS7-D (Danielle).mtf
Ostroc,OSR-2C (Michi),2349,1321,1321,60,IS,Turning Points\HTP Misery\Ostroc OSR-2C Michi.mtf
Stalker,STK-3F (Jagawen),3036,1570,1570,85,IS,Turning Points\HTP Misery\Stalker STK-3F Jagawen.mtf
Rampage,RMP-4G (Benboudaoud),6974,1751,1791,85,IS,Turning Points\HTP New Dallas\Rampage RMP-4G (Benboudaoud).mtf
Victor,VTR-9B (Kataga),6969,1991,2000,80,IS,Turning Points\HTP New Dallas\Victor VTR-9B (Kataga).mtf
Awesome,AWS-8Q (Buck),7311,1787,1787,80,IS,Turning Points\HTP Tortuga\Awesome AWS-8Q (Buck).mtf
Brigand,LDT-5,7312,762,746,25,IS,Turning Points\HTP Tortuga\Brigand LDT-5.mtf
Brigand,LDT-XPR1,7313,723,723,25,IS,Turning Points\HTP Tortuga\Brigand LDT-XPR1.mtf
Brigand,LDT-XPR2,7314,956,956,25,IS,Turning Points\HTP Tortuga\Brigand LDT-XPR2.mtf
Brigand,LDT-XPR3,7315,752,739,25,IS,Turning Points\HTP Tortuga\Brigand LDT-XPR3.mtf
Brigand,LDT-XPR4,7316,739,739,25,IS,Turning Points\HTP Tortuga\Brigand LDT-XPR4.mtf
Brigand,LDT-XPR5,7317,743,718,25,IS,Turning Points\HTP Tortuga\Brigand LDT-XPR5.mtf
Albatross,ALB-5W (Dantalion),30,2296,1896,95,IS,Turning Points\JTP Atreus\Albatross ALB-5W Dantalion.mtf
Emperor,EMP-6ME 'Mercury Elite',969,2004,1610,90,IS,Turning Points\JTP Atreus\Emperor EMP-6ME Mercury Elite.mtf
Dasher,(Aletha),837,1388,1388,20,Clan,Turning Points\JTP Dieron\Dasher (Fire Moth) Aletha.mtf
Kodiak,(Cale),1804,2535,2532,100,Mixed,Turning Points\JTP Dieron\Kodiak Cale.mtf
Galahad,GLH-3D (Laodices),6978,1549,1437,60,IS,Turning Points\JTP Hespersus\Galahad GLH-3D Laodices.mtf
Black Hawk-KU,BHKU-O (Albert),346,2377,2377,60,Mixed,Turning Points\JTP Luthien\Black Hawk-KU BHKU-O Albert.mtf
Thresher,(Edward),3197,2104,2136,60,Mixed,Turning Points\JTP Luthien\Thresher Edward.mtf
Griffin,GRF-1E2 'Sparky 2.0',1296,1862,1862,55,IS,Turning Points\JTP New Avalon\Griffin GRF-1E2 Sparky 2.0.mtf
Grim Reaper,GRM-R-PR62A,1331,1542,1503,55,IS,Turning Points\JTP New Avalon\Grim Reaper GRM-R-PR62A.mtf
Cataphract,CTF-5MOC (Naomi),476,2028,1957,70,IS,Turning Points\JTP Sian\Cataphract CTF-5MOC Naomi.mtf
Jinggau,JN-G8BX (Rush),1709,1337,1279,65,IS,Turning Points\JTP Sian\Jinggau JN-G8BX Rush.mtf
Seraph,C-SRP-OR (Ravana),2875,1941,1619,85,IS,Turning Points\JTP Sian\Seraph C-SRP-O Ravana.mtf
Dragon Fire,DGR-6FC2 (Gregory),916,2230,1767,75,IS,Turning Points\JTP Tharkad\Dragon Fire DGR-6FC2 (Gregory).mtf
Fafnir,FNR-4A (Peter),1020,2458,2286,100,IS,Turning Points\JTP Tharkad\Fafnir FNR-4A Peter.mtf
Centurion,CN9-YLW3 'Yen Lo Wang',7404,1815,1442,50,Mixed,Turning Points\OTP Capellan Crusades\Centurion CN9-YLW3 'Yen Lo Wang'.mtf
Orion IIC,'Burton',7403,2746,2301,75,Clan,Turning Points\OTP Capellan Crusades\Orion IIC 'Burton'.mtf
Tian-Zong,TNZ-N3 'Jasminda',7402,1826,1839,75,IS,Turning Points\OTP Capellan Crusades\Tian-Zong TNZ-N3 'Jasminda'.mtf
BattleMaster,BLR-3M (Rogers),3805,1818,1810,85,IS,Turning Points\OTP Falcon Incursion\BattleMaster BLR-3M (Rogers).mtf
Nightstar,NSR-9J (Brubaker),4723,2838,2742,95,Mixed,Turning Points\OTP Falcon Incursion\Nightstar NSR-9J Brubaker.mtf
Marauder,MAD-7D (Von Staskov),7697,2150,1879,75,IS,Turning Points\OTP Fronc Reaches\Marauder MAD-7D (Von Staskov).mtf
Marshal,MHL-6FR,7698,1429,1369,55,IS,Turning Points\OTP Fronc Reaches\Marshal MHL-6FR.mtf
Phoenix Hawk,PXH-3D (Jiemin),7699,1322,1322,45,IS,Turning Points\OTP Fronc Reaches\Phoenix Hawk PXH-3D (Jiemin).mtf
Cazador,,7881,921,956,35,Clan,Turning Points\OTP Hanseatic Crusade\Cazador.mtf
Rhino,,7883,2124,1870,50,Mixed,Turning Points\OTP Hanseatic Crusade\Rhino.mtf
Snow Fox (Omni),A,7879,831,802,20,Clan,Turning Points\OTP Hanseatic Crusade\Snow Fox (Omni) A.mtf
Snow Fox (Omni),B,7880,1249,1193,20,Clan,Turning Points\OTP Hanseatic Crusade\Snow Fox (Omni) B.mtf
Snow Fox (Omni),Prime,7878,1464,1398,20,Clan,Turning Points\OTP Hanseatic Crusade\Snow Fox (Omni) Prime.mtf
Surtur,SUR-T1,7884,1203,1180,55,IS,Turning Points\OTP Hanseatic Crusade\Surtur SUR-T1.mtf
Tolva,,7882,1449,1434,40,Clan,Turning Points\OTP Hanseatic Crusade\Tolva.mtf
BattleMaster,BLR-1G (Red Corsair),284,2745,2744,85,Clan,Turning Points\OTP Red Corsair\BattleMaster BLR-1G Red Corsair.mtf
Man O' War,(Conal),2001,2580,2575,80,Clan,Turning Points\OTP Red Corsair\Man O' War (Gargoyle) (Conal).mtf
Atlas II,AS7-D-H (Kerensky),7310,2777,2703,100,Clan,Turning Points\OTP WidowMaker Absorption\Atlas II AS7-D-H (Kerensky).mtf
Highlander,HGN-732 (Jorgensson),7309,2682,2664,90,Mixed,Turning Points\OTP WidowMaker Absorption\Highlander HGN-732 (Jorgensson).mtf
Vanquisher,VQR-7V (Pravuil),7342,2073,1822,100,IS,Turning Points\TP Arcturus\Vanquisher VQR-7V (Pravuil).mtf
Dragoon,AEM-05C,7399,1893,1786,70,Mixed,Turning Points\TP Epsilon Eridani\Dragoon AEM-05C.mtf
Lament,LMT-2R (Manes),7400,2297,2302,65,Mixed,Turning Points\TP Epsilon Eridani\Lament LMT-2R (Manes).mtf
Night Chanter,A,9233,1604,1585,45,Clan,Turning Points\TP Foster\Night Chanter A.mtf
Night Chanter,Prime,9232,1645,1645,45,Clan,Turning Points\TP Foster\Night Chanter Prime.mtf
Spirit Walker,A,9236,1990,1988,75,Clan,Turning Points\TP Foster\Spirit Walker A.mtf
Spirit Walker,Prime,9237,2115,2112,75,Clan,Turning Points\TP Foster\Spirit Walker Prime.mtf
Inquisitor II,ITW-200,7332,1186,695,50,IS,Turning Points\TP Irian\Inquisitor II ITW-200.mtf
Marauder II,MAD-6S,7331,2546,2524,100,IS,Turning Points\TP Irian\Marauder II MAD-6S.mtf
Jenner,JR7-F (Smith),7796,1070,1070,35,IS,Turning Points\TP Vega 3039\Jenner JR7-F (Smith).mtf
Vulcan,VL-2T (Timms),7797,603,603,40,IS,Turning Points\TP Vega 3039\Vulcan VL-2T (Timms).mtf
Warhammer,WHM-6K (Olesko),7798,1338,1338,70,IS,Turning Points\TP Vega 3039\Warhammer WHM-6K (Olesko).mtf
UrbanKnight,UM-DKX,,,933,60,Mixed,Urbanfest\UrbanKnight UM-DKX.mtf
Urbanmaster,UM-S60,,,1527,70,IS,Urbanfest\Urbanmaster UM-S60.mtf
Bull Shark,BSK-M3,,,1746,95,Mixed,Videogame (Apocryphal)\Bull Shark BSK-M3.mtf
Bull Shark,BSK-MAZ,,,1996,95,Mixed,Videogame (Apocryphal)\Bull Shark BSK-MAZ.mtf
Corsair,COR-5R,,,1704,95,IS,Videogame (Apocryphal)\Corsair COR-5R.mtf
Corsair,COR-5T,,,1454,95,IS,Videogame (Apocryphal)\Corsair COR-5T.mtf
Corsair,COR-6R,,,1636,95,IS,Videogame (Apocryphal)\Corsair COR-6R.mtf
Corsair,COR-7A,,,1714,95,IS,Videogame (Apocryphal)\Corsair COR-7A.mtf
Corsair,COR-7R,,,1781,95,IS,Videogame (Apocryphal)\Corsair COR-7R.mtf
Corsair,COR-BR Broadside,,,2140,95,IS,Videogame (Apocryphal)\Corsair COR-BR Broadside.mtf
Corsair,COR-RA Ravager,,,2108,95,IS,Videogame (Apocryphal)\Corsair COR-RA Ravager.mtf
Roughneck,RGH-1A,,,1100,65,IS,Videogame (Apocryphal)\Roughneck RGH-1A.mtf
Roughneck,RGH-1B,,,1116,65,IS,Videogame (Apocryphal)\Roughneck RGH-1B.mtf
Roughneck,RGH-1C,,,1240,65,IS,Videogame (Apocryphal)\Roughneck RGH-1C.mtf
Roughneck,RGH-2A,,,1054,65,IS,Videogame (Apocryphal)\Roughneck RGH-2A.mtf
Roughneck,RGH-3A,,,1509,65,IS,Videogame (Apocryphal)\Roughneck RGH-3A.mtf
Roughneck,RGH-BLT Bolt,,,1340,65,IS,Videogame (Apocryphal)\Roughneck RGH-BLT Bolt.mtf
Roughneck,RGH-PH Powerhouse,,,1250,65,IS,Videogame (Apocryphal)\Roughneck RGH-PH Powerhouse.mtf
Roughneck,RGH-R Reaver,,,1358,65,IS,Videogame (Apocryphal)\Roughneck RGH-R Reaver.mtf
Sun Spider,A,,,1928,70,Clan,Videogame (Apocryphal)\Sun Spider A.mtf
Sun Spider,Ambush,,,2199,70,Clan,Videogame (Apocryphal)\Sun Spider Ambush.mtf
Sun Spider,B,,,2475,70,Clan,Videogame (Apocryphal)\Sun Spider B.mtf
Sun Spider,C,,,2391,70,Clan,Videogame (Apocryphal)\Sun Spider C.mtf
Sun Spider,D,,,2095,70,Clan,Videogame (Apocryphal)\Sun Spider D.mtf
Sun Spider,Manul,,,2761,70,Clan,Videogame (Apocryphal)\Sun Spider Manul.mtf
Sun Spider,Prime,,,2280,70,Clan,Videogame (Apocryphal)\Sun Spider Prime.mtf
Sun Spider,Vanguard,,,2005,70,Clan,Videogame (Apocryphal)\Sun Spider Vanguard.mtf
Talon,TLN-5VNO,,,977,35,IS,WWEs\Talon TLN-5VNO.mtf
Cephalus,A,3929,809,668,25,Mixed,WoR Supplemental\Cephalus A.mtf
Cephalus,B,5638,785,683,25,Mixed,WoR Supplemental\Cephalus B.mtf
Cephalus,C,5639,1209,954,25,Mixed,WoR Supplemental\Cephalus C.mtf
Cephalus,D,5640,1450,1359,25,Mixed,WoR Supplemental\Cephalus D.mtf
Cephalus,E,5641,1284,1161,25,Mixed,WoR Supplemental\Cephalus E.mtf
Cephalus,Prime,3930,1038,654,25,Mixed,WoR Supplemental\Cephalus Prime.mtf
Cephalus,U,5642,878,710,25,Mixed,WoR Supplemental\Cephalus U.mtf
Dragonfly,Z,5644,1692,1617,40,Clan,WoR Supplemental\Dragonfly (Viper) Z.mtf
Koshi,Z,5643,970,759,25,Mixed,WoR Supplemental\Koshi (Mist Lynx) Z.mtf
Mad Cat,Z,5822,2923,2316,75,Clan,WoR Supplemental\Mad Cat (Timber Wolf) Z.mtf
Osteon,(Jaguar),5830,2528,2670,85,Clan,WoR Supplemental\Osteon (Jaguar).mtf
Osteon,A,4766,2291,2341,85,Clan,WoR Supplemental\Osteon A.mtf
Osteon,B,5823,2625,2613,85,Mixed,WoR Supplemental\Osteon B.mtf
Osteon,C,5824,3139,2923,85,Clan,WoR Supplemental\Osteon C.mtf
Osteon,D,5825,2587,2587,85,Clan,WoR Supplemental\Osteon D.mtf
Osteon,E,5826,2762,2763,85,Clan,WoR Supplemental\Osteon E.mtf
Osteon,F,5827,2716,2745,85,Clan,WoR Supplemental\Osteon F.mtf
Osteon,G,5828,2388,2700,85,Clan,WoR Supplemental\Osteon G.mtf
Osteon,Prime,4767,3073,2249,85,Clan,WoR Supplemental\Osteon Prime.mtf
Osteon,U,5829,2647,2348,85,Clan,WoR Supplemental\Osteon U.mtf
Pariah (Septicemia),A-Z,5812,2388,1744,55,Clan,WoR Supplemental\Pariah (Septicemia) A-Z.mtf
Pariah (Septicemia),B-Z,5813,2349,2286,55,Clan,WoR Supplemental\Pariah (Septicemia) B-Z.mtf
Pariah (Septicemia),C-Z,5814,2264,2193,55,Clan,WoR Supplemental\Pariah (Septicemia) C-Z.mtf
Pariah (Septicemia),D-Z,5815,2704,2680,55,Clan,WoR Supplemental\Pariah (Septicemia) D-Z.mtf
Pariah (Septicemia),E,5023,2950,2950,55,Clan,WoR Supplemental\Pariah (Septicemia) E.mtf
Pariah (Septicemia),F,5816,1586,2086,55,Clan,WoR Supplemental\Pariah (Septicemia) F.mtf
Pariah (Septicemia),US,5817,2308,2215,55,Clan,WoR Supplemental\Pariah (Septicemia) US.mtf
Pariah (Septicemia),UW,5818,1913,1680,55,Clan,WoR Supplemental\Pariah (Septicemia) UW.mtf
Pariah (Septicemia),Z,5819,2072,1643,55,Clan,WoR Supplemental\Pariah (Septicemia) Z.mtf
Ryoken,Z,5820,2855,2035,55,Clan,WoR Supplemental\Ryoken (Stormcrow) Z.mtf
Savage Coyote,Z,5831,3080,2338,85,Clan,WoR Supplemental\Savage Coyote Z.mtf
Thor,Z,5821,2783,1753,70,Clan,WoR Supplemental\Thor (Summoner) Z.mtf
Turkina,Z,5832,3935,2576,95,Clan,WoR Supplemental\Turkina Z.mtf
Archangel,C-ANG-O (Berith),64,2060,1912,100,IS,Wolf and Blake\Archangel C-ANG-O Berith.mtf
BattleMaster,BLR-4S (Calvin II),295,2274,2284,85,IS,Wolf and Blake\BattleMaster BLR-4S Calvin II.mtf
BattleMaster,BLR-4S (Calvin),296,2029,2047,85,IS,Wolf and Blake\BattleMaster BLR-4S Calvin.mtf
Deva,C-DVA-O (Achilleus),884,1595,1151,70,IS,Wolf and Blake\Deva C-DVA-O Achilleus.mtf
Gallowglas,GAL-4GLSA,1187,2017,2017,70,IS,Wolf and Blake\Gallowglas GAL-4GLSA.mtf
Griffin,GRF-6S (Francine II),1308,2249,2304,55,IS,Wolf and Blake\Griffin GRF-6S Francine II.mtf
Griffin,GRF-6S (Francine),1309,1778,1762,55,IS,Wolf and Blake\Griffin GRF-6S Francine.mtf
Grigori,C-GRG-O (Rufus),1318,1422,1263,60,IS,Wolf and Blake\Grigori C-GRG-O Rufus.mtf
Lightray,LGH-6W,1885,1554,1554,55,IS,Wolf and Blake\Lightray LGH-6W.mtf
Malak,C-MK-O (Mi),1993,758,528,30,IS,Wolf and Blake\Malak C-MK-O Mi.mtf
Preta,C-PRT-O (Kendali),2572,999,832,45,IS,Wolf and Blake\Preta C-PRT-O Kendali.mtf
Seraph,C-SRP-O (Havalah),2868,1927,1576,85,IS,Wolf and Blake\Seraph C-SRP-O Havalah.mtf
Uziel,UZL-2S (Jacob II),3366,1271,1264,50,IS,Wolf and Blake\Uziel UZL-2S Jacob II.mtf
Uziel,UZL-2S (Jacob),3367,1513,1621,50,IS,Wolf and Blake\Uziel UZL-2S Jacob.mtf
Wolfhound,WLF-4WA,3568,1050,1050,35,IS,Wolf and Blake\Wolfhound WLF-4WA.mtf
Zeus-X,ZEU-9WD (Stacy),3647,1921,1647,80,IS,Wolf and Blake\Zeus X ZEU-9WD Stacy.mtf
Merlin,MLN-SX,2181,1181,968,60,IS,XTRs\Boondocks\Merlin MLN-SX.mtf
Spindrift Aquatic SecurityMech,SDT-1,3021,441,239,30,IS,XTRs\Boondocks\Spindrift Aquatic SecurityMech SDT-1.mtf
Whitworth,WTH-5S,3544,1230,1182,40,IS,XTRs\Boondocks\Whitworth WTH-5S.mtf
Liberator,LIB-4T,5845,,880,40,IS,XTRs\Boondoggles\Liberator LIB-4T.mtf
Ostscout IIC,,5844,520,497,35,Mixed,XTRs\Boondoggles\Ostscout IIC.mtf
Aquagladius,AQS-5 MAM,8108,1946,673,50,IS,XTRs\Caveat Emptor\Aquagladius AQS-5 MAM.mtf
Carbine,CON-9M-D ConstructionMech MOD,8098,257,303,30,Mixed,XTRs\Caveat Emptor\Carbine CON-9M-D ConstructionMech MOD.mtf
Crosscut,IIC SolahmaMech,8099,571,624,30,Clan,XTRs\Caveat Emptor\Crosscut IIC SolahmaMech.mtf
Daedalus,DAD-DX,8105,1606,1581,45,IS,XTRs\Caveat Emptor\Daedalus DAD-DX.mtf
Gauss-Buster,MilitiaMech,8100,675,719,50,IS,XTRs\Caveat Emptor\Gauss-Buster.mtf
OmniMarauder,MAD-BR-OA,8111,2127,1954,75,Mixed,XTRs\Caveat Emptor\Omni-Marauder A.mtf
OmniMarauder,MAD-BR-O,8110,2836,2836,75,Mixed,XTRs\Caveat Emptor\Omni-Marauder Prime.mtf
Phoenix Hawk,PXH-99,8106,1444,1155,45,IS,XTRs\Caveat Emptor\Phoenix Hawk PXH-99.mtf
Porcupine,PRC-3N,8102,511,423,20,IS,XTRs\Caveat Emptor\Porcupine PRC-3N.mtf
Scourge,SCG-WX1,8109,2480,2341,65,Mixed,XTRs\Caveat Emptor\Scourge SCG-WX1.mtf
Uni,ATAE-70 ArtilleryMech,8101,865,881,70,IS,XTRs\Caveat Emptor\Uni ATAE-70 ArtilleryMech.mtf
Valkyrie,VLK-QD5,8104,690,729,30,Mixed,XTRs\Caveat Emptor\Valkyrie VLK-QD5.mtf
Volkh,VKH-68,8107,1679,1663,45,IS,XTRs\Caveat Emptor\Volkh VKH-68.mtf
Wasp,WSP-3X,8103,521,517,20,IS,XTRs\Caveat Emptor\Wasp WSP-3X.mtf
Cougar,XR,4013,1783,1245,35,Mixed,XTRs\Clans\Cougar-XR.mtf
Ha Otoko-HR,,4258,1547,1300,65,Mixed,XTRs\Clans\Ha Otoko-HR.mtf
Kraken-XR,,4463,2894,2575,100,Clan,XTRs\Clans\Kraken-XR.mtf
Ursus,PR,5330,1194,1010,50,Mixed,XTRs\Clans\Ursus PR.mtf
Beowulf,BEO-X-7a,5548,1473,1429,45,IS,XTRs\ComStar\Beowulf BEO-X-7a.mtf
Celerity,CLR-02-X-D,5553,157,163,15,IS,XTRs\ComStar\Celerity CLR-02-X-D.mtf
Exterminator,EXT-6CS,5551,1592,1534,65,IS,XTRs\ComStar\Exterminator EXT-6CS.mtf
Grim Reaper,GRM-R (Einar),5550,2121,1867,55,Mixed,XTRs\ComStar\Grim Reaper GRM-R (Einar).mtf
Highlander,HGN-641-X-2,5552,2185,2397,90,IS,XTRs\ComStar\Highlander HGN-641-X-2.mtf
Tessen,TSN-X-4,5549,1263,1322,50,IS,XTRs\ComStar\Tessen TSN-X-4.mtf
Arbiter,ARB-001 SecurityMech,3714,507,444,35,IS,XTRs\Corporations\Arbiter ARB-001.mtf
Charger,CGR-1X1,563,2009,1987,80,IS,XTRs\Corporations\Charger CGR-1X1.mtf
Firestarter,FS9-X81,1092,1065,1165,35,IS,XTRs\Corporations\Firestarter FS9-X81.mtf
Hunchback,HBK-7X-4,1567,1208,1272,50,IS,XTRs\Corporations\Hunchback HBK-7X-4.mtf
Quickdraw,QKD-8X,2617,1612,1574,60,IS,XTRs\Corporations\Quickdraw QKD-8X.mtf
Devastator,DVS-X10 MUSE EARTH,896,3250,2737,100,IS,XTRs\Davion\Devastator DVS-X10 MUSE EARTH.mtf
Enforcer III,ENF-7X MUSE COMPACT,987,1670,778,50,Mixed,XTRs\Davion\Enforcer III ENF-7X MUSE COMPACT.mtf
Legionnaire,LGN-2X1 MUSE FIRE,1864,2032,2092,50,Mixed,XTRs\Davion\Legionnaire LGN-2X1 MUSE FIRE.mtf
Pendragon,PDG-1X MUSE RED,2464,2230,1532,95,Mixed,XTRs\Davion\Pendragon PDG-1X MUSE RED.mtf
Rifleman,RFL-X3 MUSE WIND,2708,2012,2027,60,Mixed,XTRs\Davion\Rifleman RFL-X3 MUSE WIND.mtf
Crosscut,ED-XX 'Ichabod',744,442,481,30,IS,XTRs\Gladiators\Crosscut ED-XX Ichabod.mtf
Juggernaut,JG-R9TX1 'Leapin' Lil',1716,1951,1914,90,IS,XTRs\Gladiators\Juggernaut JG-R9TX1 Leapin' Lil.mtf
Spatha,SP2-X 'Warlord',2999,1973,1612,60,IS,XTRs\Gladiators\Spatha SP2-X Warlord.mtf
Valiant,VAL-NT-JX 'Hot Knife',3370,989,911,30,IS,XTRs\Gladiators\Valiant VAL-NT-JX Hot Knife.mtf
Warhammer,WHM-X7 'The Lich',3499,1807,1614,70,Mixed,XTRs\Gladiators\Warhammer WHM-X7 The Lich.mtf
Wraith,TR2-X 'Alexander',3590,1816,1803,55,Mixed,XTRs\Gladiators\Wraith TR2-X Alexander.mtf
Exterminator,EXT-4DX,7321,1794,1729,65,IS,XTRs\Gunslingers\Exterminator EXT-4DX Caine.mtf
Mongoose,MON-66GX,7318,887,873,25,IS,XTRs\Gunslingers\Mongoose MON-66GX Gunslinger.mtf
Rifleman III,RF2-A,7323,1819,1742,90,IS,XTRs\Gunslingers\Rifleman III RF2-A.mtf
Thug,THG-11ECX (Jose),7322,1668,1668,80,IS,XTRs\Gunslingers\Thug THG-11ECX (Jose).mtf
Wyvern,WVE-5UX,7319,1273,1204,45,IS,XTRs\Gunslingers\Wyvern WVE-5UX City.mtf
Banzai,BNZ-X,251,2647,2409,90,Mixed,XTRs\Kurita\Banzai BNZ-X.mtf
Hatamoto-Kaeru,HTM-35X,1406,1906,1950,80,IS,XTRs\Kurita\Hatamoto-Kaeru HTM-35X.mtf
Jenner,JR10-X,1686,1269,1327,35,IS,XTRs\Kurita\Jenner JR10-X.mtf
No-Dachi,NDA-3X,2298,2609,2580,70,Mixed,XTRs\Kurita\No-Dachi NDA-3X.mtf
Wolf Trap (Tora),WFT-2X 'Bear Trap',3557,1211,921,45,IS,XTRs\Kurita\Wolf Trap (Tora) WFT-2X 'Bear Trap'.mtf
Dola,DOL-1A,903,911,871,30,IS,XTRs\Liao\Dola DOL-1A.mtf
Pillager,PLG-4X 'Anvil',2526,1927,1173,100,IS,XTRs\Liao\Pillager PLG-4x Anvil.mtf
Raven X,RVN-3X,2672,1021,987,35,IS,XTRs\Liao\Raven X RVN-3X.mtf
Vindicator,VND-3LD (Dao),3427,1639,1527,45,Mixed,XTRs\Liao\Vindicator VND-3LD (Dao).mtf
Awesome,AWS-11M,173,1801,1772,80,Mixed,XTRs\Marik\Awesome AWS-11M.mtf
Hermes II,HER-7S,1505,1525,1693,40,Mixed,XTRs\Marik\Hermes II HER-7S.mtf
Jackal,JA-KL-1579,1654,1269,1112,30,IS,XTRs\Marik\Jackal JA-KL-1579.mtf
Orion,ON3-MX,2339,1849,1036,75,IS,XTRs\Marik\Orion ON3-MX.mtf
Pandarus,LFA-1X,2412,1486,871,75,IS,XTRs\Marik\Pandarus LFA-1X.mtf
Sarissa,MN1-D,2797,850,624,50,IS,XTRs\Marik\Sarissa MN1-D.mtf
Annihilator,ANH-2AX,40,2553,1637,100,IS,XTRs\Mercenaries\Annihilator ANH-2AX.mtf
Grasshopper,GHR-7X,1271,1587,1503,70,IS,XTRs\Mercenaries\Grasshopper GHR-7X.mtf
Hoplite,HOP-4X,1544,1880,1415,55,Mixed,XTRs\Mercenaries\Hoplite HOP-4X.mtf
Wolfhound,WLF-2X,3564,1812,1621,35,IS,XTRs\Mercenaries\Wolfhound WLF-2X.mtf
Black Knight,BL-X-KNT 'Red Reaper',5783,1858,1604,75,IS,XTRs\Most Wanted\Black Knight BL-X-KNT 'Red Reaper'.mtf
Fireball,ALM-XF,5781,612,560,20,IS,XTRs\Most Wanted\Fireball ALM-XF.mtf
Huron Warrior,HUR-WO-RX4,5782,1728,1363,50,IS,XTRs\Most Wanted\Huron Warrior HUR-WO-RX4.mtf
Mauler,MAL-4X 'Todesbote',5784,1904,1661,90,IS,XTRs\Most Wanted\Mauler MAL-4X 'Todesbote'.mtf
Pompier,GM-FL FireMech,5780,88,243,15,IS,XTRs\Most Wanted\Pompier GM-FL FireMech.mtf
Anubis,ABS-3MC,5562,1074,864,30,IS,XTRs\Periphery\Anubis ABS-3MC.mtf
Atlas,AS7-00 (Jurn),5564,2058,1789,100,IS,XTRs\Periphery\Atlas AS-700 Jurn.mtf
Dig Lord,RCL-Z1 Armed MiningMech,5565,681,696,65,IS,XTRs\Periphery\Dig Lord RCL-Z1 Armed MiningMech.mtf
Trebuchet,TBT-XK7,5563,1549,1298,50,IS,XTRs\Periphery\Trebuchet TBT-XK7.mtf
Chameleon,CLN-7VQ 'Q-'Mech',5601,2105,1994,50,Mixed,XTRs\Phantoms\Chameleon Q-'Mech CLN-7VQ.mtf
Grand Titan,T-IT-N14R 'Vengeance',5604,2237,2344,100,Mixed,XTRs\Phantoms\Grand Titan Vengeance T-IT-N14R.mtf
Warlord,BLR-2XC,5602,1844,1826,75,IS,XTRs\Phantoms\Warlord BLR-2XC.mtf
Wight,WGT-4NC 'Dezgra',5600,1578,1555,35,Mixed,XTRs\Phantoms\Wight Dezgra WGT-4NC.mtf
Commando,COM-7S2 (Freyr),677,1105,1141,25,Mixed,XTRs\Pirates\Commando COM-7S2 Freyr.mtf
Daimyo,DMO-1K2 (Al-Shahab),803,1332,1340,40,IS,XTRs\Pirates\Daimyo DMO-1K2 Al-Shahab.mtf
Dervish,DV-8D2 'Lightbringer',882,1717,1610,55,IS,XTRs\Pirates\Dervish DV-8D2 Lightbringer.mtf
Hellspawn,HSN-7D2 (Halperin),1478,1431,1411,45,IS,XTRs\Pirates\Hellspawn HSN-7D2 Halperin.mtf
Victor,VTR-9K2 (St. James),3412,2006,708,80,IS,XTRs\Pirates\Victor VTR-9K2 St. James.mtf
Bellerophon,BEL-1X,3817,957,957,60,IS,XTRs\Primitives III\Bellerophon BEL-1X.mtf
Dervish,DV-1S,877,864,864,55,IS,XTRs\Primitives III\Dervish DV-1S.mtf
Eisenfaust,EFT-2,5618,715,715,45,IS,XTRs\Primitives III\Eisenfaust EFT-2.mtf
Firebee,FRB-1E (WAM-B),1078,514,514,35,IS,XTRs\Primitives III\Firebee FRB-1E(WAM-B).mtf
Longbow,LGB-0C,5619,1295,1295,85,IS,XTRs\Primitives III\Longbow LGB-0C.mtf
Thunderbolt,TDR-1C,5237,1237,1238,65,IS,XTRs\Primitives III\Thunderbolt TDR-1C.mtf
Banshee,BNC-1E,3785,1458,1465,95,IS,XTRs\Primitives II\Banshee BNC-1E.mtf
BattleAxe,BKX-1X,5584,1079,1096,70,IS,XTRs\Primitives II\BattleAxe BKX-1X.mtf
Crossbow,CRS-X,5583,969,969,60,IS,XTRs\Primitives II\Crossbow CRS-X.mtf
Gladiator,GLD-1R,1198,1027,1027,55,IS,XTRs\Primitives II\Gladiator GLD-1R.mtf
Icarus,ICR-1X,1599,700,700,40,IS,XTRs\Primitives II\Icarus ICR-1X.mtf
Wasp,WSP-1,3519,314,314,20,IS,XTRs\Primitives II\Wasp WSP-1.mtf
Emperor,EMP-1A,7186,1453,1453,90,IS,XTRs\Primitives IV\Emperor EMP-1A.mtf
Griffin,GRF-1A,7185,1024,1054,60,IS,XTRs\Primitives IV\Griffin GRF-1A.mtf
Rifleman,RFL-1N,7183,931,931,50,IS,XTRs\Primitives IV\Rifleman RFL-1N.mtf
Rifleman,RFL-2N,7184,1093,1093,50,IS,XTRs\Primitives IV\Rifleman RFL-2N.mtf
Swordsman,SWD-1,7181,692,692,40,IS,XTRs\Primitives IV\Swordsman SWD-1.mtf
Swordsman,SWD-2,7182,803,803,40,IS,XTRs\Primitives IV\Swordsman SWD-2.mtf
Toro,TR-A-1,3276,671,671,35,IS,XTRs\Primitives IV\Toro TR-A-1.mtf
Xanthos,XNT-2O,3603,1300,1285,100,IS,XTRs\Primitives IV\Xanthos XNT-2O.mtf
Commando,COM-1A,666,475,475,25,IS,XTRs\Primitives I\Commando COM-1A.mtf
Helepolis,HEP-1H,1460,1063,1054,75,IS,XTRs\Primitives I\Helepolis HEP-1H.mtf
Kyudo,KY2-D-01,1850,748,748,45,IS,XTRs\Primitives I\Kyudo KY2-D-01.mtf
Mackie,MSK-5S,1972,1436,1436,100,IS,XTRs\Primitives I\Mackie MSK-5S.mtf
Shadow Hawk,SHD-1R,2898,851,851,50,IS,XTRs\Primitives I\Shadow Hawk SHD-1R.mtf
Archer,ARC-1A,3721,1269,1269,70,IS,XTRs\Primitives V\Archer ARC-1A.mtf
Orion,ON1-C,4755,973,973,75,IS,XTRs\Primitives V\Orion ON1-C.mtf
Orion,ON1-H,7405,1307,1313,75,IS,XTRs\Primitives V\Orion ON1-H.mtf
Phoenix,PX-1R,2488,917,917,50,IS,XTRs\Primitives V\Phoenix PX-1R.mtf
Trooper,TP-1R,7407,236,237,20,IS,XTRs\Primitives V\Trooper TP-1R.mtf
Wolverine,WVR-1R,7406,885,885,55,IS,XTRs\Primitives V\Wolverine WVR-1R.mtf
Wolverine,WVR-3R,7408,867,867,55,IS,XTRs\Primitives V\Wolverine WVR-3R.mtf
Ymir,BWP-X1 'Bipedal Weapons Platform',3623,1194,1194,90,IS,XTRs\Primitives V\Ymir BWP-X1.mtf
'Battle Tripod',R/H3L-2X,,,1885,60,Mixed,XTRs\RISC\'Battle Tripod' R_H3L-2X.mtf
'Harvester Tripod',R/H3L-3X,,,1389,90,Mixed,XTRs\RISC\'Harvester Tripod' R_H3L-3X.mtf
'Scout Tripod',R/H3L-1X,,,1246,30,Mixed,XTRs\RISC\'Scout Tripod' R_H3L-1X.mtf
BattleAxe,BKX-RISC,,,1660,70,Mixed,XTRs\RISC\BattleAxe BKX-RISC.mtf
Emperor,EMP-6X,964,1969,3004,90,Mixed,XTRs\RISC\Emperor EMP-6X.mtf
Excalibur,EXC-B2-RISC,,,2023,70,Mixed,XTRs\RISC\Excalibur EXC-B2-RISC.mtf
Helios,HEL-6RISC,,,1763,60,Mixed,XTRs\RISC\Helios HEL-6RISC.mtf
Icarus II,ICR-2X,,,2138,40,IS,XTRs\RISC\Icarus II ICR-2X.mtf
Legionnaire,LGN-2K-RISC,,,2511,50,IS,XTRs\RISC\Legionnaire LGN-2K-RISC.mtf
Mad Cat Mk IV PR,RISC,,,2768,75,Mixed,XTRs\RISC\Mad Cat Mk IV PR RISC.mtf
Malice,MAL-Y-SH-RISC,,,3177,105,Mixed,XTRs\RISC\Malice MAL-Y-SH-RISC.mtf
Templar,TLR1-ORISC,,,2857,85,IS,XTRs\RISC\Templar TLR1-ORISC.mtf
Wendigo-XP,(Prime),,,1631,50,Mixed,XTRs\RISC\Wendigo-XP (Prime).mtf
Goshawk II,RISC,7376,1886,1591,45,Mixed,XTRs\Republic III\Goshawk II RISC.mtf
Lament,LMT-2D,7383,2044,2002,65,IS,XTRs\Republic III\Lament LMT-2D.mtf
Lich,UABM-2R,7385,1719,1804,90,Mixed,XTRs\Republic III\Lich UABM-2R.mtf
Osprey,OSP-36,7377,1532,1255,55,IS,XTRs\Republic III\Osprey OSP-36.mtf
Parash,3,7375,1753,1352,35,Mixed,XTRs\Republic III\Parash 3.mtf
Ryoken III-XP,A,7379,3777,2531,55,Mixed,XTRs\Republic III\Ryoken III-XP A.mtf
Ryoken III-XP,B,7380,3613,2603,55,Mixed,XTRs\Republic III\Ryoken III-XP B.mtf
Ryoken III-XP,C,7381,4387,2257,55,Mixed,XTRs\Republic III\Ryoken III-XP C.mtf
Ryoken III-XP,D,7382,2483,1649,55,Mixed,XTRs\Republic III\Ryoken III-XP D.mtf
Ryoken III-XP,Prime,7378,3013,1079,55,Mixed,XTRs\Republic III\Ryoken III-XP Prime.mtf
Triskelion,TRK-4V,7384,2837,2334,75,Mixed,XTRs\Republic III\Triskelion TRK-4V.mtf
Awesome,AWS-11R,7349,1878,1517,80,IS,XTRs\Republic II\Awesome AWS-11R.mtf
Blade,BLD-XR,7345,1101,1105,35,IS,XTRs\Republic II\Blade BLD-XR.mtf
Hatamoto-Ku,HTM-27W2,7350,1699,1683,80,IS,XTRs\Republic II\Hatamoto-Ku HTM-27W2.mtf
Hornet,HNT-181,7396,398,393,20,IS,XTRs\Republic II\Hornet HNT-181.mtf
Hornet,HNT-182,7343,505,525,20,IS,XTRs\Republic II\Hornet HNT-182.mtf
Hunchback,HBK-7S,7346,1628,1607,50,IS,XTRs\Republic II\Hunchback HBK-7S.mtf
Orca,OC-1X,7356,3357,2925,200,IS,XTRs\Republic II\Orca OC-1X.mtf
Penthesilea,PEN-3H,7347,1666,1490,75,IS,XTRs\Republic II\Penthesilea PEN-3H.mtf
Prefect,PRF-1C,7348,1857,1857,75,IS,XTRs\Republic II\Prefect PRF-1C.mtf
UrbanMech,UM-R93,7344,894,893,30,IS,XTRs\Republic II\UrbanMech UM-R93.mtf
Beowulf IIC,PR,7294,1992,1454,45,Mixed,XTRs\Republic I\Beowulf IIC PR.mtf
Roadrunner,RD-1R,7292,888,984,15,Clan,XTRs\Republic I\Emerald Harrier (Roadrunner) RD-1R.mtf
Enforcer III,ENF-7D,7296,1495,1476,50,IS,XTRs\Republic I\Enforcer III ENF-7D.mtf
Hatchetman,HCT-7R,7295,1521,1323,45,IS,XTRs\Republic I\Hatchetman HCT-7R.mtf
Valiant,VLT-3E,7293,1019,1019,30,IS,XTRs\Republic I\Valiant VLT-3E.mtf
Centurion,CN9-H,3922,848,848,50,IS,XTRs\RetroTech\Centurion CN9-H.mtf
HawkWolf,HWK-3F,4273,1349,1304,80,IS,XTRs\RetroTech\HawkWolf HWK-3F.mtf
Pathfinder,PFF-2,4790,452,452,25,IS,XTRs\RetroTech\Pathfinder PFF-2.mtf
Pathfinder,PFF-2T,4791,,359,25,IS,XTRs\RetroTech\Pathfinder PFF-2T.mtf
Patron,PTN-2 MilitiaMech,4794,143,292,15,IS,XTRs\RetroTech\Patron PTN-2 MilitiaMech.mtf
Rook,NH-1X 'Rook-X',4935,1187,1117,55,IS,XTRs\RetroTech\Rook-X NH-1B.mtf
Agrotera,AGT-UA 'Ariel',8365,2199,1614,50,Mixed,XTRs\Royal Fantasy\Agrotera AGT-UA _Ariel_.mtf
Buccaneer,BCN-6PX 'Pan',8379,1490,936,55,Mixed,XTRs\Royal Fantasy\Buccaneer BCN-6PX _Pan_.mtf
Calliope,CAL-1MAFSW 'Snow White',8368,1668,1412,40,Mixed,XTRs\Royal Fantasy\Calliope CAL-1MAFSW _Snow White_.mtf
Celerity,CLR-03OMM 'Rajah',8366,278,393,15,Mixed,XTRs\Royal Fantasy\Celerity CLR-03OMM _Rajah_.mtf
Clint IIC,2L 'Leia',8369,1497,1145,40,Mixed,XTRs\Royal Fantasy\Clint IIC 2L _Leia_.mtf
Ghost,GST-10A 'Aurora',8373,1371,1312,50,Mixed,XTRs\Royal Fantasy\Ghost GST-10A _Aurora_.mtf
Gunsmith,CH11-NGC 'Cinderella',8367,1519,635,25,Mixed,XTRs\Royal Fantasy\Gunsmith CH11-NGC _Cinderella_.mtf
Hitotsume Kozo,HKZ-1FM 'Mulan',8380,1772,1540,55,IS,XTRs\Royal Fantasy\Hitotsume Kozo HKZ-1FM _Mulan_.mtf
Hunchback,HBK-LGN-Pin 'Anastasia',8374,1307,1289,50,Mixed,XTRs\Royal Fantasy\Hunchback HBK-LGN-Pin _Anastasia_.mtf
Hunchback,HBK-LGN-Pin 'Drizella',8375,1544,1492,50,Mixed,XTRs\Royal Fantasy\Hunchback HBK-LGN-Pin _Drizella_.mtf
Phoenix Hawk,PXH-7KJ 'Jasmine',8372,1513,1411,45,IS,XTRs\Royal Fantasy\Phoenix Hawk PXH-7KJ _Jasmine_.mtf
Tessen,TSN-X4R 'Rapunzel',8377,1474,1396,50,Mixed,XTRs\Royal Fantasy\Tessen TSN-X4R _Rapunzel_.mtf
Trebuchet,TBT-7MM 'Merida',8378,2028,1083,50,Mixed,XTRs\Royal Fantasy\Trebuchet TBT-7MM _Merida_.mtf
Vulcan,VT-5ML 'Aladdin',8370,947,926,40,IS,XTRs\Royal Fantasy\Vulcan VT-5ML _Aladdin_.mtf
Vulpes,VLP-1DX 'Beast',8382,1223,1001,60,Mixed,XTRs\Royal Fantasy\Vulpes VLP-1DX _Beast_.mtf
Watchman,WTC-4MB 'Belle',8371,1234,1013,40,Mixed,XTRs\Royal Fantasy\Watchman WTC-4MB 'Belle'.mtf
Wraith,TR2-P 'Pocahontas',8381,2051,2006,55,Mixed,XTRs\Royal Fantasy\Wraith TR2-P _Pocahontas_.mtf
Axman,AXM-6X,3772,2132,2168,65,Mixed,XTRs\Steiner\Axman AXM-6X.mtf
Banshee,BNC-11X,3784,2030,1549,95,Mixed,XTRs\Steiner\Banshee BNC-11X.mtf
Barghest,BGS-4X,3791,1667,1054,70,IS,XTRs\Steiner\Barghest BGS-4X.mtf
Slagmaiden,SLG-X,5078,1602,1282,55,Mixed,XTRs\Steiner\Slagmaiden SLG-X.mtf
Stealth,STH-5X,5130,2240,2004,45,Mixed,XTRs\Steiner\Stealth STH-5X.mtf
Stiletto,STO-6X,5134,1199,1171,35,IS,XTRs\Steiner\Stiletto STO-6X.mtf
Cataphract,CTF-0X,5795,1258,1212,70,IS,XTRs\Succession Wars\Cataphract CTF-0X.mtf
Flea,FLE-14,5769,270,390,15,IS,XTRs\Succession Wars\Flea FLE-14.mtf
Kiso,K-3N-KRHQ CommandMech,5773,940,1059,100,IS,XTRs\Succession Wars\Kiso K-3N-KRHQ CommandMech.mtf
Marauder,MAD-4X,5768,1453,1022,75,IS,XTRs\Succession Wars\Marauder MAD-4X.mtf
Super-Griffin,GRF-2N-X,5771,1310,1256,60,IS,XTRs\Succession Wars\Super Griffin GRF-2N-X.mtf
Super-Wasp,WSP-2A-X,5770,635,635,25,IS,XTRs\Succession Wars\Super Wasp WSP-2A-X.mtf
Zeus,ZEU-6Y,5772,1323,1075,80,IS,XTRs\Succession Wars\Zeus ZEU-6Y.mtf
